ISO-10303-21;
HEADER;
FILE_DESCRIPTION(('Creo Elements/Direct Modeling STEP Export'),'2;1');
FILE_NAME('TF29-13S-0.4SH(STP).stp','2017-11-07T10:20:53',(''),(''),
'Creo Elements/Direct Modeling STEP processor for AP214 (Solid Model)',
'Creo Elements/Direct Modeling 18.0  28-May-2011 (C) Parametric Technolo
gy GmbH','');
FILE_SCHEMA(('AUTOMOTIVE_DESIGN { 1 0 10303 214 1 1 1 1 }'));
ENDSEC;
DATA;
#10=CARTESIAN_POINT('',(49.18,49.865,15.74));
#20=DIRECTION('',(-0.,1.,-0.));
#30=DIRECTION('',(1.,-0.,0.));
#40=AXIS2_PLACEMENT_3D('',#10,#20,#30);
#50=PLANE('',#40);
#60=CARTESIAN_POINT('',(48.71,49.865,15.74));
#70=DIRECTION('',(0.,0.,-1.));
#80=VECTOR('',#70,1.);
#90=LINE('',#60,#80);
#100=CARTESIAN_POINT('',(48.71,49.865,15.74));
#110=VERTEX_POINT('',#100);
#120=CARTESIAN_POINT('',(48.71,49.865,15.5));
#130=VERTEX_POINT('',#120);
#140=EDGE_CURVE('',#110,#130,#90,.T.);
#150=ORIENTED_EDGE('',*,*,#140,.F.);
#160=CARTESIAN_POINT('',(48.9839995839305,49.865,15.5));
#170=DIRECTION('',(-1.,0.,0.));
#180=VECTOR('',#170,1.);
#190=LINE('',#160,#180);
#200=CARTESIAN_POINT('',(48.9839995839305,49.865,15.5));
#210=VERTEX_POINT('',#200);
#220=EDGE_CURVE('',#210,#130,#190,.T.);
#230=ORIENTED_EDGE('',*,*,#220,.T.);
#240=CARTESIAN_POINT('',(48.9839995839305,49.865,15.5));
#250=DIRECTION('',(1.,0.,0.));
#260=VECTOR('',#250,1.);
#270=LINE('',#240,#260);
#280=CARTESIAN_POINT('',(49.18,49.865,15.5));
#290=VERTEX_POINT('',#280);
#300=EDGE_CURVE('',#210,#290,#270,.T.);
#310=ORIENTED_EDGE('',*,*,#300,.F.);
#320=CARTESIAN_POINT('',(49.18,49.865,15.5));
#330=DIRECTION('',(0.,0.,1.));
#340=VECTOR('',#330,1.);
#350=LINE('',#320,#340);
#360=CARTESIAN_POINT('',(49.18,49.865,15.74));
#370=VERTEX_POINT('',#360);
#380=EDGE_CURVE('',#290,#370,#350,.T.);
#390=ORIENTED_EDGE('',*,*,#380,.F.);
#400=CARTESIAN_POINT('',(48.71,49.865,15.74));
#410=DIRECTION('',(1.,0.,0.));
#420=VECTOR('',#410,1.);
#430=LINE('',#400,#420);
#440=EDGE_CURVE('',#110,#370,#430,.T.);
#450=ORIENTED_EDGE('',*,*,#440,.T.);
#460=EDGE_LOOP('',(#450,#390,#310,#230,#150));
#470=FACE_OUTER_BOUND('',#460,.T.);
#480=ADVANCED_FACE('',(#470),#50,.T.);
#490=CARTESIAN_POINT('',(48.945,49.915,15.765));
#500=DIRECTION('',(-0.,-0.447213595499957,0.894427190999917));
#510=DIRECTION('',(0.,0.894427190999917,0.447213595499957));
#520=AXIS2_PLACEMENT_3D('',#490,#500,#510);
#530=PLANE('',#520);
#540=ORIENTED_EDGE('',*,*,#440,.F.);
#550=CARTESIAN_POINT('',(49.18,49.865,15.74));
#560=DIRECTION('',(0.66666666666664,0.666666666666693,0.333333333333333)
);
#570=VECTOR('',#560,1.);
#580=LINE('',#550,#570);
#590=CARTESIAN_POINT('',(49.27,49.955,15.785));
#600=VERTEX_POINT('',#590);
#610=EDGE_CURVE('',#370,#600,#580,.T.);
#620=ORIENTED_EDGE('',*,*,#610,.F.);
#630=CARTESIAN_POINT('',(49.27,49.955,15.785));
#640=DIRECTION('',(-1.,0.,0.));
#650=VECTOR('',#640,1.);
#660=LINE('',#630,#650);
#670=CARTESIAN_POINT('',(48.62,49.955,15.785));
#680=VERTEX_POINT('',#670);
#690=EDGE_CURVE('',#600,#680,#660,.T.);
#700=ORIENTED_EDGE('',*,*,#690,.F.);
#710=CARTESIAN_POINT('',(48.62,49.955,15.785));
#720=DIRECTION('',(0.66666666666664,-0.666666666666693,
-0.333333333333333));
#730=VECTOR('',#720,1.);
#740=LINE('',#710,#730);
#750=EDGE_CURVE('',#680,#110,#740,.T.);
#760=ORIENTED_EDGE('',*,*,#750,.F.);
#770=EDGE_LOOP('',(#760,#700,#620,#540));
#780=FACE_OUTER_BOUND('',#770,.T.);
#790=ADVANCED_FACE('',(#780),#530,.F.);
#800=CARTESIAN_POINT('',(48.71,49.865,15.5));
#810=DIRECTION('',(-0.707106781186548,-0.707106781186547,-0.));
#820=DIRECTION('',(0.707106781186547,-0.707106781186548,0.));
#830=AXIS2_PLACEMENT_3D('',#800,#810,#820);
#840=PLANE('',#830);
#850=ORIENTED_EDGE('',*,*,#140,.T.);
#860=ORIENTED_EDGE('',*,*,#750,.T.);
#870=CARTESIAN_POINT('',(48.62,49.955,15.785));
#880=DIRECTION('',(0.,0.,-1.));
#890=VECTOR('',#880,1.);
#900=LINE('',#870,#890);
#910=CARTESIAN_POINT('',(48.62,49.955,15.54));
#920=VERTEX_POINT('',#910);
#930=EDGE_CURVE('',#680,#920,#900,.T.);
#940=ORIENTED_EDGE('',*,*,#930,.F.);
#950=CARTESIAN_POINT('',(48.6599999999999,49.9150000000001,15.5));
#960=DIRECTION('',(-0.577350269189617,0.577350269189617,
0.577350269189643));
#970=VECTOR('',#960,1.);
#980=LINE('',#950,#970);
#990=CARTESIAN_POINT('',(48.66,49.915,15.5));
#1000=VERTEX_POINT('',#990);
#1010=EDGE_CURVE('',#1000,#920,#980,.T.);
#1020=ORIENTED_EDGE('',*,*,#1010,.T.);
#1030=CARTESIAN_POINT('',(48.66,49.915,15.5));
#1040=DIRECTION('',(0.707106781186547,-0.707106781186547,0.));
#1050=VECTOR('',#1040,1.);
#1060=LINE('',#1030,#1050);
#1070=EDGE_CURVE('',#1000,#130,#1060,.T.);
#1080=ORIENTED_EDGE('',*,*,#1070,.F.);
#1090=EDGE_LOOP('',(#1080,#1020,#940,#860,#850));
#1100=FACE_OUTER_BOUND('',#1090,.T.);
#1110=ADVANCED_FACE('',(#1100),#840,.F.);
#1120=CARTESIAN_POINT('',(48.1449995839305,48.915,15.5));
#1130=DIRECTION('',(-0.,-0.,1.));
#1140=DIRECTION('',(1.,0.,-0.));
#1150=AXIS2_PLACEMENT_3D('',#1120,#1130,#1140);
#1160=PLANE('',#1150);
#1170=CARTESIAN_POINT('',(47.41,49.645,15.5));
#1180=DIRECTION('',(-1.,0.,0.));
#1190=VECTOR('',#1180,1.);
#1200=LINE('',#1170,#1190);
#1210=CARTESIAN_POINT('',(47.41,49.645,15.5));
#1220=VERTEX_POINT('',#1210);
#1230=CARTESIAN_POINT('',(47.2399995839305,49.645,15.5));
#1240=VERTEX_POINT('',#1230);
#1250=EDGE_CURVE('',#1220,#1240,#1200,.T.);
#1260=ORIENTED_EDGE('',*,*,#1250,.F.);
#1270=CARTESIAN_POINT('',(47.1099995839305,49.825,15.5));
#1280=DIRECTION('',(0.585490553844346,-0.81067922839989,0.));
#1290=VECTOR('',#1280,1.);
#1300=LINE('',#1270,#1290);
#1310=CARTESIAN_POINT('',(47.1099995839305,49.825,15.5));
#1320=VERTEX_POINT('',#1310);
#1330=EDGE_CURVE('',#1320,#1240,#1300,.T.);
#1340=ORIENTED_EDGE('',*,*,#1330,.T.);
#1350=CARTESIAN_POINT('',(47.1099995839305,49.825,15.5));
#1360=DIRECTION('',(0.,1.,0.));
#1370=VECTOR('',#1360,1.);
#1380=LINE('',#1350,#1370);
#1390=CARTESIAN_POINT('',(47.1099995839305,49.955,15.5));
#1400=VERTEX_POINT('',#1390);
#1410=EDGE_CURVE('',#1320,#1400,#1380,.T.);
#1420=ORIENTED_EDGE('',*,*,#1410,.F.);
#1430=CARTESIAN_POINT('',(48.5433329172643,49.955,15.5));
#1440=DIRECTION('',(-1.,0.,0.));
#1450=VECTOR('',#1440,1.);
#1460=LINE('',#1430,#1450);
#1470=CARTESIAN_POINT('',(48.5433329172638,49.955,15.5));
#1480=VERTEX_POINT('',#1470);
#1490=EDGE_CURVE('',#1480,#1400,#1460,.T.);
#1500=ORIENTED_EDGE('',*,*,#1490,.T.);
#1510=CARTESIAN_POINT('',(48.589999583931,49.935,15.5));
#1520=DIRECTION('',(-0.919145030018087,0.3939192985791,0.));
#1530=VECTOR('',#1520,1.);
#1540=LINE('',#1510,#1530);
#1550=CARTESIAN_POINT('',(48.5899995839305,49.935,15.5));
#1560=VERTEX_POINT('',#1550);
#1570=EDGE_CURVE('',#1560,#1480,#1540,.T.);
#1580=ORIENTED_EDGE('',*,*,#1570,.T.);
#1590=CARTESIAN_POINT('',(48.5899995839305,49.935,15.5));
#1600=DIRECTION('',(1.,0.,0.));
#1610=VECTOR('',#1600,1.);
#1620=LINE('',#1590,#1610);
#1630=CARTESIAN_POINT('',(48.9599995839305,49.935,15.5));
#1640=VERTEX_POINT('',#1630);
#1650=EDGE_CURVE('',#1560,#1640,#1620,.T.);
#1660=ORIENTED_EDGE('',*,*,#1650,.F.);
#1670=CARTESIAN_POINT('',(48.9839995839305,49.865,15.5));
#1680=DIRECTION('',(-0.324324324324334,0.945945945945943,0.));
#1690=VECTOR('',#1680,1.);
#1700=LINE('',#1670,#1690);
#1710=EDGE_CURVE('',#210,#1640,#1700,.T.);
#1720=ORIENTED_EDGE('',*,*,#1710,.T.);
#1730=ORIENTED_EDGE('',*,*,#220,.F.);
#1740=ORIENTED_EDGE('',*,*,#1070,.T.);
#1750=CARTESIAN_POINT('',(48.66,49.915,15.5));
#1760=DIRECTION('',(-1.,0.,0.));
#1770=VECTOR('',#1760,1.);
#1780=LINE('',#1750,#1770);
#1790=CARTESIAN_POINT('',(47.41,49.915,15.5));
#1800=VERTEX_POINT('',#1790);
#1810=EDGE_CURVE('',#1000,#1800,#1780,.T.);
#1820=ORIENTED_EDGE('',*,*,#1810,.F.);
#1830=CARTESIAN_POINT('',(47.41,49.9150000000001,15.5));
#1840=DIRECTION('',(0.,-1.,0.));
#1850=VECTOR('',#1840,1.);
#1860=LINE('',#1830,#1850);
#1870=EDGE_CURVE('',#1800,#1220,#1860,.T.);
#1880=ORIENTED_EDGE('',*,*,#1870,.F.);
#1890=EDGE_LOOP('',(#1880,#1820,#1740,#1730,#1720,#1660,#1580,#1500,
#1420,#1340,#1260));
#1900=FACE_OUTER_BOUND('',#1890,.T.);
#1910=ADVANCED_FACE('',(#1900),#1160,.T.);
#1920=CARTESIAN_POINT('',(47.41,49.445,15.35375));
#1930=DIRECTION('',(-1.,-3.41607084500048E-16,-0.));
#1940=DIRECTION('',(0.,0.,1.));
#1950=AXIS2_PLACEMENT_3D('',#1920,#1930,#1940);
#1960=PLANE('',#1950);
#1970=ORIENTED_EDGE('',*,*,#1870,.T.);
#1980=CARTESIAN_POINT('',(47.41,49.955,15.5399999999999));
#1990=DIRECTION('',(0.,-0.707106781186547,-0.707106781186547));
#2000=VECTOR('',#1990,1.);
#2010=LINE('',#1980,#2000);
#2020=CARTESIAN_POINT('',(47.41,49.955,15.54));
#2030=VERTEX_POINT('',#2020);
#2040=EDGE_CURVE('',#2030,#1800,#2010,.T.);
#2050=ORIENTED_EDGE('',*,*,#2040,.T.);
#2060=CARTESIAN_POINT('',(47.41,49.955,15.54));
#2070=DIRECTION('',(0.,0.,1.));
#2080=VECTOR('',#2070,1.);
#2090=LINE('',#2060,#2080);
#2100=CARTESIAN_POINT('',(47.41,49.955,15.85));
#2110=VERTEX_POINT('',#2100);
#2120=EDGE_CURVE('',#2030,#2110,#2090,.T.);
#2130=ORIENTED_EDGE('',*,*,#2120,.F.);
#2140=CARTESIAN_POINT('',(47.41,49.955,15.85));
#2150=DIRECTION('',(0.,-1.,0.));
#2160=VECTOR('',#2150,1.);
#2170=LINE('',#2140,#2160);
#2180=CARTESIAN_POINT('',(47.41,49.545,15.85));
#2190=VERTEX_POINT('',#2180);
#2200=EDGE_CURVE('',#2110,#2190,#2170,.T.);
#2210=ORIENTED_EDGE('',*,*,#2200,.F.);
#2220=CARTESIAN_POINT('',(47.41,49.545,15.85));
#2230=DIRECTION('',(0.,0.,-1.));
#2240=VECTOR('',#2230,1.);
#2250=LINE('',#2220,#2240);
#2260=CARTESIAN_POINT('',(47.41,49.545,15.55));
#2270=VERTEX_POINT('',#2260);
#2280=EDGE_CURVE('',#2190,#2270,#2250,.T.);
#2290=ORIENTED_EDGE('',*,*,#2280,.F.);
#2300=CARTESIAN_POINT('',(47.41,49.545,15.55));
#2310=DIRECTION('',(0.,-1.,0.));
#2320=VECTOR('',#2310,1.);
#2330=LINE('',#2300,#2320);
#2340=CARTESIAN_POINT('',(47.41,49.235,15.55));
#2350=VERTEX_POINT('',#2340);
#2360=EDGE_CURVE('',#2270,#2350,#2330,.T.);
#2370=ORIENTED_EDGE('',*,*,#2360,.F.);
#2380=CARTESIAN_POINT('',(47.41,49.235,15.285));
#2390=DIRECTION('',(0.,0.,1.));
#2400=VECTOR('',#2390,1.);
#2410=LINE('',#2380,#2400);
#2420=CARTESIAN_POINT('',(47.41,49.235,15.285));
#2430=VERTEX_POINT('',#2420);
#2440=EDGE_CURVE('',#2430,#2350,#2410,.T.);
#2450=ORIENTED_EDGE('',*,*,#2440,.T.);
#2460=CARTESIAN_POINT('',(47.41,49.215,15.265));
#2470=DIRECTION('',(0.,0.70710678118661,0.707106781186485));
#2480=VECTOR('',#2470,1.);
#2490=LINE('',#2460,#2480);
#2500=CARTESIAN_POINT('',(47.41,49.215,15.265));
#2510=VERTEX_POINT('',#2500);
#2520=EDGE_CURVE('',#2510,#2430,#2490,.T.);
#2530=ORIENTED_EDGE('',*,*,#2520,.T.);
#2540=CARTESIAN_POINT('',(47.41,49.215,15.265));
#2550=DIRECTION('',(0.,0.,-1.));
#2560=VECTOR('',#2550,1.);
#2570=LINE('',#2540,#2560);
#2580=CARTESIAN_POINT('',(47.41,49.215,15.1375));
#2590=VERTEX_POINT('',#2580);
#2600=EDGE_CURVE('',#2510,#2590,#2570,.T.);
#2610=ORIENTED_EDGE('',*,*,#2600,.F.);
#2620=CARTESIAN_POINT('',(47.41,49.215,15.1375));
#2630=DIRECTION('',(-1.65242496688396E-14,1.,0.));
#2640=VECTOR('',#2630,1.);
#2650=LINE('',#2620,#2640);
#2660=CARTESIAN_POINT('',(47.41,49.645,15.1375));
#2670=VERTEX_POINT('',#2660);
#2680=EDGE_CURVE('',#2590,#2670,#2650,.T.);
#2690=ORIENTED_EDGE('',*,*,#2680,.F.);
#2700=CARTESIAN_POINT('',(47.41,49.645,15.5));
#2710=DIRECTION('',(0.,0.,-1.));
#2720=VECTOR('',#2710,1.);
#2730=LINE('',#2700,#2720);
#2740=EDGE_CURVE('',#1220,#2670,#2730,.T.);
#2750=ORIENTED_EDGE('',*,*,#2740,.T.);
#2760=EDGE_LOOP('',(#2750,#2690,#2610,#2530,#2450,#2370,#2290,#2210,
#2130,#2050,#1970));
#2770=FACE_OUTER_BOUND('',#2760,.T.);
#2780=ADVANCED_FACE('',(#2770),#1960,.T.);
#2790=CARTESIAN_POINT('',(47.3399995839305,49.645,12.1));
#2800=DIRECTION('',(-0.,1.,-0.));
#2810=DIRECTION('',(-1.,-0.,0.));
#2820=AXIS2_PLACEMENT_3D('',#2790,#2800,#2810);
#2830=PLANE('',#2820);
#2840=CARTESIAN_POINT('',(47.41,49.645,11.2625));
#2850=DIRECTION('',(0.,0.,-1.));
#2860=VECTOR('',#2850,1.);
#2870=LINE('',#2840,#2860);
#2880=CARTESIAN_POINT('',(47.41,49.645,11.2625));
#2890=VERTEX_POINT('',#2880);
#2900=CARTESIAN_POINT('',(47.41,49.645,11.1375));
#2910=VERTEX_POINT('',#2900);
#2920=EDGE_CURVE('',#2890,#2910,#2870,.T.);
#2930=ORIENTED_EDGE('',*,*,#2920,.F.);
#2940=CARTESIAN_POINT('',(47.46,49.645,11.0875));
#2950=DIRECTION('',(-0.707106781186547,0.,0.707106781186547));
#2960=VECTOR('',#2950,1.);
#2970=LINE('',#2940,#2960);
#2980=CARTESIAN_POINT('',(47.46,49.645,11.0875));
#2990=VERTEX_POINT('',#2980);
#3000=EDGE_CURVE('',#2990,#2910,#2970,.T.);
#3010=ORIENTED_EDGE('',*,*,#3000,.T.);
#3020=CARTESIAN_POINT('',(47.46,49.645,11.075));
#3030=DIRECTION('',(0.,0.,1.));
#3040=VECTOR('',#3030,1.);
#3050=LINE('',#3020,#3040);
#3060=CARTESIAN_POINT('',(47.46,49.645,11.075));
#3070=VERTEX_POINT('',#3060);
#3080=EDGE_CURVE('',#3070,#2990,#3050,.T.);
#3090=ORIENTED_EDGE('',*,*,#3080,.T.);
#3100=CARTESIAN_POINT('',(47.36,49.645,11.075));
#3110=DIRECTION('',(1.,0.,0.));
#3120=VECTOR('',#3110,1.);
#3130=LINE('',#3100,#3120);
#3140=CARTESIAN_POINT('',(47.36,49.645,11.075));
#3150=VERTEX_POINT('',#3140);
#3160=EDGE_CURVE('',#3150,#3070,#3130,.T.);
#3170=ORIENTED_EDGE('',*,*,#3160,.T.);
#3180=CARTESIAN_POINT('',(47.36,49.645,11.075));
#3190=DIRECTION('',(0.,0.,-1.));
#3200=VECTOR('',#3190,1.);
#3210=LINE('',#3180,#3200);
#3220=CARTESIAN_POINT('',(47.36,49.645,10.925));
#3230=VERTEX_POINT('',#3220);
#3240=EDGE_CURVE('',#3150,#3230,#3210,.T.);
#3250=ORIENTED_EDGE('',*,*,#3240,.F.);
#3260=CARTESIAN_POINT('',(47.36,49.645,10.925));
#3270=DIRECTION('',(1.,0.,0.));
#3280=VECTOR('',#3270,1.);
#3290=LINE('',#3260,#3280);
#3300=CARTESIAN_POINT('',(47.46,49.645,10.925));
#3310=VERTEX_POINT('',#3300);
#3320=EDGE_CURVE('',#3230,#3310,#3290,.T.);
#3330=ORIENTED_EDGE('',*,*,#3320,.F.);
#3340=CARTESIAN_POINT('',(47.46,49.645,10.9125));
#3350=DIRECTION('',(0.,0.,1.));
#3360=VECTOR('',#3350,1.);
#3370=LINE('',#3340,#3360);
#3380=CARTESIAN_POINT('',(47.46,49.645,10.9125));
#3390=VERTEX_POINT('',#3380);
#3400=EDGE_CURVE('',#3390,#3310,#3370,.T.);
#3410=ORIENTED_EDGE('',*,*,#3400,.T.);
#3420=CARTESIAN_POINT('',(47.41,49.645,10.8625));
#3430=DIRECTION('',(0.707106781186547,0.,0.707106781186547));
#3440=VECTOR('',#3430,1.);
#3450=LINE('',#3420,#3440);
#3460=CARTESIAN_POINT('',(47.41,49.645,10.8625));
#3470=VERTEX_POINT('',#3460);
#3480=EDGE_CURVE('',#3470,#3390,#3450,.T.);
#3490=ORIENTED_EDGE('',*,*,#3480,.T.);
#3500=CARTESIAN_POINT('',(47.41,49.645,10.7375));
#3510=DIRECTION('',(0.,0.,1.));
#3520=VECTOR('',#3510,1.);
#3530=LINE('',#3500,#3520);
#3540=CARTESIAN_POINT('',(47.41,49.645,10.7375));
#3550=VERTEX_POINT('',#3540);
#3560=EDGE_CURVE('',#3550,#3470,#3530,.T.);
#3570=ORIENTED_EDGE('',*,*,#3560,.T.);
#3580=CARTESIAN_POINT('',(47.46,49.645,10.6875));
#3590=DIRECTION('',(-0.70710678118656,0.,0.707106781186535));
#3600=VECTOR('',#3590,1.);
#3610=LINE('',#3580,#3600);
#3620=CARTESIAN_POINT('',(47.46,49.645,10.6875));
#3630=VERTEX_POINT('',#3620);
#3640=EDGE_CURVE('',#3630,#3550,#3610,.T.);
#3650=ORIENTED_EDGE('',*,*,#3640,.T.);
#3660=CARTESIAN_POINT('',(47.46,49.645,10.675));
#3670=DIRECTION('',(0.,0.,1.));
#3680=VECTOR('',#3670,1.);
#3690=LINE('',#3660,#3680);
#3700=CARTESIAN_POINT('',(47.46,49.645,10.675));
#3710=VERTEX_POINT('',#3700);
#3720=EDGE_CURVE('',#3710,#3630,#3690,.T.);
#3730=ORIENTED_EDGE('',*,*,#3720,.T.);
#3740=CARTESIAN_POINT('',(47.36,49.645,10.675));
#3750=DIRECTION('',(1.,0.,0.));
#3760=VECTOR('',#3750,1.);
#3770=LINE('',#3740,#3760);
#3780=CARTESIAN_POINT('',(47.36,49.645,10.675));
#3790=VERTEX_POINT('',#3780);
#3800=EDGE_CURVE('',#3790,#3710,#3770,.T.);
#3810=ORIENTED_EDGE('',*,*,#3800,.T.);
#3820=CARTESIAN_POINT('',(47.36,49.645,10.675));
#3830=DIRECTION('',(0.,0.,-1.));
#3840=VECTOR('',#3830,1.);
#3850=LINE('',#3820,#3840);
#3860=CARTESIAN_POINT('',(47.36,49.645,10.525));
#3870=VERTEX_POINT('',#3860);
#3880=EDGE_CURVE('',#3790,#3870,#3850,.T.);
#3890=ORIENTED_EDGE('',*,*,#3880,.F.);
#3900=CARTESIAN_POINT('',(47.36,49.645,10.525));
#3910=DIRECTION('',(1.,0.,0.));
#3920=VECTOR('',#3910,1.);
#3930=LINE('',#3900,#3920);
#3940=CARTESIAN_POINT('',(47.46,49.645,10.525));
#3950=VERTEX_POINT('',#3940);
#3960=EDGE_CURVE('',#3870,#3950,#3930,.T.);
#3970=ORIENTED_EDGE('',*,*,#3960,.F.);
#3980=CARTESIAN_POINT('',(47.46,49.645,10.5125));
#3990=DIRECTION('',(0.,0.,1.));
#4000=VECTOR('',#3990,1.);
#4010=LINE('',#3980,#4000);
#4020=CARTESIAN_POINT('',(47.46,49.645,10.5125));
#4030=VERTEX_POINT('',#4020);
#4040=EDGE_CURVE('',#4030,#3950,#4010,.T.);
#4050=ORIENTED_EDGE('',*,*,#4040,.T.);
#4060=CARTESIAN_POINT('',(47.41,49.645,10.4625));
#4070=DIRECTION('',(0.707106781186547,0.,0.707106781186547));
#4080=VECTOR('',#4070,1.);
#4090=LINE('',#4060,#4080);
#4100=CARTESIAN_POINT('',(47.41,49.645,10.4625));
#4110=VERTEX_POINT('',#4100);
#4120=EDGE_CURVE('',#4110,#4030,#4090,.T.);
#4130=ORIENTED_EDGE('',*,*,#4120,.T.);
#4140=CARTESIAN_POINT('',(47.41,49.645,10.3375));
#4150=DIRECTION('',(0.,0.,1.));
#4160=VECTOR('',#4150,1.);
#4170=LINE('',#4140,#4160);
#4180=CARTESIAN_POINT('',(47.41,49.645,10.3375));
#4190=VERTEX_POINT('',#4180);
#4200=EDGE_CURVE('',#4190,#4110,#4170,.T.);
#4210=ORIENTED_EDGE('',*,*,#4200,.T.);
#4220=CARTESIAN_POINT('',(47.46,49.645,10.2875));
#4230=DIRECTION('',(-0.707106781186573,0.,0.707106781186522));
#4240=VECTOR('',#4230,1.);
#4250=LINE('',#4220,#4240);
#4260=CARTESIAN_POINT('',(47.46,49.645,10.2875));
#4270=VERTEX_POINT('',#4260);
#4280=EDGE_CURVE('',#4270,#4190,#4250,.T.);
#4290=ORIENTED_EDGE('',*,*,#4280,.T.);
#4300=CARTESIAN_POINT('',(47.46,49.645,10.275));
#4310=DIRECTION('',(0.,0.,1.));
#4320=VECTOR('',#4310,1.);
#4330=LINE('',#4300,#4320);
#4340=CARTESIAN_POINT('',(47.46,49.645,10.275));
#4350=VERTEX_POINT('',#4340);
#4360=EDGE_CURVE('',#4350,#4270,#4330,.T.);
#4370=ORIENTED_EDGE('',*,*,#4360,.T.);
#4380=CARTESIAN_POINT('',(47.36,49.645,10.275));
#4390=DIRECTION('',(1.,0.,0.));
#4400=VECTOR('',#4390,1.);
#4410=LINE('',#4380,#4400);
#4420=CARTESIAN_POINT('',(47.36,49.645,10.275));
#4430=VERTEX_POINT('',#4420);
#4440=EDGE_CURVE('',#4430,#4350,#4410,.T.);
#4450=ORIENTED_EDGE('',*,*,#4440,.T.);
#4460=CARTESIAN_POINT('',(47.36,49.645,10.275));
#4470=DIRECTION('',(0.,0.,-1.));
#4480=VECTOR('',#4470,1.);
#4490=LINE('',#4460,#4480);
#4500=CARTESIAN_POINT('',(47.36,49.645,10.125));
#4510=VERTEX_POINT('',#4500);
#4520=EDGE_CURVE('',#4430,#4510,#4490,.T.);
#4530=ORIENTED_EDGE('',*,*,#4520,.F.);
#4540=CARTESIAN_POINT('',(47.36,49.645,10.125));
#4550=DIRECTION('',(1.,0.,0.));
#4560=VECTOR('',#4550,1.);
#4570=LINE('',#4540,#4560);
#4580=CARTESIAN_POINT('',(47.46,49.645,10.125));
#4590=VERTEX_POINT('',#4580);
#4600=EDGE_CURVE('',#4510,#4590,#4570,.T.);
#4610=ORIENTED_EDGE('',*,*,#4600,.F.);
#4620=CARTESIAN_POINT('',(47.46,49.645,10.1125));
#4630=DIRECTION('',(0.,0.,1.));
#4640=VECTOR('',#4630,1.);
#4650=LINE('',#4620,#4640);
#4660=CARTESIAN_POINT('',(47.46,49.645,10.1125));
#4670=VERTEX_POINT('',#4660);
#4680=EDGE_CURVE('',#4670,#4590,#4650,.T.);
#4690=ORIENTED_EDGE('',*,*,#4680,.T.);
#4700=CARTESIAN_POINT('',(47.41,49.645,10.0625));
#4710=DIRECTION('',(0.707106781186535,0.,0.70710678118656));
#4720=VECTOR('',#4710,1.);
#4730=LINE('',#4700,#4720);
#4740=CARTESIAN_POINT('',(47.41,49.645,10.0625));
#4750=VERTEX_POINT('',#4740);
#4760=EDGE_CURVE('',#4750,#4670,#4730,.T.);
#4770=ORIENTED_EDGE('',*,*,#4760,.T.);
#4780=CARTESIAN_POINT('',(47.41,49.645,9.69999999999998));
#4790=DIRECTION('',(0.,0.,1.));
#4800=VECTOR('',#4790,1.);
#4810=LINE('',#4780,#4800);
#4820=CARTESIAN_POINT('',(47.41,49.645,9.69999999999998));
#4830=VERTEX_POINT('',#4820);
#4840=EDGE_CURVE('',#4830,#4750,#4810,.T.);
#4850=ORIENTED_EDGE('',*,*,#4840,.T.);
#4860=CARTESIAN_POINT('',(47.41,49.645,9.69999999999998));
#4870=DIRECTION('',(-1.,0.,0.));
#4880=VECTOR('',#4870,1.);
#4890=LINE('',#4860,#4880);
#4900=CARTESIAN_POINT('',(47.2399995839305,49.645,9.69999999999998));
#4910=VERTEX_POINT('',#4900);
#4920=EDGE_CURVE('',#4830,#4910,#4890,.T.);
#4930=ORIENTED_EDGE('',*,*,#4920,.F.);
#4940=CARTESIAN_POINT('',(47.2399995839305,49.645,9.69999999999998));
#4950=DIRECTION('',(0.,0.,1.));
#4960=VECTOR('',#4950,1.);
#4970=LINE('',#4940,#4960);
#4980=EDGE_CURVE('',#4910,#1240,#4970,.T.);
#4990=ORIENTED_EDGE('',*,*,#4980,.F.);
#5000=ORIENTED_EDGE('',*,*,#1250,.T.);
#5010=ORIENTED_EDGE('',*,*,#2740,.F.);
#5020=CARTESIAN_POINT('',(47.46,49.645,15.0875));
#5030=DIRECTION('',(-0.707106781186547,0.,0.707106781186547));
#5040=VECTOR('',#5030,1.);
#5050=LINE('',#5020,#5040);
#5060=CARTESIAN_POINT('',(47.46,49.645,15.0875));
#5070=VERTEX_POINT('',#5060);
#5080=EDGE_CURVE('',#5070,#2670,#5050,.T.);
#5090=ORIENTED_EDGE('',*,*,#5080,.T.);
#5100=CARTESIAN_POINT('',(47.46,49.645,15.0875));
#5110=DIRECTION('',(0.,0.,-1.));
#5120=VECTOR('',#5110,1.);
#5130=LINE('',#5100,#5120);
#5140=CARTESIAN_POINT('',(47.46,49.645,15.075));
#5150=VERTEX_POINT('',#5140);
#5160=EDGE_CURVE('',#5070,#5150,#5130,.T.);
#5170=ORIENTED_EDGE('',*,*,#5160,.F.);
#5180=CARTESIAN_POINT('',(47.36,49.645,15.075));
#5190=DIRECTION('',(1.,0.,0.));
#5200=VECTOR('',#5190,1.);
#5210=LINE('',#5180,#5200);
#5220=CARTESIAN_POINT('',(47.36,49.645,15.075));
#5230=VERTEX_POINT('',#5220);
#5240=EDGE_CURVE('',#5230,#5150,#5210,.T.);
#5250=ORIENTED_EDGE('',*,*,#5240,.T.);
#5260=CARTESIAN_POINT('',(47.36,49.645,14.925));
#5270=DIRECTION('',(0.,0.,1.));
#5280=VECTOR('',#5270,1.);
#5290=LINE('',#5260,#5280);
#5300=CARTESIAN_POINT('',(47.36,49.645,14.925));
#5310=VERTEX_POINT('',#5300);
#5320=EDGE_CURVE('',#5310,#5230,#5290,.T.);
#5330=ORIENTED_EDGE('',*,*,#5320,.T.);
#5340=CARTESIAN_POINT('',(47.36,49.645,14.925));
#5350=DIRECTION('',(1.,0.,0.));
#5360=VECTOR('',#5350,1.);
#5370=LINE('',#5340,#5360);
#5380=CARTESIAN_POINT('',(47.46,49.645,14.925));
#5390=VERTEX_POINT('',#5380);
#5400=EDGE_CURVE('',#5310,#5390,#5370,.T.);
#5410=ORIENTED_EDGE('',*,*,#5400,.F.);
#5420=CARTESIAN_POINT('',(47.46,49.645,14.925));
#5430=DIRECTION('',(0.,0.,-1.));
#5440=VECTOR('',#5430,1.);
#5450=LINE('',#5420,#5440);
#5460=CARTESIAN_POINT('',(47.46,49.645,14.9125));
#5470=VERTEX_POINT('',#5460);
#5480=EDGE_CURVE('',#5390,#5470,#5450,.T.);
#5490=ORIENTED_EDGE('',*,*,#5480,.F.);
#5500=CARTESIAN_POINT('',(47.41,49.645,14.8625));
#5510=DIRECTION('',(0.707106781186547,0.,0.707106781186547));
#5520=VECTOR('',#5510,1.);
#5530=LINE('',#5500,#5520);
#5540=CARTESIAN_POINT('',(47.41,49.645,14.8625));
#5550=VERTEX_POINT('',#5540);
#5560=EDGE_CURVE('',#5550,#5470,#5530,.T.);
#5570=ORIENTED_EDGE('',*,*,#5560,.T.);
#5580=CARTESIAN_POINT('',(47.41,49.645,14.8625));
#5590=DIRECTION('',(0.,0.,-1.));
#5600=VECTOR('',#5590,1.);
#5610=LINE('',#5580,#5600);
#5620=CARTESIAN_POINT('',(47.41,49.645,14.7375));
#5630=VERTEX_POINT('',#5620);
#5640=EDGE_CURVE('',#5550,#5630,#5610,.T.);
#5650=ORIENTED_EDGE('',*,*,#5640,.F.);
#5660=CARTESIAN_POINT('',(47.46,49.645,14.6875));
#5670=DIRECTION('',(-0.707106781186535,0.,0.70710678118656));
#5680=VECTOR('',#5670,1.);
#5690=LINE('',#5660,#5680);
#5700=CARTESIAN_POINT('',(47.46,49.645,14.6875));
#5710=VERTEX_POINT('',#5700);
#5720=EDGE_CURVE('',#5710,#5630,#5690,.T.);
#5730=ORIENTED_EDGE('',*,*,#5720,.T.);
#5740=CARTESIAN_POINT('',(47.46,49.645,14.6875));
#5750=DIRECTION('',(0.,0.,-1.));
#5760=VECTOR('',#5750,1.);
#5770=LINE('',#5740,#5760);
#5780=CARTESIAN_POINT('',(47.46,49.645,14.675));
#5790=VERTEX_POINT('',#5780);
#5800=EDGE_CURVE('',#5710,#5790,#5770,.T.);
#5810=ORIENTED_EDGE('',*,*,#5800,.F.);
#5820=CARTESIAN_POINT('',(47.36,49.645,14.675));
#5830=DIRECTION('',(1.,0.,0.));
#5840=VECTOR('',#5830,1.);
#5850=LINE('',#5820,#5840);
#5860=CARTESIAN_POINT('',(47.36,49.645,14.675));
#5870=VERTEX_POINT('',#5860);
#5880=EDGE_CURVE('',#5870,#5790,#5850,.T.);
#5890=ORIENTED_EDGE('',*,*,#5880,.T.);
#5900=CARTESIAN_POINT('',(47.36,49.645,14.525));
#5910=DIRECTION('',(0.,0.,1.));
#5920=VECTOR('',#5910,1.);
#5930=LINE('',#5900,#5920);
#5940=CARTESIAN_POINT('',(47.36,49.645,14.525));
#5950=VERTEX_POINT('',#5940);
#5960=EDGE_CURVE('',#5950,#5870,#5930,.T.);
#5970=ORIENTED_EDGE('',*,*,#5960,.T.);
#5980=CARTESIAN_POINT('',(47.36,49.645,14.525));
#5990=DIRECTION('',(1.,0.,0.));
#6000=VECTOR('',#5990,1.);
#6010=LINE('',#5980,#6000);
#6020=CARTESIAN_POINT('',(47.46,49.645,14.525));
#6030=VERTEX_POINT('',#6020);
#6040=EDGE_CURVE('',#5950,#6030,#6010,.T.);
#6050=ORIENTED_EDGE('',*,*,#6040,.F.);
#6060=CARTESIAN_POINT('',(47.46,49.645,14.525));
#6070=DIRECTION('',(0.,0.,-1.));
#6080=VECTOR('',#6070,1.);
#6090=LINE('',#6060,#6080);
#6100=CARTESIAN_POINT('',(47.46,49.645,14.5125));
#6110=VERTEX_POINT('',#6100);
#6120=EDGE_CURVE('',#6030,#6110,#6090,.T.);
#6130=ORIENTED_EDGE('',*,*,#6120,.F.);
#6140=CARTESIAN_POINT('',(47.41,49.645,14.4625));
#6150=DIRECTION('',(0.707106781186547,0.,0.707106781186547));
#6160=VECTOR('',#6150,1.);
#6170=LINE('',#6140,#6160);
#6180=CARTESIAN_POINT('',(47.41,49.645,14.4625));
#6190=VERTEX_POINT('',#6180);
#6200=EDGE_CURVE('',#6190,#6110,#6170,.T.);
#6210=ORIENTED_EDGE('',*,*,#6200,.T.);
#6220=CARTESIAN_POINT('',(47.41,49.645,14.4625));
#6230=DIRECTION('',(0.,0.,-1.));
#6240=VECTOR('',#6230,1.);
#6250=LINE('',#6220,#6240);
#6260=CARTESIAN_POINT('',(47.41,49.645,14.3375));
#6270=VERTEX_POINT('',#6260);
#6280=EDGE_CURVE('',#6190,#6270,#6250,.T.);
#6290=ORIENTED_EDGE('',*,*,#6280,.F.);
#6300=CARTESIAN_POINT('',(47.46,49.645,14.2875));
#6310=DIRECTION('',(-0.70710678118651,0.,0.707106781186585));
#6320=VECTOR('',#6310,1.);
#6330=LINE('',#6300,#6320);
#6340=CARTESIAN_POINT('',(47.46,49.645,14.2875));
#6350=VERTEX_POINT('',#6340);
#6360=EDGE_CURVE('',#6350,#6270,#6330,.T.);
#6370=ORIENTED_EDGE('',*,*,#6360,.T.);
#6380=CARTESIAN_POINT('',(47.46,49.645,14.2875));
#6390=DIRECTION('',(0.,0.,-1.));
#6400=VECTOR('',#6390,1.);
#6410=LINE('',#6380,#6400);
#6420=CARTESIAN_POINT('',(47.46,49.645,14.275));
#6430=VERTEX_POINT('',#6420);
#6440=EDGE_CURVE('',#6350,#6430,#6410,.T.);
#6450=ORIENTED_EDGE('',*,*,#6440,.F.);
#6460=CARTESIAN_POINT('',(47.36,49.645,14.275));
#6470=DIRECTION('',(1.,0.,0.));
#6480=VECTOR('',#6470,1.);
#6490=LINE('',#6460,#6480);
#6500=CARTESIAN_POINT('',(47.36,49.645,14.275));
#6510=VERTEX_POINT('',#6500);
#6520=EDGE_CURVE('',#6510,#6430,#6490,.T.);
#6530=ORIENTED_EDGE('',*,*,#6520,.T.);
#6540=CARTESIAN_POINT('',(47.36,49.645,14.125));
#6550=DIRECTION('',(0.,0.,1.));
#6560=VECTOR('',#6550,1.);
#6570=LINE('',#6540,#6560);
#6580=CARTESIAN_POINT('',(47.36,49.645,14.125));
#6590=VERTEX_POINT('',#6580);
#6600=EDGE_CURVE('',#6590,#6510,#6570,.T.);
#6610=ORIENTED_EDGE('',*,*,#6600,.T.);
#6620=CARTESIAN_POINT('',(47.36,49.645,14.125));
#6630=DIRECTION('',(1.,0.,0.));
#6640=VECTOR('',#6630,1.);
#6650=LINE('',#6620,#6640);
#6660=CARTESIAN_POINT('',(47.46,49.645,14.125));
#6670=VERTEX_POINT('',#6660);
#6680=EDGE_CURVE('',#6590,#6670,#6650,.T.);
#6690=ORIENTED_EDGE('',*,*,#6680,.F.);
#6700=CARTESIAN_POINT('',(47.46,49.645,14.125));
#6710=DIRECTION('',(0.,0.,-1.));
#6720=VECTOR('',#6710,1.);
#6730=LINE('',#6700,#6720);
#6740=CARTESIAN_POINT('',(47.46,49.645,14.1125));
#6750=VERTEX_POINT('',#6740);
#6760=EDGE_CURVE('',#6670,#6750,#6730,.T.);
#6770=ORIENTED_EDGE('',*,*,#6760,.F.);
#6780=CARTESIAN_POINT('',(47.41,49.645,14.0625));
#6790=DIRECTION('',(0.707106781186535,0.,0.70710678118656));
#6800=VECTOR('',#6790,1.);
#6810=LINE('',#6780,#6800);
#6820=CARTESIAN_POINT('',(47.41,49.645,14.0625));
#6830=VERTEX_POINT('',#6820);
#6840=EDGE_CURVE('',#6830,#6750,#6810,.T.);
#6850=ORIENTED_EDGE('',*,*,#6840,.T.);
#6860=CARTESIAN_POINT('',(47.41,49.645,13.9375));
#6870=DIRECTION('',(0.,0.,1.));
#6880=VECTOR('',#6870,1.);
#6890=LINE('',#6860,#6880);
#6900=CARTESIAN_POINT('',(47.41,49.645,13.9375));
#6910=VERTEX_POINT('',#6900);
#6920=EDGE_CURVE('',#6910,#6830,#6890,.T.);
#6930=ORIENTED_EDGE('',*,*,#6920,.T.);
#6940=CARTESIAN_POINT('',(47.46,49.645,13.8875));
#6950=DIRECTION('',(-0.707106781186535,0.,0.70710678118656));
#6960=VECTOR('',#6950,1.);
#6970=LINE('',#6940,#6960);
#6980=CARTESIAN_POINT('',(47.46,49.645,13.8875));
#6990=VERTEX_POINT('',#6980);
#7000=EDGE_CURVE('',#6990,#6910,#6970,.T.);
#7010=ORIENTED_EDGE('',*,*,#7000,.T.);
#7020=CARTESIAN_POINT('',(47.46,49.645,13.8875));
#7030=DIRECTION('',(0.,0.,-1.));
#7040=VECTOR('',#7030,1.);
#7050=LINE('',#7020,#7040);
#7060=CARTESIAN_POINT('',(47.46,49.645,13.875));
#7070=VERTEX_POINT('',#7060);
#7080=EDGE_CURVE('',#6990,#7070,#7050,.T.);
#7090=ORIENTED_EDGE('',*,*,#7080,.F.);
#7100=CARTESIAN_POINT('',(47.36,49.645,13.875));
#7110=DIRECTION('',(1.,0.,0.));
#7120=VECTOR('',#7110,1.);
#7130=LINE('',#7100,#7120);
#7140=CARTESIAN_POINT('',(47.36,49.645,13.875));
#7150=VERTEX_POINT('',#7140);
#7160=EDGE_CURVE('',#7150,#7070,#7130,.T.);
#7170=ORIENTED_EDGE('',*,*,#7160,.T.);
#7180=CARTESIAN_POINT('',(47.36,49.645,13.725));
#7190=DIRECTION('',(0.,0.,1.));
#7200=VECTOR('',#7190,1.);
#7210=LINE('',#7180,#7200);
#7220=CARTESIAN_POINT('',(47.36,49.645,13.725));
#7230=VERTEX_POINT('',#7220);
#7240=EDGE_CURVE('',#7230,#7150,#7210,.T.);
#7250=ORIENTED_EDGE('',*,*,#7240,.T.);
#7260=CARTESIAN_POINT('',(47.36,49.645,13.725));
#7270=DIRECTION('',(1.,0.,0.));
#7280=VECTOR('',#7270,1.);
#7290=LINE('',#7260,#7280);
#7300=CARTESIAN_POINT('',(47.46,49.645,13.725));
#7310=VERTEX_POINT('',#7300);
#7320=EDGE_CURVE('',#7230,#7310,#7290,.T.);
#7330=ORIENTED_EDGE('',*,*,#7320,.F.);
#7340=CARTESIAN_POINT('',(47.46,49.645,13.725));
#7350=DIRECTION('',(0.,0.,-1.));
#7360=VECTOR('',#7350,1.);
#7370=LINE('',#7340,#7360);
#7380=CARTESIAN_POINT('',(47.46,49.645,13.7125));
#7390=VERTEX_POINT('',#7380);
#7400=EDGE_CURVE('',#7310,#7390,#7370,.T.);
#7410=ORIENTED_EDGE('',*,*,#7400,.F.);
#7420=CARTESIAN_POINT('',(47.41,49.645,13.6625));
#7430=DIRECTION('',(0.70710678118651,0.,0.707106781186585));
#7440=VECTOR('',#7430,1.);
#7450=LINE('',#7420,#7440);
#7460=CARTESIAN_POINT('',(47.41,49.645,13.6625));
#7470=VERTEX_POINT('',#7460);
#7480=EDGE_CURVE('',#7470,#7390,#7450,.T.);
#7490=ORIENTED_EDGE('',*,*,#7480,.T.);
#7500=CARTESIAN_POINT('',(47.41,49.645,13.5375));
#7510=DIRECTION('',(0.,0.,1.));
#7520=VECTOR('',#7510,1.);
#7530=LINE('',#7500,#7520);
#7540=CARTESIAN_POINT('',(47.41,49.645,13.5375));
#7550=VERTEX_POINT('',#7540);
#7560=EDGE_CURVE('',#7550,#7470,#7530,.T.);
#7570=ORIENTED_EDGE('',*,*,#7560,.T.);
#7580=CARTESIAN_POINT('',(47.46,49.645,13.4875));
#7590=DIRECTION('',(-0.707106781186547,0.,0.707106781186547));
#7600=VECTOR('',#7590,1.);
#7610=LINE('',#7580,#7600);
#7620=CARTESIAN_POINT('',(47.46,49.645,13.4875));
#7630=VERTEX_POINT('',#7620);
#7640=EDGE_CURVE('',#7630,#7550,#7610,.T.);
#7650=ORIENTED_EDGE('',*,*,#7640,.T.);
#7660=CARTESIAN_POINT('',(47.46,49.645,13.4875));
#7670=DIRECTION('',(0.,0.,-1.));
#7680=VECTOR('',#7670,1.);
#7690=LINE('',#7660,#7680);
#7700=CARTESIAN_POINT('',(47.46,49.645,13.475));
#7710=VERTEX_POINT('',#7700);
#7720=EDGE_CURVE('',#7630,#7710,#7690,.T.);
#7730=ORIENTED_EDGE('',*,*,#7720,.F.);
#7740=CARTESIAN_POINT('',(47.36,49.645,13.475));
#7750=DIRECTION('',(1.,0.,0.));
#7760=VECTOR('',#7750,1.);
#7770=LINE('',#7740,#7760);
#7780=CARTESIAN_POINT('',(47.36,49.645,13.475));
#7790=VERTEX_POINT('',#7780);
#7800=EDGE_CURVE('',#7790,#7710,#7770,.T.);
#7810=ORIENTED_EDGE('',*,*,#7800,.T.);
#7820=CARTESIAN_POINT('',(47.36,49.645,13.325));
#7830=DIRECTION('',(0.,0.,1.));
#7840=VECTOR('',#7830,1.);
#7850=LINE('',#7820,#7840);
#7860=CARTESIAN_POINT('',(47.36,49.645,13.325));
#7870=VERTEX_POINT('',#7860);
#7880=EDGE_CURVE('',#7870,#7790,#7850,.T.);
#7890=ORIENTED_EDGE('',*,*,#7880,.T.);
#7900=CARTESIAN_POINT('',(47.36,49.645,13.325));
#7910=DIRECTION('',(1.,0.,0.));
#7920=VECTOR('',#7910,1.);
#7930=LINE('',#7900,#7920);
#7940=CARTESIAN_POINT('',(47.46,49.645,13.325));
#7950=VERTEX_POINT('',#7940);
#7960=EDGE_CURVE('',#7870,#7950,#7930,.T.);
#7970=ORIENTED_EDGE('',*,*,#7960,.F.);
#7980=CARTESIAN_POINT('',(47.46,49.645,13.325));
#7990=DIRECTION('',(0.,0.,-1.));
#8000=VECTOR('',#7990,1.);
#8010=LINE('',#7980,#8000);
#8020=CARTESIAN_POINT('',(47.46,49.645,13.3125));
#8030=VERTEX_POINT('',#8020);
#8040=EDGE_CURVE('',#7950,#8030,#8010,.T.);
#8050=ORIENTED_EDGE('',*,*,#8040,.F.);
#8060=CARTESIAN_POINT('',(47.41,49.645,13.2625));
#8070=DIRECTION('',(0.707106781186535,0.,0.70710678118656));
#8080=VECTOR('',#8070,1.);
#8090=LINE('',#8060,#8080);
#8100=CARTESIAN_POINT('',(47.41,49.645,13.2625));
#8110=VERTEX_POINT('',#8100);
#8120=EDGE_CURVE('',#8110,#8030,#8090,.T.);
#8130=ORIENTED_EDGE('',*,*,#8120,.T.);
#8140=CARTESIAN_POINT('',(47.41,49.645,13.2625));
#8150=DIRECTION('',(0.,0.,-1.));
#8160=VECTOR('',#8150,1.);
#8170=LINE('',#8140,#8160);
#8180=CARTESIAN_POINT('',(47.41,49.645,13.1375));
#8190=VERTEX_POINT('',#8180);
#8200=EDGE_CURVE('',#8110,#8190,#8170,.T.);
#8210=ORIENTED_EDGE('',*,*,#8200,.F.);
#8220=CARTESIAN_POINT('',(47.46,49.645,13.0875));
#8230=DIRECTION('',(-0.707106781186547,0.,0.707106781186547));
#8240=VECTOR('',#8230,1.);
#8250=LINE('',#8220,#8240);
#8260=CARTESIAN_POINT('',(47.46,49.645,13.0875));
#8270=VERTEX_POINT('',#8260);
#8280=EDGE_CURVE('',#8270,#8190,#8250,.T.);
#8290=ORIENTED_EDGE('',*,*,#8280,.T.);
#8300=CARTESIAN_POINT('',(47.46,49.645,13.0875));
#8310=DIRECTION('',(0.,0.,-1.));
#8320=VECTOR('',#8310,1.);
#8330=LINE('',#8300,#8320);
#8340=CARTESIAN_POINT('',(47.46,49.645,13.075));
#8350=VERTEX_POINT('',#8340);
#8360=EDGE_CURVE('',#8270,#8350,#8330,.T.);
#8370=ORIENTED_EDGE('',*,*,#8360,.F.);
#8380=CARTESIAN_POINT('',(47.36,49.645,13.075));
#8390=DIRECTION('',(1.,0.,0.));
#8400=VECTOR('',#8390,1.);
#8410=LINE('',#8380,#8400);
#8420=CARTESIAN_POINT('',(47.36,49.645,13.075));
#8430=VERTEX_POINT('',#8420);
#8440=EDGE_CURVE('',#8430,#8350,#8410,.T.);
#8450=ORIENTED_EDGE('',*,*,#8440,.T.);
#8460=CARTESIAN_POINT('',(47.36,49.645,12.925));
#8470=DIRECTION('',(0.,0.,1.));
#8480=VECTOR('',#8470,1.);
#8490=LINE('',#8460,#8480);
#8500=CARTESIAN_POINT('',(47.36,49.645,12.925));
#8510=VERTEX_POINT('',#8500);
#8520=EDGE_CURVE('',#8510,#8430,#8490,.T.);
#8530=ORIENTED_EDGE('',*,*,#8520,.T.);
#8540=CARTESIAN_POINT('',(47.36,49.645,12.925));
#8550=DIRECTION('',(1.,0.,0.));
#8560=VECTOR('',#8550,1.);
#8570=LINE('',#8540,#8560);
#8580=CARTESIAN_POINT('',(47.46,49.645,12.925));
#8590=VERTEX_POINT('',#8580);
#8600=EDGE_CURVE('',#8510,#8590,#8570,.T.);
#8610=ORIENTED_EDGE('',*,*,#8600,.F.);
#8620=CARTESIAN_POINT('',(47.46,49.645,12.925));
#8630=DIRECTION('',(0.,0.,-1.));
#8640=VECTOR('',#8630,1.);
#8650=LINE('',#8620,#8640);
#8660=CARTESIAN_POINT('',(47.46,49.645,12.9125));
#8670=VERTEX_POINT('',#8660);
#8680=EDGE_CURVE('',#8590,#8670,#8650,.T.);
#8690=ORIENTED_EDGE('',*,*,#8680,.F.);
#8700=CARTESIAN_POINT('',(47.41,49.645,12.8625));
#8710=DIRECTION('',(0.707106781186547,0.,0.707106781186547));
#8720=VECTOR('',#8710,1.);
#8730=LINE('',#8700,#8720);
#8740=CARTESIAN_POINT('',(47.41,49.645,12.8625));
#8750=VERTEX_POINT('',#8740);
#8760=EDGE_CURVE('',#8750,#8670,#8730,.T.);
#8770=ORIENTED_EDGE('',*,*,#8760,.T.);
#8780=CARTESIAN_POINT('',(47.41,49.645,12.8625));
#8790=DIRECTION('',(0.,0.,-1.));
#8800=VECTOR('',#8790,1.);
#8810=LINE('',#8780,#8800);
#8820=CARTESIAN_POINT('',(47.41,49.645,12.7375));
#8830=VERTEX_POINT('',#8820);
#8840=EDGE_CURVE('',#8750,#8830,#8810,.T.);
#8850=ORIENTED_EDGE('',*,*,#8840,.F.);
#8860=CARTESIAN_POINT('',(47.46,49.645,12.6875));
#8870=DIRECTION('',(-0.70710678118651,0.,0.707106781186585));
#8880=VECTOR('',#8870,1.);
#8890=LINE('',#8860,#8880);
#8900=CARTESIAN_POINT('',(47.46,49.645,12.6875));
#8910=VERTEX_POINT('',#8900);
#8920=EDGE_CURVE('',#8910,#8830,#8890,.T.);
#8930=ORIENTED_EDGE('',*,*,#8920,.T.);
#8940=CARTESIAN_POINT('',(47.46,49.645,12.6875));
#8950=DIRECTION('',(0.,0.,-1.));
#8960=VECTOR('',#8950,1.);
#8970=LINE('',#8940,#8960);
#8980=CARTESIAN_POINT('',(47.46,49.645,12.675));
#8990=VERTEX_POINT('',#8980);
#9000=EDGE_CURVE('',#8910,#8990,#8970,.T.);
#9010=ORIENTED_EDGE('',*,*,#9000,.F.);
#9020=CARTESIAN_POINT('',(47.46,49.645,12.675));
#9030=DIRECTION('',(-1.,0.,0.));
#9040=VECTOR('',#9030,1.);
#9050=LINE('',#9020,#9040);
#9060=CARTESIAN_POINT('',(47.36,49.645,12.675));
#9070=VERTEX_POINT('',#9060);
#9080=EDGE_CURVE('',#8990,#9070,#9050,.T.);
#9090=ORIENTED_EDGE('',*,*,#9080,.F.);
#9100=CARTESIAN_POINT('',(47.36,49.645,12.675));
#9110=DIRECTION('',(0.,0.,-1.));
#9120=VECTOR('',#9110,1.);
#9130=LINE('',#9100,#9120);
#9140=CARTESIAN_POINT('',(47.36,49.645,12.525));
#9150=VERTEX_POINT('',#9140);
#9160=EDGE_CURVE('',#9070,#9150,#9130,.T.);
#9170=ORIENTED_EDGE('',*,*,#9160,.F.);
#9180=CARTESIAN_POINT('',(47.46,49.645,12.525));
#9190=DIRECTION('',(-1.,0.,0.));
#9200=VECTOR('',#9190,1.);
#9210=LINE('',#9180,#9200);
#9220=CARTESIAN_POINT('',(47.46,49.645,12.525));
#9230=VERTEX_POINT('',#9220);
#9240=EDGE_CURVE('',#9230,#9150,#9210,.T.);
#9250=ORIENTED_EDGE('',*,*,#9240,.T.);
#9260=CARTESIAN_POINT('',(47.46,49.645,12.5125));
#9270=DIRECTION('',(0.,0.,1.));
#9280=VECTOR('',#9270,1.);
#9290=LINE('',#9260,#9280);
#9300=CARTESIAN_POINT('',(47.46,49.645,12.5125));
#9310=VERTEX_POINT('',#9300);
#9320=EDGE_CURVE('',#9310,#9230,#9290,.T.);
#9330=ORIENTED_EDGE('',*,*,#9320,.T.);
#9340=CARTESIAN_POINT('',(47.41,49.645,12.4625));
#9350=DIRECTION('',(0.707106781186547,0.,0.707106781186547));
#9360=VECTOR('',#9350,1.);
#9370=LINE('',#9340,#9360);
#9380=CARTESIAN_POINT('',(47.41,49.645,12.4625));
#9390=VERTEX_POINT('',#9380);
#9400=EDGE_CURVE('',#9390,#9310,#9370,.T.);
#9410=ORIENTED_EDGE('',*,*,#9400,.T.);
#9420=CARTESIAN_POINT('',(47.41,49.645,12.3375));
#9430=DIRECTION('',(0.,0.,1.));
#9440=VECTOR('',#9430,1.);
#9450=LINE('',#9420,#9440);
#9460=CARTESIAN_POINT('',(47.41,49.645,12.3375));
#9470=VERTEX_POINT('',#9460);
#9480=EDGE_CURVE('',#9470,#9390,#9450,.T.);
#9490=ORIENTED_EDGE('',*,*,#9480,.T.);
#9500=CARTESIAN_POINT('',(47.46,49.645,12.2875));
#9510=DIRECTION('',(-0.70710678118651,0.,0.707106781186585));
#9520=VECTOR('',#9510,1.);
#9530=LINE('',#9500,#9520);
#9540=CARTESIAN_POINT('',(47.46,49.645,12.2875));
#9550=VERTEX_POINT('',#9540);
#9560=EDGE_CURVE('',#9550,#9470,#9530,.T.);
#9570=ORIENTED_EDGE('',*,*,#9560,.T.);
#9580=CARTESIAN_POINT('',(47.46,49.645,12.275));
#9590=DIRECTION('',(0.,0.,1.));
#9600=VECTOR('',#9590,1.);
#9610=LINE('',#9580,#9600);
#9620=CARTESIAN_POINT('',(47.46,49.645,12.275));
#9630=VERTEX_POINT('',#9620);
#9640=EDGE_CURVE('',#9630,#9550,#9610,.T.);
#9650=ORIENTED_EDGE('',*,*,#9640,.T.);
#9660=CARTESIAN_POINT('',(47.36,49.645,12.275));
#9670=DIRECTION('',(1.,0.,0.));
#9680=VECTOR('',#9670,1.);
#9690=LINE('',#9660,#9680);
#9700=CARTESIAN_POINT('',(47.36,49.645,12.275));
#9710=VERTEX_POINT('',#9700);
#9720=EDGE_CURVE('',#9710,#9630,#9690,.T.);
#9730=ORIENTED_EDGE('',*,*,#9720,.T.);
#9740=CARTESIAN_POINT('',(47.36,49.645,12.275));
#9750=DIRECTION('',(0.,0.,-1.));
#9760=VECTOR('',#9750,1.);
#9770=LINE('',#9740,#9760);
#9780=CARTESIAN_POINT('',(47.36,49.645,12.125));
#9790=VERTEX_POINT('',#9780);
#9800=EDGE_CURVE('',#9710,#9790,#9770,.T.);
#9810=ORIENTED_EDGE('',*,*,#9800,.F.);
#9820=CARTESIAN_POINT('',(47.36,49.645,12.125));
#9830=DIRECTION('',(1.,0.,0.));
#9840=VECTOR('',#9830,1.);
#9850=LINE('',#9820,#9840);
#9860=CARTESIAN_POINT('',(47.46,49.645,12.125));
#9870=VERTEX_POINT('',#9860);
#9880=EDGE_CURVE('',#9790,#9870,#9850,.T.);
#9890=ORIENTED_EDGE('',*,*,#9880,.F.);
#9900=CARTESIAN_POINT('',(47.46,49.645,12.1125));
#9910=DIRECTION('',(0.,0.,1.));
#9920=VECTOR('',#9910,1.);
#9930=LINE('',#9900,#9920);
#9940=CARTESIAN_POINT('',(47.46,49.645,12.1125));
#9950=VERTEX_POINT('',#9940);
#9960=EDGE_CURVE('',#9950,#9870,#9930,.T.);
#9970=ORIENTED_EDGE('',*,*,#9960,.T.);
#9980=CARTESIAN_POINT('',(47.41,49.645,12.0625));
#9990=DIRECTION('',(0.707106781186535,0.,0.70710678118656));
#10000=VECTOR('',#9990,1.);
#10010=LINE('',#9980,#10000);
#10020=CARTESIAN_POINT('',(47.41,49.645,12.0625));
#10030=VERTEX_POINT('',#10020);
#10040=EDGE_CURVE('',#10030,#9950,#10010,.T.);
#10050=ORIENTED_EDGE('',*,*,#10040,.T.);
#10060=CARTESIAN_POINT('',(47.41,49.645,11.9375));
#10070=DIRECTION('',(0.,0.,1.));
#10080=VECTOR('',#10070,1.);
#10090=LINE('',#10060,#10080);
#10100=CARTESIAN_POINT('',(47.41,49.645,11.9375));
#10110=VERTEX_POINT('',#10100);
#10120=EDGE_CURVE('',#10110,#10030,#10090,.T.);
#10130=ORIENTED_EDGE('',*,*,#10120,.T.);
#10140=CARTESIAN_POINT('',(47.46,49.645,11.8875));
#10150=DIRECTION('',(-0.707106781186535,0.,0.70710678118656));
#10160=VECTOR('',#10150,1.);
#10170=LINE('',#10140,#10160);
#10180=CARTESIAN_POINT('',(47.46,49.645,11.8875));
#10190=VERTEX_POINT('',#10180);
#10200=EDGE_CURVE('',#10190,#10110,#10170,.T.);
#10210=ORIENTED_EDGE('',*,*,#10200,.T.);
#10220=CARTESIAN_POINT('',(47.46,49.645,11.875));
#10230=DIRECTION('',(0.,0.,1.));
#10240=VECTOR('',#10230,1.);
#10250=LINE('',#10220,#10240);
#10260=CARTESIAN_POINT('',(47.46,49.645,11.875));
#10270=VERTEX_POINT('',#10260);
#10280=EDGE_CURVE('',#10270,#10190,#10250,.T.);
#10290=ORIENTED_EDGE('',*,*,#10280,.T.);
#10300=CARTESIAN_POINT('',(47.36,49.645,11.875));
#10310=DIRECTION('',(1.,0.,0.));
#10320=VECTOR('',#10310,1.);
#10330=LINE('',#10300,#10320);
#10340=CARTESIAN_POINT('',(47.36,49.645,11.875));
#10350=VERTEX_POINT('',#10340);
#10360=EDGE_CURVE('',#10350,#10270,#10330,.T.);
#10370=ORIENTED_EDGE('',*,*,#10360,.T.);
#10380=CARTESIAN_POINT('',(47.36,49.645,11.875));
#10390=DIRECTION('',(0.,0.,-1.));
#10400=VECTOR('',#10390,1.);
#10410=LINE('',#10380,#10400);
#10420=CARTESIAN_POINT('',(47.36,49.645,11.725));
#10430=VERTEX_POINT('',#10420);
#10440=EDGE_CURVE('',#10350,#10430,#10410,.T.);
#10450=ORIENTED_EDGE('',*,*,#10440,.F.);
#10460=CARTESIAN_POINT('',(47.36,49.645,11.725));
#10470=DIRECTION('',(1.,0.,0.));
#10480=VECTOR('',#10470,1.);
#10490=LINE('',#10460,#10480);
#10500=CARTESIAN_POINT('',(47.46,49.645,11.725));
#10510=VERTEX_POINT('',#10500);
#10520=EDGE_CURVE('',#10430,#10510,#10490,.T.);
#10530=ORIENTED_EDGE('',*,*,#10520,.F.);
#10540=CARTESIAN_POINT('',(47.46,49.645,11.7125));
#10550=DIRECTION('',(0.,0.,1.));
#10560=VECTOR('',#10550,1.);
#10570=LINE('',#10540,#10560);
#10580=CARTESIAN_POINT('',(47.46,49.645,11.7125));
#10590=VERTEX_POINT('',#10580);
#10600=EDGE_CURVE('',#10590,#10510,#10570,.T.);
#10610=ORIENTED_EDGE('',*,*,#10600,.T.);
#10620=CARTESIAN_POINT('',(47.41,49.645,11.6625));
#10630=DIRECTION('',(0.70710678118651,0.,0.707106781186585));
#10640=VECTOR('',#10630,1.);
#10650=LINE('',#10620,#10640);
#10660=CARTESIAN_POINT('',(47.41,49.645,11.6625));
#10670=VERTEX_POINT('',#10660);
#10680=EDGE_CURVE('',#10670,#10590,#10650,.T.);
#10690=ORIENTED_EDGE('',*,*,#10680,.T.);
#10700=CARTESIAN_POINT('',(47.41,49.645,11.6625));
#10710=DIRECTION('',(0.,0.,-1.));
#10720=VECTOR('',#10710,1.);
#10730=LINE('',#10700,#10720);
#10740=CARTESIAN_POINT('',(47.41,49.645,11.5375));
#10750=VERTEX_POINT('',#10740);
#10760=EDGE_CURVE('',#10670,#10750,#10730,.T.);
#10770=ORIENTED_EDGE('',*,*,#10760,.F.);
#10780=CARTESIAN_POINT('',(47.46,49.645,11.4875));
#10790=DIRECTION('',(-0.707106781186547,0.,0.707106781186547));
#10800=VECTOR('',#10790,1.);
#10810=LINE('',#10780,#10800);
#10820=CARTESIAN_POINT('',(47.46,49.645,11.4875));
#10830=VERTEX_POINT('',#10820);
#10840=EDGE_CURVE('',#10830,#10750,#10810,.T.);
#10850=ORIENTED_EDGE('',*,*,#10840,.T.);
#10860=CARTESIAN_POINT('',(47.46,49.645,11.475));
#10870=DIRECTION('',(0.,0.,1.));
#10880=VECTOR('',#10870,1.);
#10890=LINE('',#10860,#10880);
#10900=CARTESIAN_POINT('',(47.46,49.645,11.475));
#10910=VERTEX_POINT('',#10900);
#10920=EDGE_CURVE('',#10910,#10830,#10890,.T.);
#10930=ORIENTED_EDGE('',*,*,#10920,.T.);
#10940=CARTESIAN_POINT('',(47.36,49.645,11.475));
#10950=DIRECTION('',(1.,0.,0.));
#10960=VECTOR('',#10950,1.);
#10970=LINE('',#10940,#10960);
#10980=CARTESIAN_POINT('',(47.36,49.645,11.475));
#10990=VERTEX_POINT('',#10980);
#11000=EDGE_CURVE('',#10990,#10910,#10970,.T.);
#11010=ORIENTED_EDGE('',*,*,#11000,.T.);
#11020=CARTESIAN_POINT('',(47.36,49.645,11.475));
#11030=DIRECTION('',(0.,0.,-1.));
#11040=VECTOR('',#11030,1.);
#11050=LINE('',#11020,#11040);
#11060=CARTESIAN_POINT('',(47.36,49.645,11.325));
#11070=VERTEX_POINT('',#11060);
#11080=EDGE_CURVE('',#10990,#11070,#11050,.T.);
#11090=ORIENTED_EDGE('',*,*,#11080,.F.);
#11100=CARTESIAN_POINT('',(47.36,49.645,11.325));
#11110=DIRECTION('',(1.,0.,0.));
#11120=VECTOR('',#11110,1.);
#11130=LINE('',#11100,#11120);
#11140=CARTESIAN_POINT('',(47.46,49.645,11.325));
#11150=VERTEX_POINT('',#11140);
#11160=EDGE_CURVE('',#11070,#11150,#11130,.T.);
#11170=ORIENTED_EDGE('',*,*,#11160,.F.);
#11180=CARTESIAN_POINT('',(47.46,49.645,11.3125));
#11190=DIRECTION('',(0.,0.,1.));
#11200=VECTOR('',#11190,1.);
#11210=LINE('',#11180,#11200);
#11220=CARTESIAN_POINT('',(47.46,49.645,11.3125));
#11230=VERTEX_POINT('',#11220);
#11240=EDGE_CURVE('',#11230,#11150,#11210,.T.);
#11250=ORIENTED_EDGE('',*,*,#11240,.T.);
#11260=CARTESIAN_POINT('',(47.41,49.645,11.2625));
#11270=DIRECTION('',(0.70710678118651,0.,0.707106781186585));
#11280=VECTOR('',#11270,1.);
#11290=LINE('',#11260,#11280);
#11300=EDGE_CURVE('',#2890,#11230,#11290,.T.);
#11310=ORIENTED_EDGE('',*,*,#11300,.T.);
#11320=EDGE_LOOP('',(#11310,#11250,#11170,#11090,#11010,#10930,#10850,
#10770,#10690,#10610,#10530,#10450,#10370,#10290,#10210,#10130,#10050,
#9970,#9890,#9810,#9730,#9650,#9570,#9490,#9410,#9330,#9250,#9170,#9090,
#9010,#8930,#8850,#8770,#8690,#8610,#8530,#8450,#8370,#8290,#8210,#8130,
#8050,#7970,#7890,#7810,#7730,#7650,#7570,#7490,#7410,#7330,#7250,#7170,
#7090,#7010,#6930,#6850,#6770,#6690,#6610,#6530,#6450,#6370,#6290,#6210,
#6130,#6050,#5970,#5890,#5810,#5730,#5650,#5570,#5490,#5410,#5330,#5250,
#5170,#5090,#5010,#5000,#4990,#4930,#4850,#4770,#4690,#4610,#4530,#4450,
#4370,#4290,#4210,#4130,#4050,#3970,#3890,#3810,#3730,#3650,#3570,#3490,
#3410,#3330,#3250,#3170,#3090,#3010,#2930));
#11330=FACE_OUTER_BOUND('',#11320,.T.);
#11340=ADVANCED_FACE('',(#11330),#2830,.F.);
#11350=CARTESIAN_POINT('',(47.435,49.43,11.2875));
#11360=DIRECTION('',(-0.707106781186546,-2.4155268595135E-16,
0.707106781186549));
#11370=DIRECTION('',(-0.707106781186549,-3.92523114670943E-16,
-0.707106781186546));
#11380=AXIS2_PLACEMENT_3D('',#11350,#11360,#11370);
#11390=PLANE('',#11380);
#11400=CARTESIAN_POINT('',(47.46,49.645,11.3125));
#11410=DIRECTION('',(0.,-1.,0.));
#11420=VECTOR('',#11410,1.);
#11430=LINE('',#11400,#11420);
#11440=CARTESIAN_POINT('',(47.46,49.215,11.3125));
#11450=VERTEX_POINT('',#11440);
#11460=EDGE_CURVE('',#11230,#11450,#11430,.T.);
#11470=ORIENTED_EDGE('',*,*,#11460,.F.);
#11480=CARTESIAN_POINT('',(47.46,49.215,11.3125));
#11490=DIRECTION('',(-0.70710678118651,0.,-0.707106781186585));
#11500=VECTOR('',#11490,1.);
#11510=LINE('',#11480,#11500);
#11520=CARTESIAN_POINT('',(47.41,49.215,11.2625));
#11530=VERTEX_POINT('',#11520);
#11540=EDGE_CURVE('',#11450,#11530,#11510,.T.);
#11550=ORIENTED_EDGE('',*,*,#11540,.F.);
#11560=CARTESIAN_POINT('',(47.41,49.215,11.2625));
#11570=DIRECTION('',(0.,1.,0.));
#11580=VECTOR('',#11570,1.);
#11590=LINE('',#11560,#11580);
#11600=EDGE_CURVE('',#11530,#2890,#11590,.T.);
#11610=ORIENTED_EDGE('',*,*,#11600,.F.);
#11620=ORIENTED_EDGE('',*,*,#11300,.F.);
#11630=EDGE_LOOP('',(#11620,#11610,#11550,#11470));
#11640=FACE_OUTER_BOUND('',#11630,.T.);
#11650=ADVANCED_FACE('',(#11640),#11390,.T.);
#11660=CARTESIAN_POINT('',(47.46,49.215,11.4875));
#11670=DIRECTION('',(1.,3.41607084500048E-16,-0.));
#11680=DIRECTION('',(-3.41607084500048E-16,1.,0.));
#11690=AXIS2_PLACEMENT_3D('',#11660,#11670,#11680);
#11700=PLANE('',#11690);
#11710=CARTESIAN_POINT('',(47.46,49.215,11.4875));
#11720=DIRECTION('',(0.,1.,0.));
#11730=VECTOR('',#11720,1.);
#11740=LINE('',#11710,#11730);
#11750=CARTESIAN_POINT('',(47.46,49.215,11.4875));
#11760=VERTEX_POINT('',#11750);
#11770=EDGE_CURVE('',#11760,#10830,#11740,.T.);
#11780=ORIENTED_EDGE('',*,*,#11770,.T.);
#11790=CARTESIAN_POINT('',(47.46,49.215,11.3125));
#11800=DIRECTION('',(0.,0.,1.));
#11810=VECTOR('',#11800,1.);
#11820=LINE('',#11790,#11810);
#11830=EDGE_CURVE('',#11450,#11760,#11820,.T.);
#11840=ORIENTED_EDGE('',*,*,#11830,.T.);
#11850=ORIENTED_EDGE('',*,*,#11460,.T.);
#11860=ORIENTED_EDGE('',*,*,#11240,.F.);
#11870=CARTESIAN_POINT('',(47.46,49.645,11.325));
#11880=DIRECTION('',(0.,-1.,0.));
#11890=VECTOR('',#11880,1.);
#11900=LINE('',#11870,#11890);
#11910=CARTESIAN_POINT('',(47.46,49.235,11.325));
#11920=VERTEX_POINT('',#11910);
#11930=EDGE_CURVE('',#11150,#11920,#11900,.T.);
#11940=ORIENTED_EDGE('',*,*,#11930,.F.);
#11950=CARTESIAN_POINT('',(47.46,49.235,11.475));
#11960=DIRECTION('',(0.,0.,-1.));
#11970=VECTOR('',#11960,1.);
#11980=LINE('',#11950,#11970);
#11990=CARTESIAN_POINT('',(47.46,49.235,11.475));
#12000=VERTEX_POINT('',#11990);
#12010=EDGE_CURVE('',#12000,#11920,#11980,.T.);
#12020=ORIENTED_EDGE('',*,*,#12010,.T.);
#12030=CARTESIAN_POINT('',(47.46,49.645,11.475));
#12040=DIRECTION('',(0.,-1.,0.));
#12050=VECTOR('',#12040,1.);
#12060=LINE('',#12030,#12050);
#12070=EDGE_CURVE('',#10910,#12000,#12060,.T.);
#12080=ORIENTED_EDGE('',*,*,#12070,.T.);
#12090=ORIENTED_EDGE('',*,*,#10920,.F.);
#12100=EDGE_LOOP('',(#12090,#12080,#12020,#11940,#11860,#11850,#11840,
#11780));
#12110=FACE_OUTER_BOUND('',#12100,.T.);
#12120=ADVANCED_FACE('',(#12110),#11700,.F.);
#12130=CARTESIAN_POINT('',(47.435,49.43,11.5125));
#12140=DIRECTION('',(0.707106781186547,2.4155268595135E-16,
0.707106781186548));
#12150=DIRECTION('',(-0.707106781186548,-3.92523114670943E-16,
0.707106781186547));
#12160=AXIS2_PLACEMENT_3D('',#12130,#12140,#12150);
#12170=PLANE('',#12160);
#12180=ORIENTED_EDGE('',*,*,#11770,.F.);
#12190=ORIENTED_EDGE('',*,*,#10840,.F.);
#12200=CARTESIAN_POINT('',(47.41,49.215,11.5375));
#12210=DIRECTION('',(0.,1.,4.13106241720989E-15));
#12220=VECTOR('',#12210,1.);
#12230=LINE('',#12200,#12220);
#12240=CARTESIAN_POINT('',(47.41,49.215,11.5375));
#12250=VERTEX_POINT('',#12240);
#12260=EDGE_CURVE('',#12250,#10750,#12230,.T.);
#12270=ORIENTED_EDGE('',*,*,#12260,.T.);
#12280=CARTESIAN_POINT('',(47.41,49.215,11.5375));
#12290=DIRECTION('',(0.707106781186547,0.,-0.707106781186547));
#12300=VECTOR('',#12290,1.);
#12310=LINE('',#12280,#12300);
#12320=EDGE_CURVE('',#12250,#11760,#12310,.T.);
#12330=ORIENTED_EDGE('',*,*,#12320,.F.);
#12340=EDGE_LOOP('',(#12330,#12270,#12190,#12180));
#12350=FACE_OUTER_BOUND('',#12340,.T.);
#12360=ADVANCED_FACE('',(#12350),#12170,.F.);
#12370=CARTESIAN_POINT('',(47.51,49.215,12.2875));
#12380=DIRECTION('',(-9.25185853854297E-17,1.,-0.));
#12390=DIRECTION('',(-1.,-9.25185853854297E-17,0.));
#12400=AXIS2_PLACEMENT_3D('',#12370,#12380,#12390);
#12410=PLANE('',#12400);
#12420=CARTESIAN_POINT('',(47.46,49.215,10.5125));
#12430=DIRECTION('',(-0.707106781186547,0.,-0.707106781186547));
#12440=VECTOR('',#12430,1.);
#12450=LINE('',#12420,#12440);
#12460=CARTESIAN_POINT('',(47.46,49.215,10.5125));
#12470=VERTEX_POINT('',#12460);
#12480=CARTESIAN_POINT('',(47.41,49.215,10.4625));
#12490=VERTEX_POINT('',#12480);
#12500=EDGE_CURVE('',#12470,#12490,#12450,.T.);
#12510=ORIENTED_EDGE('',*,*,#12500,.T.);
#12520=CARTESIAN_POINT('',(47.46,49.215,10.5125));
#12530=DIRECTION('',(0.,0.,1.));
#12540=VECTOR('',#12530,1.);
#12550=LINE('',#12520,#12540);
#12560=CARTESIAN_POINT('',(47.46,49.215,10.6875));
#12570=VERTEX_POINT('',#12560);
#12580=EDGE_CURVE('',#12470,#12570,#12550,.T.);
#12590=ORIENTED_EDGE('',*,*,#12580,.F.);
#12600=CARTESIAN_POINT('',(47.41,49.215,10.7375));
#12610=DIRECTION('',(0.70710678118656,0.,-0.707106781186535));
#12620=VECTOR('',#12610,1.);
#12630=LINE('',#12600,#12620);
#12640=CARTESIAN_POINT('',(47.41,49.215,10.7375));
#12650=VERTEX_POINT('',#12640);
#12660=EDGE_CURVE('',#12650,#12570,#12630,.T.);
#12670=ORIENTED_EDGE('',*,*,#12660,.T.);
#12680=CARTESIAN_POINT('',(47.41,49.215,10.7375));
#12690=DIRECTION('',(0.,0.,1.));
#12700=VECTOR('',#12690,1.);
#12710=LINE('',#12680,#12700);
#12720=CARTESIAN_POINT('',(47.41,49.215,10.8625));
#12730=VERTEX_POINT('',#12720);
#12740=EDGE_CURVE('',#12650,#12730,#12710,.T.);
#12750=ORIENTED_EDGE('',*,*,#12740,.F.);
#12760=CARTESIAN_POINT('',(47.46,49.215,10.9125));
#12770=DIRECTION('',(-0.707106781186547,0.,-0.707106781186547));
#12780=VECTOR('',#12770,1.);
#12790=LINE('',#12760,#12780);
#12800=CARTESIAN_POINT('',(47.46,49.215,10.9125));
#12810=VERTEX_POINT('',#12800);
#12820=EDGE_CURVE('',#12810,#12730,#12790,.T.);
#12830=ORIENTED_EDGE('',*,*,#12820,.T.);
#12840=CARTESIAN_POINT('',(47.46,49.215,10.9125));
#12850=DIRECTION('',(0.,0.,1.));
#12860=VECTOR('',#12850,1.);
#12870=LINE('',#12840,#12860);
#12880=CARTESIAN_POINT('',(47.46,49.215,11.0875));
#12890=VERTEX_POINT('',#12880);
#12900=EDGE_CURVE('',#12810,#12890,#12870,.T.);
#12910=ORIENTED_EDGE('',*,*,#12900,.F.);
#12920=CARTESIAN_POINT('',(47.41,49.215,11.1375));
#12930=DIRECTION('',(0.707106781186547,0.,-0.707106781186547));
#12940=VECTOR('',#12930,1.);
#12950=LINE('',#12920,#12940);
#12960=CARTESIAN_POINT('',(47.41,49.215,11.1375));
#12970=VERTEX_POINT('',#12960);
#12980=EDGE_CURVE('',#12970,#12890,#12950,.T.);
#12990=ORIENTED_EDGE('',*,*,#12980,.T.);
#13000=CARTESIAN_POINT('',(47.41,49.215,11.2625));
#13010=DIRECTION('',(0.,0.,-1.));
#13020=VECTOR('',#13010,1.);
#13030=LINE('',#13000,#13020);
#13040=EDGE_CURVE('',#11530,#12970,#13030,.T.);
#13050=ORIENTED_EDGE('',*,*,#13040,.T.);
#13060=ORIENTED_EDGE('',*,*,#11540,.T.);
#13070=ORIENTED_EDGE('',*,*,#11830,.F.);
#13080=ORIENTED_EDGE('',*,*,#12320,.T.);
#13090=CARTESIAN_POINT('',(47.41,49.215,11.6625));
#13100=DIRECTION('',(0.,0.,-1.));
#13110=VECTOR('',#13100,1.);
#13120=LINE('',#13090,#13110);
#13130=CARTESIAN_POINT('',(47.41,49.215,11.6625));
#13140=VERTEX_POINT('',#13130);
#13150=EDGE_CURVE('',#13140,#12250,#13120,.T.);
#13160=ORIENTED_EDGE('',*,*,#13150,.T.);
#13170=CARTESIAN_POINT('',(47.46,49.215,11.7125));
#13180=DIRECTION('',(-0.70710678118651,0.,-0.707106781186585));
#13190=VECTOR('',#13180,1.);
#13200=LINE('',#13170,#13190);
#13210=CARTESIAN_POINT('',(47.46,49.215,11.7125));
#13220=VERTEX_POINT('',#13210);
#13230=EDGE_CURVE('',#13220,#13140,#13200,.T.);
#13240=ORIENTED_EDGE('',*,*,#13230,.T.);
#13250=CARTESIAN_POINT('',(47.46,49.215,11.7125));
#13260=DIRECTION('',(0.,0.,1.));
#13270=VECTOR('',#13260,1.);
#13280=LINE('',#13250,#13270);
#13290=CARTESIAN_POINT('',(47.46,49.215,11.8875));
#13300=VERTEX_POINT('',#13290);
#13310=EDGE_CURVE('',#13220,#13300,#13280,.T.);
#13320=ORIENTED_EDGE('',*,*,#13310,.F.);
#13330=CARTESIAN_POINT('',(47.41,49.215,11.9375));
#13340=DIRECTION('',(0.707106781186535,0.,-0.70710678118656));
#13350=VECTOR('',#13340,1.);
#13360=LINE('',#13330,#13350);
#13370=CARTESIAN_POINT('',(47.41,49.215,11.9375));
#13380=VERTEX_POINT('',#13370);
#13390=EDGE_CURVE('',#13380,#13300,#13360,.T.);
#13400=ORIENTED_EDGE('',*,*,#13390,.T.);
#13410=CARTESIAN_POINT('',(47.41,49.215,11.9375));
#13420=DIRECTION('',(0.,0.,1.));
#13430=VECTOR('',#13420,1.);
#13440=LINE('',#13410,#13430);
#13450=CARTESIAN_POINT('',(47.41,49.215,12.0625));
#13460=VERTEX_POINT('',#13450);
#13470=EDGE_CURVE('',#13380,#13460,#13440,.T.);
#13480=ORIENTED_EDGE('',*,*,#13470,.F.);
#13490=CARTESIAN_POINT('',(47.46,49.215,12.1125));
#13500=DIRECTION('',(-0.707106781186535,0.,-0.70710678118656));
#13510=VECTOR('',#13500,1.);
#13520=LINE('',#13490,#13510);
#13530=CARTESIAN_POINT('',(47.46,49.215,12.1125));
#13540=VERTEX_POINT('',#13530);
#13550=EDGE_CURVE('',#13540,#13460,#13520,.T.);
#13560=ORIENTED_EDGE('',*,*,#13550,.T.);
#13570=CARTESIAN_POINT('',(47.46,49.215,12.1125));
#13580=DIRECTION('',(0.,0.,1.));
#13590=VECTOR('',#13580,1.);
#13600=LINE('',#13570,#13590);
#13610=CARTESIAN_POINT('',(47.46,49.215,12.2875));
#13620=VERTEX_POINT('',#13610);
#13630=EDGE_CURVE('',#13540,#13620,#13600,.T.);
#13640=ORIENTED_EDGE('',*,*,#13630,.F.);
#13650=CARTESIAN_POINT('',(47.41,49.215,12.3375));
#13660=DIRECTION('',(0.70710678118651,0.,-0.707106781186585));
#13670=VECTOR('',#13660,1.);
#13680=LINE('',#13650,#13670);
#13690=CARTESIAN_POINT('',(47.41,49.215,12.3375));
#13700=VERTEX_POINT('',#13690);
#13710=EDGE_CURVE('',#13700,#13620,#13680,.T.);
#13720=ORIENTED_EDGE('',*,*,#13710,.T.);
#13730=CARTESIAN_POINT('',(47.41,49.215,12.3375));
#13740=DIRECTION('',(0.,0.,1.));
#13750=VECTOR('',#13740,1.);
#13760=LINE('',#13730,#13750);
#13770=CARTESIAN_POINT('',(47.41,49.215,12.4625));
#13780=VERTEX_POINT('',#13770);
#13790=EDGE_CURVE('',#13700,#13780,#13760,.T.);
#13800=ORIENTED_EDGE('',*,*,#13790,.F.);
#13810=CARTESIAN_POINT('',(47.46,49.215,12.5125));
#13820=DIRECTION('',(-0.707106781186547,0.,-0.707106781186547));
#13830=VECTOR('',#13820,1.);
#13840=LINE('',#13810,#13830);
#13850=CARTESIAN_POINT('',(47.46,49.215,12.5125));
#13860=VERTEX_POINT('',#13850);
#13870=EDGE_CURVE('',#13860,#13780,#13840,.T.);
#13880=ORIENTED_EDGE('',*,*,#13870,.T.);
#13890=CARTESIAN_POINT('',(47.46,49.215,12.5125));
#13900=DIRECTION('',(0.,0.,1.));
#13910=VECTOR('',#13900,1.);
#13920=LINE('',#13890,#13910);
#13930=CARTESIAN_POINT('',(47.46,49.215,12.6875));
#13940=VERTEX_POINT('',#13930);
#13950=EDGE_CURVE('',#13860,#13940,#13920,.T.);
#13960=ORIENTED_EDGE('',*,*,#13950,.F.);
#13970=CARTESIAN_POINT('',(47.41,49.215,12.7375));
#13980=DIRECTION('',(0.70710678118651,0.,-0.707106781186585));
#13990=VECTOR('',#13980,1.);
#14000=LINE('',#13970,#13990);
#14010=CARTESIAN_POINT('',(47.41,49.215,12.7375));
#14020=VERTEX_POINT('',#14010);
#14030=EDGE_CURVE('',#14020,#13940,#14000,.T.);
#14040=ORIENTED_EDGE('',*,*,#14030,.T.);
#14050=CARTESIAN_POINT('',(47.41,49.215,12.8625));
#14060=DIRECTION('',(0.,0.,-1.));
#14070=VECTOR('',#14060,1.);
#14080=LINE('',#14050,#14070);
#14090=CARTESIAN_POINT('',(47.41,49.215,12.8625));
#14100=VERTEX_POINT('',#14090);
#14110=EDGE_CURVE('',#14100,#14020,#14080,.T.);
#14120=ORIENTED_EDGE('',*,*,#14110,.T.);
#14130=CARTESIAN_POINT('',(47.46,49.215,12.9125));
#14140=DIRECTION('',(-0.707106781186547,0.,-0.707106781186547));
#14150=VECTOR('',#14140,1.);
#14160=LINE('',#14130,#14150);
#14170=CARTESIAN_POINT('',(47.46,49.215,12.9125));
#14180=VERTEX_POINT('',#14170);
#14190=EDGE_CURVE('',#14180,#14100,#14160,.T.);
#14200=ORIENTED_EDGE('',*,*,#14190,.T.);
#14210=CARTESIAN_POINT('',(47.46,49.215,13.0875));
#14220=DIRECTION('',(0.,0.,-1.));
#14230=VECTOR('',#14220,1.);
#14240=LINE('',#14210,#14230);
#14250=CARTESIAN_POINT('',(47.46,49.215,13.0875));
#14260=VERTEX_POINT('',#14250);
#14270=EDGE_CURVE('',#14260,#14180,#14240,.T.);
#14280=ORIENTED_EDGE('',*,*,#14270,.T.);
#14290=CARTESIAN_POINT('',(47.41,49.215,13.1375));
#14300=DIRECTION('',(0.707106781186547,0.,-0.707106781186547));
#14310=VECTOR('',#14300,1.);
#14320=LINE('',#14290,#14310);
#14330=CARTESIAN_POINT('',(47.41,49.215,13.1375));
#14340=VERTEX_POINT('',#14330);
#14350=EDGE_CURVE('',#14340,#14260,#14320,.T.);
#14360=ORIENTED_EDGE('',*,*,#14350,.T.);
#14370=CARTESIAN_POINT('',(47.41,49.215,13.2625));
#14380=DIRECTION('',(0.,0.,-1.));
#14390=VECTOR('',#14380,1.);
#14400=LINE('',#14370,#14390);
#14410=CARTESIAN_POINT('',(47.41,49.215,13.2625));
#14420=VERTEX_POINT('',#14410);
#14430=EDGE_CURVE('',#14420,#14340,#14400,.T.);
#14440=ORIENTED_EDGE('',*,*,#14430,.T.);
#14450=CARTESIAN_POINT('',(47.46,49.215,13.3125));
#14460=DIRECTION('',(-0.707106781186535,0.,-0.70710678118656));
#14470=VECTOR('',#14460,1.);
#14480=LINE('',#14450,#14470);
#14490=CARTESIAN_POINT('',(47.46,49.215,13.3125));
#14500=VERTEX_POINT('',#14490);
#14510=EDGE_CURVE('',#14500,#14420,#14480,.T.);
#14520=ORIENTED_EDGE('',*,*,#14510,.T.);
#14530=CARTESIAN_POINT('',(47.46,49.215,13.4875));
#14540=DIRECTION('',(0.,0.,-1.));
#14550=VECTOR('',#14540,1.);
#14560=LINE('',#14530,#14550);
#14570=CARTESIAN_POINT('',(47.46,49.215,13.4875));
#14580=VERTEX_POINT('',#14570);
#14590=EDGE_CURVE('',#14580,#14500,#14560,.T.);
#14600=ORIENTED_EDGE('',*,*,#14590,.T.);
#14610=CARTESIAN_POINT('',(47.41,49.215,13.5375));
#14620=DIRECTION('',(0.707106781186547,0.,-0.707106781186547));
#14630=VECTOR('',#14620,1.);
#14640=LINE('',#14610,#14630);
#14650=CARTESIAN_POINT('',(47.41,49.215,13.5375));
#14660=VERTEX_POINT('',#14650);
#14670=EDGE_CURVE('',#14660,#14580,#14640,.T.);
#14680=ORIENTED_EDGE('',*,*,#14670,.T.);
#14690=CARTESIAN_POINT('',(47.41,49.215,13.5375));
#14700=DIRECTION('',(0.,0.,1.));
#14710=VECTOR('',#14700,1.);
#14720=LINE('',#14690,#14710);
#14730=CARTESIAN_POINT('',(47.41,49.215,13.6625));
#14740=VERTEX_POINT('',#14730);
#14750=EDGE_CURVE('',#14660,#14740,#14720,.T.);
#14760=ORIENTED_EDGE('',*,*,#14750,.F.);
#14770=CARTESIAN_POINT('',(47.46,49.215,13.7125));
#14780=DIRECTION('',(-0.70710678118651,0.,-0.707106781186585));
#14790=VECTOR('',#14780,1.);
#14800=LINE('',#14770,#14790);
#14810=CARTESIAN_POINT('',(47.46,49.215,13.7125));
#14820=VERTEX_POINT('',#14810);
#14830=EDGE_CURVE('',#14820,#14740,#14800,.T.);
#14840=ORIENTED_EDGE('',*,*,#14830,.T.);
#14850=CARTESIAN_POINT('',(47.46,49.215,13.8875));
#14860=DIRECTION('',(0.,0.,-1.));
#14870=VECTOR('',#14860,1.);
#14880=LINE('',#14850,#14870);
#14890=CARTESIAN_POINT('',(47.46,49.215,13.8875));
#14900=VERTEX_POINT('',#14890);
#14910=EDGE_CURVE('',#14900,#14820,#14880,.T.);
#14920=ORIENTED_EDGE('',*,*,#14910,.T.);
#14930=CARTESIAN_POINT('',(47.41,49.215,13.9375));
#14940=DIRECTION('',(0.707106781186535,0.,-0.70710678118656));
#14950=VECTOR('',#14940,1.);
#14960=LINE('',#14930,#14950);
#14970=CARTESIAN_POINT('',(47.41,49.215,13.9375));
#14980=VERTEX_POINT('',#14970);
#14990=EDGE_CURVE('',#14980,#14900,#14960,.T.);
#15000=ORIENTED_EDGE('',*,*,#14990,.T.);
#15010=CARTESIAN_POINT('',(47.41,49.215,13.9375));
#15020=DIRECTION('',(0.,0.,1.));
#15030=VECTOR('',#15020,1.);
#15040=LINE('',#15010,#15030);
#15050=CARTESIAN_POINT('',(47.41,49.215,14.0625));
#15060=VERTEX_POINT('',#15050);
#15070=EDGE_CURVE('',#14980,#15060,#15040,.T.);
#15080=ORIENTED_EDGE('',*,*,#15070,.F.);
#15090=CARTESIAN_POINT('',(47.46,49.215,14.1125));
#15100=DIRECTION('',(-0.707106781186535,0.,-0.70710678118656));
#15110=VECTOR('',#15100,1.);
#15120=LINE('',#15090,#15110);
#15130=CARTESIAN_POINT('',(47.46,49.215,14.1125));
#15140=VERTEX_POINT('',#15130);
#15150=EDGE_CURVE('',#15140,#15060,#15120,.T.);
#15160=ORIENTED_EDGE('',*,*,#15150,.T.);
#15170=CARTESIAN_POINT('',(47.46,49.215,14.2875));
#15180=DIRECTION('',(0.,0.,-1.));
#15190=VECTOR('',#15180,1.);
#15200=LINE('',#15170,#15190);
#15210=CARTESIAN_POINT('',(47.46,49.215,14.2875));
#15220=VERTEX_POINT('',#15210);
#15230=EDGE_CURVE('',#15220,#15140,#15200,.T.);
#15240=ORIENTED_EDGE('',*,*,#15230,.T.);
#15250=CARTESIAN_POINT('',(47.41,49.215,14.3375));
#15260=DIRECTION('',(0.70710678118651,0.,-0.707106781186585));
#15270=VECTOR('',#15260,1.);
#15280=LINE('',#15250,#15270);
#15290=CARTESIAN_POINT('',(47.41,49.215,14.3375));
#15300=VERTEX_POINT('',#15290);
#15310=EDGE_CURVE('',#15300,#15220,#15280,.T.);
#15320=ORIENTED_EDGE('',*,*,#15310,.T.);
#15330=CARTESIAN_POINT('',(47.41,49.215,14.4625));
#15340=DIRECTION('',(0.,0.,-1.));
#15350=VECTOR('',#15340,1.);
#15360=LINE('',#15330,#15350);
#15370=CARTESIAN_POINT('',(47.41,49.215,14.4625));
#15380=VERTEX_POINT('',#15370);
#15390=EDGE_CURVE('',#15380,#15300,#15360,.T.);
#15400=ORIENTED_EDGE('',*,*,#15390,.T.);
#15410=CARTESIAN_POINT('',(47.46,49.215,14.5125));
#15420=DIRECTION('',(-0.707106781186547,0.,-0.707106781186547));
#15430=VECTOR('',#15420,1.);
#15440=LINE('',#15410,#15430);
#15450=CARTESIAN_POINT('',(47.46,49.215,14.5125));
#15460=VERTEX_POINT('',#15450);
#15470=EDGE_CURVE('',#15460,#15380,#15440,.T.);
#15480=ORIENTED_EDGE('',*,*,#15470,.T.);
#15490=CARTESIAN_POINT('',(47.46,49.215,14.6875));
#15500=DIRECTION('',(0.,0.,-1.));
#15510=VECTOR('',#15500,1.);
#15520=LINE('',#15490,#15510);
#15530=CARTESIAN_POINT('',(47.46,49.215,14.6875));
#15540=VERTEX_POINT('',#15530);
#15550=EDGE_CURVE('',#15540,#15460,#15520,.T.);
#15560=ORIENTED_EDGE('',*,*,#15550,.T.);
#15570=CARTESIAN_POINT('',(47.41,49.215,14.7375));
#15580=DIRECTION('',(0.707106781186535,0.,-0.70710678118656));
#15590=VECTOR('',#15580,1.);
#15600=LINE('',#15570,#15590);
#15610=CARTESIAN_POINT('',(47.41,49.215,14.7375));
#15620=VERTEX_POINT('',#15610);
#15630=EDGE_CURVE('',#15620,#15540,#15600,.T.);
#15640=ORIENTED_EDGE('',*,*,#15630,.T.);
#15650=CARTESIAN_POINT('',(47.41,49.215,14.8625));
#15660=DIRECTION('',(0.,0.,-1.));
#15670=VECTOR('',#15660,1.);
#15680=LINE('',#15650,#15670);
#15690=CARTESIAN_POINT('',(47.41,49.215,14.8625));
#15700=VERTEX_POINT('',#15690);
#15710=EDGE_CURVE('',#15700,#15620,#15680,.T.);
#15720=ORIENTED_EDGE('',*,*,#15710,.T.);
#15730=CARTESIAN_POINT('',(47.46,49.215,14.9125));
#15740=DIRECTION('',(-0.707106781186547,0.,-0.707106781186547));
#15750=VECTOR('',#15740,1.);
#15760=LINE('',#15730,#15750);
#15770=CARTESIAN_POINT('',(47.46,49.215,14.9125));
#15780=VERTEX_POINT('',#15770);
#15790=EDGE_CURVE('',#15780,#15700,#15760,.T.);
#15800=ORIENTED_EDGE('',*,*,#15790,.T.);
#15810=CARTESIAN_POINT('',(47.46,49.215,15.0875));
#15820=DIRECTION('',(0.,0.,-1.));
#15830=VECTOR('',#15820,1.);
#15840=LINE('',#15810,#15830);
#15850=CARTESIAN_POINT('',(47.46,49.215,15.0875));
#15860=VERTEX_POINT('',#15850);
#15870=EDGE_CURVE('',#15860,#15780,#15840,.T.);
#15880=ORIENTED_EDGE('',*,*,#15870,.T.);
#15890=CARTESIAN_POINT('',(47.41,49.215,15.1375));
#15900=DIRECTION('',(0.707106781186547,0.,-0.707106781186547));
#15910=VECTOR('',#15900,1.);
#15920=LINE('',#15890,#15910);
#15930=EDGE_CURVE('',#2590,#15860,#15920,.T.);
#15940=ORIENTED_EDGE('',*,*,#15930,.T.);
#15950=ORIENTED_EDGE('',*,*,#2600,.T.);
#15960=CARTESIAN_POINT('',(49.81,49.215,15.265));
#15970=DIRECTION('',(-1.,0.,0.));
#15980=VECTOR('',#15970,1.);
#15990=LINE('',#15960,#15980);
#16000=CARTESIAN_POINT('',(49.81,49.215,15.265));
#16010=VERTEX_POINT('',#16000);
#16020=EDGE_CURVE('',#16010,#2510,#15990,.T.);
#16030=ORIENTED_EDGE('',*,*,#16020,.T.);
#16040=CARTESIAN_POINT('',(49.81,49.215,9.93499999999998));
#16050=DIRECTION('',(0.,0.,1.));
#16060=VECTOR('',#16050,1.);
#16070=LINE('',#16040,#16060);
#16080=CARTESIAN_POINT('',(49.81,49.215,9.93499999999998));
#16090=VERTEX_POINT('',#16080);
#16100=EDGE_CURVE('',#16090,#16010,#16070,.T.);
#16110=ORIENTED_EDGE('',*,*,#16100,.T.);
#16120=CARTESIAN_POINT('',(49.81,49.215,9.93499999999998));
#16130=DIRECTION('',(-1.,0.,0.));
#16140=VECTOR('',#16130,1.);
#16150=LINE('',#16120,#16140);
#16160=CARTESIAN_POINT('',(47.41,49.215,9.93499999999998));
#16170=VERTEX_POINT('',#16160);
#16180=EDGE_CURVE('',#16090,#16170,#16150,.T.);
#16190=ORIENTED_EDGE('',*,*,#16180,.F.);
#16200=CARTESIAN_POINT('',(47.41,49.215,9.93499999999999));
#16210=DIRECTION('',(0.,0.,1.));
#16220=VECTOR('',#16210,1.);
#16230=LINE('',#16200,#16220);
#16240=CARTESIAN_POINT('',(47.41,49.215,10.0625));
#16250=VERTEX_POINT('',#16240);
#16260=EDGE_CURVE('',#16170,#16250,#16230,.T.);
#16270=ORIENTED_EDGE('',*,*,#16260,.F.);
#16280=CARTESIAN_POINT('',(47.46,49.215,10.1125));
#16290=DIRECTION('',(-0.707106781186535,0.,-0.70710678118656));
#16300=VECTOR('',#16290,1.);
#16310=LINE('',#16280,#16300);
#16320=CARTESIAN_POINT('',(47.46,49.215,10.1125));
#16330=VERTEX_POINT('',#16320);
#16340=EDGE_CURVE('',#16330,#16250,#16310,.T.);
#16350=ORIENTED_EDGE('',*,*,#16340,.T.);
#16360=CARTESIAN_POINT('',(47.46,49.215,10.1125));
#16370=DIRECTION('',(0.,0.,1.));
#16380=VECTOR('',#16370,1.);
#16390=LINE('',#16360,#16380);
#16400=CARTESIAN_POINT('',(47.46,49.215,10.2875));
#16410=VERTEX_POINT('',#16400);
#16420=EDGE_CURVE('',#16330,#16410,#16390,.T.);
#16430=ORIENTED_EDGE('',*,*,#16420,.F.);
#16440=CARTESIAN_POINT('',(47.41,49.215,10.3375));
#16450=DIRECTION('',(0.707106781186573,0.,-0.707106781186522));
#16460=VECTOR('',#16450,1.);
#16470=LINE('',#16440,#16460);
#16480=CARTESIAN_POINT('',(47.41,49.215,10.3375));
#16490=VERTEX_POINT('',#16480);
#16500=EDGE_CURVE('',#16490,#16410,#16470,.T.);
#16510=ORIENTED_EDGE('',*,*,#16500,.T.);
#16520=CARTESIAN_POINT('',(47.41,49.215,10.3375));
#16530=DIRECTION('',(0.,0.,1.));
#16540=VECTOR('',#16530,1.);
#16550=LINE('',#16520,#16540);
#16560=EDGE_CURVE('',#16490,#12490,#16550,.T.);
#16570=ORIENTED_EDGE('',*,*,#16560,.F.);
#16580=EDGE_LOOP('',(#16570,#16510,#16430,#16350,#16270,#16190,#16110,
#16030,#15950,#15940,#15880,#15800,#15720,#15640,#15560,#15480,#15400,
#15320,#15240,#15160,#15080,#15000,#14920,#14840,#14760,#14680,#14600,
#14520,#14440,#14360,#14280,#14200,#14120,#14040,#13960,#13880,#13800,
#13720,#13640,#13560,#13480,#13400,#13320,#13240,#13160,#13080,#13070,
#13060,#13050,#12990,#12910,#12830,#12750,#12670,#12590,#12510));
#16590=FACE_OUTER_BOUND('',#16580,.T.);
#16600=ADVANCED_FACE('',(#16590),#12410,.F.);
#16610=CARTESIAN_POINT('',(47.41,49.215,11.6));
#16620=DIRECTION('',(1.,3.41607084500048E-16,-0.));
#16630=DIRECTION('',(3.41607084500048E-16,-1.,0.));
#16640=AXIS2_PLACEMENT_3D('',#16610,#16620,#16630);
#16650=PLANE('',#16640);
#16660=ORIENTED_EDGE('',*,*,#16560,.T.);
#16670=CARTESIAN_POINT('',(47.41,49.215,10.3375));
#16680=DIRECTION('',(0.,1.,4.13106241720989E-15));
#16690=VECTOR('',#16680,1.);
#16700=LINE('',#16670,#16690);
#16710=EDGE_CURVE('',#16490,#4190,#16700,.T.);
#16720=ORIENTED_EDGE('',*,*,#16710,.F.);
#16730=ORIENTED_EDGE('',*,*,#4200,.F.);
#16740=CARTESIAN_POINT('',(47.41,49.215,10.4625));
#16750=DIRECTION('',(0.,1.,0.));
#16760=VECTOR('',#16750,1.);
#16770=LINE('',#16740,#16760);
#16780=EDGE_CURVE('',#12490,#4110,#16770,.T.);
#16790=ORIENTED_EDGE('',*,*,#16780,.T.);
#16800=EDGE_LOOP('',(#16790,#16730,#16720,#16660));
#16810=FACE_OUTER_BOUND('',#16800,.T.);
#16820=ADVANCED_FACE('',(#16810),#16650,.F.);
#16830=CARTESIAN_POINT('',(47.435,49.43,10.4875));
#16840=DIRECTION('',(-0.707106781186547,-2.4155268595135E-16,
0.707106781186548));
#16850=DIRECTION('',(-0.707106781186548,-3.92523114670943E-16,
-0.707106781186547));
#16860=AXIS2_PLACEMENT_3D('',#16830,#16840,#16850);
#16870=PLANE('',#16860);
#16880=ORIENTED_EDGE('',*,*,#12500,.F.);
#16890=ORIENTED_EDGE('',*,*,#16780,.F.);
#16900=ORIENTED_EDGE('',*,*,#4120,.F.);
#16910=CARTESIAN_POINT('',(47.46,49.645,10.5125));
#16920=DIRECTION('',(0.,-1.,0.));
#16930=VECTOR('',#16920,1.);
#16940=LINE('',#16910,#16930);
#16950=EDGE_CURVE('',#4030,#12470,#16940,.T.);
#16960=ORIENTED_EDGE('',*,*,#16950,.F.);
#16970=EDGE_LOOP('',(#16960,#16900,#16890,#16880));
#16980=FACE_OUTER_BOUND('',#16970,.T.);
#16990=ADVANCED_FACE('',(#16980),#16870,.T.);
#17000=CARTESIAN_POINT('',(47.46,49.215,10.6875));
#17010=DIRECTION('',(1.,3.41607084500048E-16,-0.));
#17020=DIRECTION('',(-3.41607084500048E-16,1.,0.));
#17030=AXIS2_PLACEMENT_3D('',#17000,#17010,#17020);
#17040=PLANE('',#17030);
#17050=CARTESIAN_POINT('',(47.46,49.215,10.6875));
#17060=DIRECTION('',(0.,1.,0.));
#17070=VECTOR('',#17060,1.);
#17080=LINE('',#17050,#17070);
#17090=EDGE_CURVE('',#12570,#3630,#17080,.T.);
#17100=ORIENTED_EDGE('',*,*,#17090,.T.);
#17110=ORIENTED_EDGE('',*,*,#12580,.T.);
#17120=ORIENTED_EDGE('',*,*,#16950,.T.);
#17130=ORIENTED_EDGE('',*,*,#4040,.F.);
#17140=CARTESIAN_POINT('',(47.46,49.645,10.525));
#17150=DIRECTION('',(0.,-1.,0.));
#17160=VECTOR('',#17150,1.);
#17170=LINE('',#17140,#17160);
#17180=CARTESIAN_POINT('',(47.46,49.235,10.525));
#17190=VERTEX_POINT('',#17180);
#17200=EDGE_CURVE('',#3950,#17190,#17170,.T.);
#17210=ORIENTED_EDGE('',*,*,#17200,.F.);
#17220=CARTESIAN_POINT('',(47.46,49.235,10.675));
#17230=DIRECTION('',(0.,0.,-1.));
#17240=VECTOR('',#17230,1.);
#17250=LINE('',#17220,#17240);
#17260=CARTESIAN_POINT('',(47.46,49.235,10.675));
#17270=VERTEX_POINT('',#17260);
#17280=EDGE_CURVE('',#17270,#17190,#17250,.T.);
#17290=ORIENTED_EDGE('',*,*,#17280,.T.);
#17300=CARTESIAN_POINT('',(47.46,49.645,10.675));
#17310=DIRECTION('',(0.,-1.,0.));
#17320=VECTOR('',#17310,1.);
#17330=LINE('',#17300,#17320);
#17340=EDGE_CURVE('',#3710,#17270,#17330,.T.);
#17350=ORIENTED_EDGE('',*,*,#17340,.T.);
#17360=ORIENTED_EDGE('',*,*,#3720,.F.);
#17370=EDGE_LOOP('',(#17360,#17350,#17290,#17210,#17130,#17120,#17110,
#17100));
#17380=FACE_OUTER_BOUND('',#17370,.T.);
#17390=ADVANCED_FACE('',(#17380),#17040,.F.);
#17400=CARTESIAN_POINT('',(47.435,49.43,10.7125));
#17410=DIRECTION('',(0.707106781186547,2.4155268595135E-16,
0.707106781186548));
#17420=DIRECTION('',(-0.707106781186548,-3.92523114670943E-16,
0.707106781186547));
#17430=AXIS2_PLACEMENT_3D('',#17400,#17410,#17420);
#17440=PLANE('',#17430);
#17450=ORIENTED_EDGE('',*,*,#3640,.F.);
#17460=CARTESIAN_POINT('',(47.41,49.215,10.7375));
#17470=DIRECTION('',(0.,1.,4.13106241720989E-15));
#17480=VECTOR('',#17470,1.);
#17490=LINE('',#17460,#17480);
#17500=EDGE_CURVE('',#12650,#3550,#17490,.T.);
#17510=ORIENTED_EDGE('',*,*,#17500,.T.);
#17520=ORIENTED_EDGE('',*,*,#12660,.F.);
#17530=ORIENTED_EDGE('',*,*,#17090,.F.);
#17540=EDGE_LOOP('',(#17530,#17520,#17510,#17450));
#17550=FACE_OUTER_BOUND('',#17540,.T.);
#17560=ADVANCED_FACE('',(#17550),#17440,.F.);
#17570=CARTESIAN_POINT('',(47.41,49.215,11.6));
#17580=DIRECTION('',(1.,3.41607084500048E-16,-0.));
#17590=DIRECTION('',(3.41607084500048E-16,-1.,0.));
#17600=AXIS2_PLACEMENT_3D('',#17570,#17580,#17590);
#17610=PLANE('',#17600);
#17620=ORIENTED_EDGE('',*,*,#12740,.T.);
#17630=ORIENTED_EDGE('',*,*,#17500,.F.);
#17640=ORIENTED_EDGE('',*,*,#3560,.F.);
#17650=CARTESIAN_POINT('',(47.41,49.215,10.8625));
#17660=DIRECTION('',(0.,1.,0.));
#17670=VECTOR('',#17660,1.);
#17680=LINE('',#17650,#17670);
#17690=EDGE_CURVE('',#12730,#3470,#17680,.T.);
#17700=ORIENTED_EDGE('',*,*,#17690,.T.);
#17710=EDGE_LOOP('',(#17700,#17640,#17630,#17620));
#17720=FACE_OUTER_BOUND('',#17710,.T.);
#17730=ADVANCED_FACE('',(#17720),#17610,.F.);
#17740=CARTESIAN_POINT('',(47.435,49.43,10.8875));
#17750=DIRECTION('',(-0.707106781186547,-2.4155268595135E-16,
0.707106781186548));
#17760=DIRECTION('',(-0.707106781186548,-3.92523114670943E-16,
-0.707106781186547));
#17770=AXIS2_PLACEMENT_3D('',#17740,#17750,#17760);
#17780=PLANE('',#17770);
#17790=ORIENTED_EDGE('',*,*,#12820,.F.);
#17800=ORIENTED_EDGE('',*,*,#17690,.F.);
#17810=ORIENTED_EDGE('',*,*,#3480,.F.);
#17820=CARTESIAN_POINT('',(47.46,49.645,10.9125));
#17830=DIRECTION('',(0.,-1.,0.));
#17840=VECTOR('',#17830,1.);
#17850=LINE('',#17820,#17840);
#17860=EDGE_CURVE('',#3390,#12810,#17850,.T.);
#17870=ORIENTED_EDGE('',*,*,#17860,.F.);
#17880=EDGE_LOOP('',(#17870,#17810,#17800,#17790));
#17890=FACE_OUTER_BOUND('',#17880,.T.);
#17900=ADVANCED_FACE('',(#17890),#17780,.T.);
#17910=CARTESIAN_POINT('',(47.46,49.215,11.0875));
#17920=DIRECTION('',(1.,3.41607084500048E-16,-0.));
#17930=DIRECTION('',(-3.41607084500048E-16,1.,0.));
#17940=AXIS2_PLACEMENT_3D('',#17910,#17920,#17930);
#17950=PLANE('',#17940);
#17960=CARTESIAN_POINT('',(47.46,49.215,11.0875));
#17970=DIRECTION('',(0.,1.,0.));
#17980=VECTOR('',#17970,1.);
#17990=LINE('',#17960,#17980);
#18000=EDGE_CURVE('',#12890,#2990,#17990,.T.);
#18010=ORIENTED_EDGE('',*,*,#18000,.T.);
#18020=ORIENTED_EDGE('',*,*,#12900,.T.);
#18030=ORIENTED_EDGE('',*,*,#17860,.T.);
#18040=ORIENTED_EDGE('',*,*,#3400,.F.);
#18050=CARTESIAN_POINT('',(47.46,49.645,10.925));
#18060=DIRECTION('',(0.,-1.,0.));
#18070=VECTOR('',#18060,1.);
#18080=LINE('',#18050,#18070);
#18090=CARTESIAN_POINT('',(47.46,49.235,10.925));
#18100=VERTEX_POINT('',#18090);
#18110=EDGE_CURVE('',#3310,#18100,#18080,.T.);
#18120=ORIENTED_EDGE('',*,*,#18110,.F.);
#18130=CARTESIAN_POINT('',(47.46,49.235,11.075));
#18140=DIRECTION('',(0.,0.,-1.));
#18150=VECTOR('',#18140,1.);
#18160=LINE('',#18130,#18150);
#18170=CARTESIAN_POINT('',(47.46,49.235,11.075));
#18180=VERTEX_POINT('',#18170);
#18190=EDGE_CURVE('',#18180,#18100,#18160,.T.);
#18200=ORIENTED_EDGE('',*,*,#18190,.T.);
#18210=CARTESIAN_POINT('',(47.46,49.645,11.075));
#18220=DIRECTION('',(0.,-1.,0.));
#18230=VECTOR('',#18220,1.);
#18240=LINE('',#18210,#18230);
#18250=EDGE_CURVE('',#3070,#18180,#18240,.T.);
#18260=ORIENTED_EDGE('',*,*,#18250,.T.);
#18270=ORIENTED_EDGE('',*,*,#3080,.F.);
#18280=EDGE_LOOP('',(#18270,#18260,#18200,#18120,#18040,#18030,#18020,
#18010));
#18290=FACE_OUTER_BOUND('',#18280,.T.);
#18300=ADVANCED_FACE('',(#18290),#17950,.F.);
#18310=CARTESIAN_POINT('',(47.435,49.43,11.1125));
#18320=DIRECTION('',(0.707106781186546,2.4155268595135E-16,
0.707106781186549));
#18330=DIRECTION('',(-0.707106781186549,-3.92523114670943E-16,
0.707106781186546));
#18340=AXIS2_PLACEMENT_3D('',#18310,#18320,#18330);
#18350=PLANE('',#18340);
#18360=ORIENTED_EDGE('',*,*,#18000,.F.);
#18370=ORIENTED_EDGE('',*,*,#3000,.F.);
#18380=CARTESIAN_POINT('',(47.41,49.215,11.1375));
#18390=DIRECTION('',(-1.65242496688396E-14,1.,0.));
#18400=VECTOR('',#18390,1.);
#18410=LINE('',#18380,#18400);
#18420=EDGE_CURVE('',#12970,#2910,#18410,.T.);
#18430=ORIENTED_EDGE('',*,*,#18420,.T.);
#18440=ORIENTED_EDGE('',*,*,#12980,.F.);
#18450=EDGE_LOOP('',(#18440,#18430,#18370,#18360));
#18460=FACE_OUTER_BOUND('',#18450,.T.);
#18470=ADVANCED_FACE('',(#18460),#18350,.F.);
#18480=CARTESIAN_POINT('',(47.41,49.215,10.8));
#18490=DIRECTION('',(-1.,-3.41607084500048E-16,-0.));
#18500=DIRECTION('',(3.41607084500048E-16,-1.,0.));
#18510=AXIS2_PLACEMENT_3D('',#18480,#18490,#18500);
#18520=PLANE('',#18510);
#18530=ORIENTED_EDGE('',*,*,#13040,.F.);
#18540=ORIENTED_EDGE('',*,*,#18420,.F.);
#18550=ORIENTED_EDGE('',*,*,#2920,.T.);
#18560=ORIENTED_EDGE('',*,*,#11600,.T.);
#18570=EDGE_LOOP('',(#18560,#18550,#18540,#18530));
#18580=FACE_OUTER_BOUND('',#18570,.T.);
#18590=ADVANCED_FACE('',(#18580),#18520,.T.);
#18600=CARTESIAN_POINT('',(48.0687715809733,49.745,10.925));
#18610=DIRECTION('',(-0.,-0.,1.));
#18620=DIRECTION('',(1.,0.,-0.));
#18630=AXIS2_PLACEMENT_3D('',#18600,#18610,#18620);
#18640=PLANE('',#18630);
#18650=CARTESIAN_POINT('',(46.86,49.255,10.925));
#18660=DIRECTION('',(0.,-0.,-1.));
#18670=DIRECTION('',(7.10542735760141E-13,-1.,0.));
#18680=AXIS2_PLACEMENT_3D('',#18650,#18660,#18670);
#18690=CIRCLE('',#18680,0.05);
#18700=CARTESIAN_POINT('',(46.86,49.205,10.925));
#18710=VERTEX_POINT('',#18700);
#18720=CARTESIAN_POINT('',(46.81,49.255,10.925));
#18730=VERTEX_POINT('',#18720);
#18740=EDGE_CURVE('',#18710,#18730,#18690,.T.);
#18750=ORIENTED_EDGE('',*,*,#18740,.T.);
#18760=CARTESIAN_POINT('',(47.24,49.225,10.925));
#18770=DIRECTION('',(-0.998617829332511,-0.052558833122745,0.));
#18780=VECTOR('',#18770,1.);
#18790=LINE('',#18760,#18780);
#18800=CARTESIAN_POINT('',(47.24,49.225,10.925));
#18810=VERTEX_POINT('',#18800);
#18820=EDGE_CURVE('',#18810,#18710,#18790,.T.);
#18830=ORIENTED_EDGE('',*,*,#18820,.T.);
#18840=CARTESIAN_POINT('',(47.34,49.265,10.925));
#18850=DIRECTION('',(-0.928476690885273,-0.37139067635407,0.));
#18860=VECTOR('',#18850,1.);
#18870=LINE('',#18840,#18860);
#18880=CARTESIAN_POINT('',(47.34,49.265,10.925));
#18890=VERTEX_POINT('',#18880);
#18900=EDGE_CURVE('',#18890,#18810,#18870,.T.);
#18910=ORIENTED_EDGE('',*,*,#18900,.T.);
#18920=CARTESIAN_POINT('',(47.34,49.265,10.925));
#18930=DIRECTION('',(1.,0.,0.));
#18940=VECTOR('',#18930,1.);
#18950=LINE('',#18920,#18940);
#18960=CARTESIAN_POINT('',(47.38,49.265,10.925));
#18970=VERTEX_POINT('',#18960);
#18980=EDGE_CURVE('',#18890,#18970,#18950,.T.);
#18990=ORIENTED_EDGE('',*,*,#18980,.F.);
#19000=CARTESIAN_POINT('',(47.38,49.235,10.925));
#19010=DIRECTION('',(0.,0.,1.));
#19020=DIRECTION('',(1.,0.,0.));
#19030=AXIS2_PLACEMENT_3D('',#19000,#19010,#19020);
#19040=CIRCLE('',#19030,0.03);
#19050=CARTESIAN_POINT('',(47.41,49.235,10.925));
#19060=VERTEX_POINT('',#19050);
#19070=EDGE_CURVE('',#19060,#18970,#19040,.T.);
#19080=ORIENTED_EDGE('',*,*,#19070,.T.);
#19090=CARTESIAN_POINT('',(47.41,49.235,10.925));
#19100=DIRECTION('',(1.,0.,0.));
#19110=VECTOR('',#19100,1.);
#19120=LINE('',#19090,#19110);
#19130=EDGE_CURVE('',#19060,#18100,#19120,.T.);
#19140=ORIENTED_EDGE('',*,*,#19130,.F.);
#19150=ORIENTED_EDGE('',*,*,#18110,.T.);
#19160=ORIENTED_EDGE('',*,*,#3320,.T.);
#19170=CARTESIAN_POINT('',(47.36,49.485,10.925));
#19180=DIRECTION('',(0.,1.,0.));
#19190=VECTOR('',#19180,1.);
#19200=LINE('',#19170,#19190);
#19210=CARTESIAN_POINT('',(47.36,49.485,10.925));
#19220=VERTEX_POINT('',#19210);
#19230=EDGE_CURVE('',#19220,#3230,#19200,.T.);
#19240=ORIENTED_EDGE('',*,*,#19230,.T.);
#19250=CARTESIAN_POINT('',(47.36,49.425,10.925));
#19260=DIRECTION('',(0.,0.,1.));
#19270=DIRECTION('',(7.10542735760073E-13,-1.,0.));
#19280=AXIS2_PLACEMENT_3D('',#19250,#19260,#19270);
#19290=CIRCLE('',#19280,0.06);
#19300=CARTESIAN_POINT('',(47.36,49.365,10.925));
#19310=VERTEX_POINT('',#19300);
#19320=EDGE_CURVE('',#19310,#19220,#19290,.T.);
#19330=ORIENTED_EDGE('',*,*,#19320,.T.);
#19340=CARTESIAN_POINT('',(46.81,49.365,10.925));
#19350=DIRECTION('',(1.,0.,0.));
#19360=VECTOR('',#19350,1.);
#19370=LINE('',#19340,#19360);
#19380=CARTESIAN_POINT('',(46.81,49.365,10.925));
#19390=VERTEX_POINT('',#19380);
#19400=EDGE_CURVE('',#19390,#19310,#19370,.T.);
#19410=ORIENTED_EDGE('',*,*,#19400,.T.);
#19420=CARTESIAN_POINT('',(46.81,49.255,10.925));
#19430=DIRECTION('',(0.,1.,0.));
#19440=VECTOR('',#19430,1.);
#19450=LINE('',#19420,#19440);
#19460=EDGE_CURVE('',#18730,#19390,#19450,.T.);
#19470=ORIENTED_EDGE('',*,*,#19460,.T.);
#19480=EDGE_LOOP('',(#19470,#19410,#19330,#19240,#19160,#19150,#19140,
#19080,#18990,#18910,#18830,#18750));
#19490=FACE_OUTER_BOUND('',#19480,.T.);
#19500=ADVANCED_FACE('',(#19490),#18640,.F.);
#19510=CARTESIAN_POINT('',(46.81,49.255,10.925));
#19520=DIRECTION('',(-1.,-0.,-0.));
#19530=DIRECTION('',(0.,-1.,0.));
#19540=AXIS2_PLACEMENT_3D('',#19510,#19520,#19530);
#19550=PLANE('',#19540);
#19560=CARTESIAN_POINT('',(46.81,49.365,11.075));
#19570=DIRECTION('',(0.,0.,-1.));
#19580=VECTOR('',#19570,1.);
#19590=LINE('',#19560,#19580);
#19600=CARTESIAN_POINT('',(46.81,49.365,11.075));
#19610=VERTEX_POINT('',#19600);
#19620=EDGE_CURVE('',#19610,#19390,#19590,.T.);
#19630=ORIENTED_EDGE('',*,*,#19620,.T.);
#19640=CARTESIAN_POINT('',(46.81,49.255,11.075));
#19650=DIRECTION('',(0.,1.,0.));
#19660=VECTOR('',#19650,1.);
#19670=LINE('',#19640,#19660);
#19680=CARTESIAN_POINT('',(46.81,49.255,11.075));
#19690=VERTEX_POINT('',#19680);
#19700=EDGE_CURVE('',#19690,#19610,#19670,.T.);
#19710=ORIENTED_EDGE('',*,*,#19700,.T.);
#19720=CARTESIAN_POINT('',(46.81,49.255,11.075));
#19730=DIRECTION('',(0.,0.,-1.));
#19740=VECTOR('',#19730,1.);
#19750=LINE('',#19720,#19740);
#19760=EDGE_CURVE('',#19690,#18730,#19750,.T.);
#19770=ORIENTED_EDGE('',*,*,#19760,.F.);
#19780=ORIENTED_EDGE('',*,*,#19460,.F.);
#19790=EDGE_LOOP('',(#19780,#19770,#19710,#19630));
#19800=FACE_OUTER_BOUND('',#19790,.T.);
#19810=ADVANCED_FACE('',(#19800),#19550,.T.);
#19820=CARTESIAN_POINT('',(46.81,49.365,10.925));
#19830=DIRECTION('',(-0.,1.,-0.));
#19840=DIRECTION('',(-1.,-0.,0.));
#19850=AXIS2_PLACEMENT_3D('',#19820,#19830,#19840);
#19860=PLANE('',#19850);
#19870=CARTESIAN_POINT('',(47.36,49.365,10.925));
#19880=DIRECTION('',(0.,0.,1.));
#19890=VECTOR('',#19880,1.);
#19900=LINE('',#19870,#19890);
#19910=CARTESIAN_POINT('',(47.36,49.365,11.075));
#19920=VERTEX_POINT('',#19910);
#19930=EDGE_CURVE('',#19310,#19920,#19900,.T.);
#19940=ORIENTED_EDGE('',*,*,#19930,.F.);
#19950=CARTESIAN_POINT('',(46.81,49.365,11.075));
#19960=DIRECTION('',(1.,0.,0.));
#19970=VECTOR('',#19960,1.);
#19980=LINE('',#19950,#19970);
#19990=EDGE_CURVE('',#19610,#19920,#19980,.T.);
#20000=ORIENTED_EDGE('',*,*,#19990,.T.);
#20010=ORIENTED_EDGE('',*,*,#19620,.F.);
#20020=ORIENTED_EDGE('',*,*,#19400,.F.);
#20030=EDGE_LOOP('',(#20020,#20010,#20000,#19940));
#20040=FACE_OUTER_BOUND('',#20030,.T.);
#20050=ADVANCED_FACE('',(#20040),#19860,.T.);
#20060=CARTESIAN_POINT('',(47.36,49.425,10.925));
#20070=DIRECTION('',(-0.,-0.,1.));
#20080=DIRECTION('',(-1.,0.,-0.));
#20090=AXIS2_PLACEMENT_3D('',#20060,#20070,#20080);
#20100=CYLINDRICAL_SURFACE('',#20090,0.06);
#20110=CARTESIAN_POINT('',(47.36,49.485,11.075));
#20120=DIRECTION('',(0.,0.,-1.));
#20130=VECTOR('',#20120,1.);
#20140=LINE('',#20110,#20130);
#20150=CARTESIAN_POINT('',(47.36,49.485,11.075));
#20160=VERTEX_POINT('',#20150);
#20170=EDGE_CURVE('',#20160,#19220,#20140,.T.);
#20180=ORIENTED_EDGE('',*,*,#20170,.T.);
#20190=CARTESIAN_POINT('',(47.36,49.425,11.075));
#20200=DIRECTION('',(0.,0.,-1.));
#20210=DIRECTION('',(1.,0.,0.));
#20220=AXIS2_PLACEMENT_3D('',#20190,#20200,#20210);
#20230=CIRCLE('',#20220,0.06);
#20240=EDGE_CURVE('',#20160,#19920,#20230,.T.);
#20250=ORIENTED_EDGE('',*,*,#20240,.F.);
#20260=ORIENTED_EDGE('',*,*,#19930,.T.);
#20270=ORIENTED_EDGE('',*,*,#19320,.F.);
#20280=EDGE_LOOP('',(#20270,#20260,#20250,#20180));
#20290=FACE_OUTER_BOUND('',#20280,.T.);
#20300=ADVANCED_FACE('',(#20290),#20100,.F.);
#20310=CARTESIAN_POINT('',(47.36,49.485,10.925));
#20320=DIRECTION('',(-1.,-0.,-0.));
#20330=DIRECTION('',(0.,-1.,0.));
#20340=AXIS2_PLACEMENT_3D('',#20310,#20320,#20330);
#20350=PLANE('',#20340);
#20360=ORIENTED_EDGE('',*,*,#3240,.T.);
#20370=CARTESIAN_POINT('',(47.36,49.485,11.075));
#20380=DIRECTION('',(0.,1.,0.));
#20390=VECTOR('',#20380,1.);
#20400=LINE('',#20370,#20390);
#20410=EDGE_CURVE('',#20160,#3150,#20400,.T.);
#20420=ORIENTED_EDGE('',*,*,#20410,.T.);
#20430=ORIENTED_EDGE('',*,*,#20170,.F.);
#20440=ORIENTED_EDGE('',*,*,#19230,.F.);
#20450=EDGE_LOOP('',(#20440,#20430,#20420,#20360));
#20460=FACE_OUTER_BOUND('',#20450,.T.);
#20470=ADVANCED_FACE('',(#20460),#20350,.T.);
#20480=CARTESIAN_POINT('',(48.0687715809733,49.745,11.075));
#20490=DIRECTION('',(-0.,-0.,1.));
#20500=DIRECTION('',(1.,0.,-0.));
#20510=AXIS2_PLACEMENT_3D('',#20480,#20490,#20500);
#20520=PLANE('',#20510);
#20530=ORIENTED_EDGE('',*,*,#19700,.F.);
#20540=ORIENTED_EDGE('',*,*,#19990,.F.);
#20550=ORIENTED_EDGE('',*,*,#20240,.T.);
#20560=ORIENTED_EDGE('',*,*,#20410,.F.);
#20570=ORIENTED_EDGE('',*,*,#3160,.F.);
#20580=ORIENTED_EDGE('',*,*,#18250,.F.);
#20590=CARTESIAN_POINT('',(47.41,49.235,11.075));
#20600=DIRECTION('',(1.,0.,0.));
#20610=VECTOR('',#20600,1.);
#20620=LINE('',#20590,#20610);
#20630=CARTESIAN_POINT('',(47.41,49.235,11.075));
#20640=VERTEX_POINT('',#20630);
#20650=EDGE_CURVE('',#20640,#18180,#20620,.T.);
#20660=ORIENTED_EDGE('',*,*,#20650,.T.);
#20670=CARTESIAN_POINT('',(47.38,49.235,11.075));
#20680=DIRECTION('',(0.,0.,-1.));
#20690=DIRECTION('',(0.,1.,0.));
#20700=AXIS2_PLACEMENT_3D('',#20670,#20680,#20690);
#20710=CIRCLE('',#20700,0.03);
#20720=CARTESIAN_POINT('',(47.38,49.265,11.075));
#20730=VERTEX_POINT('',#20720);
#20740=EDGE_CURVE('',#20730,#20640,#20710,.T.);
#20750=ORIENTED_EDGE('',*,*,#20740,.T.);
#20760=CARTESIAN_POINT('',(47.34,49.265,11.075));
#20770=DIRECTION('',(1.,0.,0.));
#20780=VECTOR('',#20770,1.);
#20790=LINE('',#20760,#20780);
#20800=CARTESIAN_POINT('',(47.34,49.265,11.075));
#20810=VERTEX_POINT('',#20800);
#20820=EDGE_CURVE('',#20810,#20730,#20790,.T.);
#20830=ORIENTED_EDGE('',*,*,#20820,.T.);
#20840=CARTESIAN_POINT('',(47.24,49.225,11.075));
#20850=DIRECTION('',(0.928476690885273,0.37139067635407,0.));
#20860=VECTOR('',#20850,1.);
#20870=LINE('',#20840,#20860);
#20880=CARTESIAN_POINT('',(47.24,49.225,11.075));
#20890=VERTEX_POINT('',#20880);
#20900=EDGE_CURVE('',#20890,#20810,#20870,.T.);
#20910=ORIENTED_EDGE('',*,*,#20900,.T.);
#20920=CARTESIAN_POINT('',(46.86,49.205,11.075));
#20930=DIRECTION('',(0.998617829332511,0.052558833122745,0.));
#20940=VECTOR('',#20930,1.);
#20950=LINE('',#20920,#20940);
#20960=CARTESIAN_POINT('',(46.8599999999999,49.205,11.075));
#20970=VERTEX_POINT('',#20960);
#20980=EDGE_CURVE('',#20970,#20890,#20950,.T.);
#20990=ORIENTED_EDGE('',*,*,#20980,.T.);
#21000=CARTESIAN_POINT('',(46.86,49.255,11.075));
#21010=DIRECTION('',(0.,0.,1.));
#21020=DIRECTION('',(-1.,0.,0.));
#21030=AXIS2_PLACEMENT_3D('',#21000,#21010,#21020);
#21040=CIRCLE('',#21030,0.05);
#21050=EDGE_CURVE('',#19690,#20970,#21040,.T.);
#21060=ORIENTED_EDGE('',*,*,#21050,.T.);
#21070=EDGE_LOOP('',(#21060,#20990,#20910,#20830,#20750,#20660,#20580,
#20570,#20560,#20550,#20540,#20530));
#21080=FACE_OUTER_BOUND('',#21070,.T.);
#21090=ADVANCED_FACE('',(#21080),#20520,.T.);
#21100=CARTESIAN_POINT('',(46.86,49.255,10.925));
#21110=DIRECTION('',(-0.,-0.,-1.));
#21120=DIRECTION('',(1.,0.,0.));
#21130=AXIS2_PLACEMENT_3D('',#21100,#21110,#21120);
#21140=CYLINDRICAL_SURFACE('',#21130,0.05);
#21150=ORIENTED_EDGE('',*,*,#19760,.T.);
#21160=ORIENTED_EDGE('',*,*,#21050,.F.);
#21170=CARTESIAN_POINT('',(46.86,49.205,10.925));
#21180=DIRECTION('',(0.,0.,1.));
#21190=VECTOR('',#21180,1.);
#21200=LINE('',#21170,#21190);
#21210=EDGE_CURVE('',#18710,#20970,#21200,.T.);
#21220=ORIENTED_EDGE('',*,*,#21210,.T.);
#21230=ORIENTED_EDGE('',*,*,#18740,.F.);
#21240=EDGE_LOOP('',(#21230,#21220,#21160,#21150));
#21250=FACE_OUTER_BOUND('',#21240,.T.);
#21260=ADVANCED_FACE('',(#21250),#21140,.T.);
#21270=CARTESIAN_POINT('',(47.24,49.225,10.925));
#21280=DIRECTION('',(0.0525588331227304,-0.998617829332512,-0.));
#21290=DIRECTION('',(0.998617829332512,0.0525588331227304,0.));
#21300=AXIS2_PLACEMENT_3D('',#21270,#21280,#21290);
#21310=PLANE('',#21300);
#21320=ORIENTED_EDGE('',*,*,#21210,.F.);
#21330=ORIENTED_EDGE('',*,*,#20980,.F.);
#21340=CARTESIAN_POINT('',(47.24,49.225,11.075));
#21350=DIRECTION('',(0.,0.,-1.));
#21360=VECTOR('',#21350,1.);
#21370=LINE('',#21340,#21360);
#21380=EDGE_CURVE('',#20890,#18810,#21370,.T.);
#21390=ORIENTED_EDGE('',*,*,#21380,.F.);
#21400=ORIENTED_EDGE('',*,*,#18820,.F.);
#21410=EDGE_LOOP('',(#21400,#21390,#21330,#21320));
#21420=FACE_OUTER_BOUND('',#21410,.T.);
#21430=ADVANCED_FACE('',(#21420),#21310,.T.);
#21440=CARTESIAN_POINT('',(47.34,49.265,10.925));
#21450=DIRECTION('',(0.371390676354106,-0.928476690885259,-0.));
#21460=DIRECTION('',(0.928476690885258,0.371390676354106,0.));
#21470=AXIS2_PLACEMENT_3D('',#21440,#21450,#21460);
#21480=PLANE('',#21470);
#21490=ORIENTED_EDGE('',*,*,#21380,.T.);
#21500=ORIENTED_EDGE('',*,*,#20900,.F.);
#21510=CARTESIAN_POINT('',(47.34,49.265,11.075));
#21520=DIRECTION('',(0.,0.,-1.));
#21530=VECTOR('',#21520,1.);
#21540=LINE('',#21510,#21530);
#21550=EDGE_CURVE('',#20810,#18890,#21540,.T.);
#21560=ORIENTED_EDGE('',*,*,#21550,.F.);
#21570=ORIENTED_EDGE('',*,*,#18900,.F.);
#21580=EDGE_LOOP('',(#21570,#21560,#21500,#21490));
#21590=FACE_OUTER_BOUND('',#21580,.T.);
#21600=ADVANCED_FACE('',(#21590),#21480,.T.);
#21610=CARTESIAN_POINT('',(47.38,49.265,10.925));
#21620=DIRECTION('',(-0.,-1.,-0.));
#21630=DIRECTION('',(1.,0.,0.));
#21640=AXIS2_PLACEMENT_3D('',#21610,#21620,#21630);
#21650=PLANE('',#21640);
#21660=ORIENTED_EDGE('',*,*,#21550,.T.);
#21670=ORIENTED_EDGE('',*,*,#20820,.F.);
#21680=CARTESIAN_POINT('',(47.38,49.265,11.075));
#21690=DIRECTION('',(0.,0.,-1.));
#21700=VECTOR('',#21690,1.);
#21710=LINE('',#21680,#21700);
#21720=EDGE_CURVE('',#20730,#18970,#21710,.T.);
#21730=ORIENTED_EDGE('',*,*,#21720,.F.);
#21740=ORIENTED_EDGE('',*,*,#18980,.T.);
#21750=EDGE_LOOP('',(#21740,#21730,#21670,#21660));
#21760=FACE_OUTER_BOUND('',#21750,.T.);
#21770=ADVANCED_FACE('',(#21760),#21650,.T.);
#21780=CARTESIAN_POINT('',(47.38,49.235,10.925));
#21790=DIRECTION('',(-0.,-0.,1.));
#21800=DIRECTION('',(-1.,0.,-0.));
#21810=AXIS2_PLACEMENT_3D('',#21780,#21790,#21800);
#21820=CYLINDRICAL_SURFACE('',#21810,0.03);
#21830=ORIENTED_EDGE('',*,*,#21720,.T.);
#21840=ORIENTED_EDGE('',*,*,#20740,.F.);
#21850=CARTESIAN_POINT('',(47.41,49.235,10.925));
#21860=DIRECTION('',(0.,0.,1.));
#21870=VECTOR('',#21860,1.);
#21880=LINE('',#21850,#21870);
#21890=EDGE_CURVE('',#19060,#20640,#21880,.T.);
#21900=ORIENTED_EDGE('',*,*,#21890,.T.);
#21910=ORIENTED_EDGE('',*,*,#19070,.F.);
#21920=EDGE_LOOP('',(#21910,#21900,#21840,#21830));
#21930=FACE_OUTER_BOUND('',#21920,.T.);
#21940=ADVANCED_FACE('',(#21930),#21820,.F.);
#21950=CARTESIAN_POINT('',(47.51,49.235,10.925));
#21960=DIRECTION('',(-5.96744875736022E-15,-1.,-0.));
#21970=DIRECTION('',(1.,-5.96744875736022E-15,0.));
#21980=AXIS2_PLACEMENT_3D('',#21950,#21960,#21970);
#21990=PLANE('',#21980);
#22000=ORIENTED_EDGE('',*,*,#21890,.F.);
#22010=ORIENTED_EDGE('',*,*,#20650,.F.);
#22020=ORIENTED_EDGE('',*,*,#18190,.F.);
#22030=ORIENTED_EDGE('',*,*,#19130,.T.);
#22040=EDGE_LOOP('',(#22030,#22020,#22010,#22000));
#22050=FACE_OUTER_BOUND('',#22040,.T.);
#22060=ADVANCED_FACE('',(#22050),#21990,.T.);
#22070=CARTESIAN_POINT('',(48.0687715809733,49.745,10.525));
#22080=DIRECTION('',(-0.,-0.,1.));
#22090=DIRECTION('',(1.,0.,-0.));
#22100=AXIS2_PLACEMENT_3D('',#22070,#22080,#22090);
#22110=PLANE('',#22100);
#22120=CARTESIAN_POINT('',(46.86,49.255,10.525));
#22130=DIRECTION('',(0.,-0.,-1.));
#22140=DIRECTION('',(7.10542735760141E-13,-1.,0.));
#22150=AXIS2_PLACEMENT_3D('',#22120,#22130,#22140);
#22160=CIRCLE('',#22150,0.05);
#22170=CARTESIAN_POINT('',(46.86,49.205,10.525));
#22180=VERTEX_POINT('',#22170);
#22190=CARTESIAN_POINT('',(46.81,49.255,10.525));
#22200=VERTEX_POINT('',#22190);
#22210=EDGE_CURVE('',#22180,#22200,#22160,.T.);
#22220=ORIENTED_EDGE('',*,*,#22210,.T.);
#22230=CARTESIAN_POINT('',(47.24,49.225,10.525));
#22240=DIRECTION('',(-0.998617829332511,-0.052558833122745,0.));
#22250=VECTOR('',#22240,1.);
#22260=LINE('',#22230,#22250);
#22270=CARTESIAN_POINT('',(47.24,49.225,10.525));
#22280=VERTEX_POINT('',#22270);
#22290=EDGE_CURVE('',#22280,#22180,#22260,.T.);
#22300=ORIENTED_EDGE('',*,*,#22290,.T.);
#22310=CARTESIAN_POINT('',(47.34,49.265,10.525));
#22320=DIRECTION('',(-0.928476690885273,-0.37139067635407,0.));
#22330=VECTOR('',#22320,1.);
#22340=LINE('',#22310,#22330);
#22350=CARTESIAN_POINT('',(47.34,49.265,10.525));
#22360=VERTEX_POINT('',#22350);
#22370=EDGE_CURVE('',#22360,#22280,#22340,.T.);
#22380=ORIENTED_EDGE('',*,*,#22370,.T.);
#22390=CARTESIAN_POINT('',(47.34,49.265,10.525));
#22400=DIRECTION('',(1.,0.,0.));
#22410=VECTOR('',#22400,1.);
#22420=LINE('',#22390,#22410);
#22430=CARTESIAN_POINT('',(47.38,49.265,10.525));
#22440=VERTEX_POINT('',#22430);
#22450=EDGE_CURVE('',#22360,#22440,#22420,.T.);
#22460=ORIENTED_EDGE('',*,*,#22450,.F.);
#22470=CARTESIAN_POINT('',(47.38,49.235,10.525));
#22480=DIRECTION('',(0.,0.,1.));
#22490=DIRECTION('',(1.,0.,0.));
#22500=AXIS2_PLACEMENT_3D('',#22470,#22480,#22490);
#22510=CIRCLE('',#22500,0.03);
#22520=CARTESIAN_POINT('',(47.41,49.235,10.525));
#22530=VERTEX_POINT('',#22520);
#22540=EDGE_CURVE('',#22530,#22440,#22510,.T.);
#22550=ORIENTED_EDGE('',*,*,#22540,.T.);
#22560=CARTESIAN_POINT('',(47.41,49.235,10.525));
#22570=DIRECTION('',(1.,0.,0.));
#22580=VECTOR('',#22570,1.);
#22590=LINE('',#22560,#22580);
#22600=EDGE_CURVE('',#22530,#17190,#22590,.T.);
#22610=ORIENTED_EDGE('',*,*,#22600,.F.);
#22620=ORIENTED_EDGE('',*,*,#17200,.T.);
#22630=ORIENTED_EDGE('',*,*,#3960,.T.);
#22640=CARTESIAN_POINT('',(47.36,49.485,10.525));
#22650=DIRECTION('',(0.,1.,0.));
#22660=VECTOR('',#22650,1.);
#22670=LINE('',#22640,#22660);
#22680=CARTESIAN_POINT('',(47.36,49.485,10.525));
#22690=VERTEX_POINT('',#22680);
#22700=EDGE_CURVE('',#22690,#3870,#22670,.T.);
#22710=ORIENTED_EDGE('',*,*,#22700,.T.);
#22720=CARTESIAN_POINT('',(47.36,49.425,10.525));
#22730=DIRECTION('',(0.,0.,1.));
#22740=DIRECTION('',(7.10542735760073E-13,-1.,0.));
#22750=AXIS2_PLACEMENT_3D('',#22720,#22730,#22740);
#22760=CIRCLE('',#22750,0.06);
#22770=CARTESIAN_POINT('',(47.36,49.365,10.525));
#22780=VERTEX_POINT('',#22770);
#22790=EDGE_CURVE('',#22780,#22690,#22760,.T.);
#22800=ORIENTED_EDGE('',*,*,#22790,.T.);
#22810=CARTESIAN_POINT('',(46.81,49.365,10.525));
#22820=DIRECTION('',(1.,0.,0.));
#22830=VECTOR('',#22820,1.);
#22840=LINE('',#22810,#22830);
#22850=CARTESIAN_POINT('',(46.81,49.365,10.525));
#22860=VERTEX_POINT('',#22850);
#22870=EDGE_CURVE('',#22860,#22780,#22840,.T.);
#22880=ORIENTED_EDGE('',*,*,#22870,.T.);
#22890=CARTESIAN_POINT('',(46.81,49.255,10.525));
#22900=DIRECTION('',(0.,1.,0.));
#22910=VECTOR('',#22900,1.);
#22920=LINE('',#22890,#22910);
#22930=EDGE_CURVE('',#22200,#22860,#22920,.T.);
#22940=ORIENTED_EDGE('',*,*,#22930,.T.);
#22950=EDGE_LOOP('',(#22940,#22880,#22800,#22710,#22630,#22620,#22610,
#22550,#22460,#22380,#22300,#22220));
#22960=FACE_OUTER_BOUND('',#22950,.T.);
#22970=ADVANCED_FACE('',(#22960),#22110,.F.);
#22980=CARTESIAN_POINT('',(46.81,49.255,10.525));
#22990=DIRECTION('',(-1.,-0.,-0.));
#23000=DIRECTION('',(0.,-1.,0.));
#23010=AXIS2_PLACEMENT_3D('',#22980,#22990,#23000);
#23020=PLANE('',#23010);
#23030=CARTESIAN_POINT('',(46.81,49.365,10.675));
#23040=DIRECTION('',(0.,0.,-1.));
#23050=VECTOR('',#23040,1.);
#23060=LINE('',#23030,#23050);
#23070=CARTESIAN_POINT('',(46.81,49.365,10.675));
#23080=VERTEX_POINT('',#23070);
#23090=EDGE_CURVE('',#23080,#22860,#23060,.T.);
#23100=ORIENTED_EDGE('',*,*,#23090,.T.);
#23110=CARTESIAN_POINT('',(46.81,49.255,10.675));
#23120=DIRECTION('',(0.,1.,0.));
#23130=VECTOR('',#23120,1.);
#23140=LINE('',#23110,#23130);
#23150=CARTESIAN_POINT('',(46.81,49.255,10.675));
#23160=VERTEX_POINT('',#23150);
#23170=EDGE_CURVE('',#23160,#23080,#23140,.T.);
#23180=ORIENTED_EDGE('',*,*,#23170,.T.);
#23190=CARTESIAN_POINT('',(46.81,49.255,10.675));
#23200=DIRECTION('',(0.,0.,-1.));
#23210=VECTOR('',#23200,1.);
#23220=LINE('',#23190,#23210);
#23230=EDGE_CURVE('',#23160,#22200,#23220,.T.);
#23240=ORIENTED_EDGE('',*,*,#23230,.F.);
#23250=ORIENTED_EDGE('',*,*,#22930,.F.);
#23260=EDGE_LOOP('',(#23250,#23240,#23180,#23100));
#23270=FACE_OUTER_BOUND('',#23260,.T.);
#23280=ADVANCED_FACE('',(#23270),#23020,.T.);
#23290=CARTESIAN_POINT('',(46.81,49.365,10.525));
#23300=DIRECTION('',(-0.,1.,-0.));
#23310=DIRECTION('',(-1.,-0.,0.));
#23320=AXIS2_PLACEMENT_3D('',#23290,#23300,#23310);
#23330=PLANE('',#23320);
#23340=CARTESIAN_POINT('',(47.36,49.365,10.525));
#23350=DIRECTION('',(0.,0.,1.));
#23360=VECTOR('',#23350,1.);
#23370=LINE('',#23340,#23360);
#23380=CARTESIAN_POINT('',(47.36,49.365,10.675));
#23390=VERTEX_POINT('',#23380);
#23400=EDGE_CURVE('',#22780,#23390,#23370,.T.);
#23410=ORIENTED_EDGE('',*,*,#23400,.F.);
#23420=CARTESIAN_POINT('',(46.81,49.365,10.675));
#23430=DIRECTION('',(1.,0.,0.));
#23440=VECTOR('',#23430,1.);
#23450=LINE('',#23420,#23440);
#23460=EDGE_CURVE('',#23080,#23390,#23450,.T.);
#23470=ORIENTED_EDGE('',*,*,#23460,.T.);
#23480=ORIENTED_EDGE('',*,*,#23090,.F.);
#23490=ORIENTED_EDGE('',*,*,#22870,.F.);
#23500=EDGE_LOOP('',(#23490,#23480,#23470,#23410));
#23510=FACE_OUTER_BOUND('',#23500,.T.);
#23520=ADVANCED_FACE('',(#23510),#23330,.T.);
#23530=CARTESIAN_POINT('',(47.36,49.425,10.525));
#23540=DIRECTION('',(-0.,-0.,1.));
#23550=DIRECTION('',(-1.,0.,-0.));
#23560=AXIS2_PLACEMENT_3D('',#23530,#23540,#23550);
#23570=CYLINDRICAL_SURFACE('',#23560,0.06);
#23580=CARTESIAN_POINT('',(47.36,49.485,10.675));
#23590=DIRECTION('',(0.,0.,-1.));
#23600=VECTOR('',#23590,1.);
#23610=LINE('',#23580,#23600);
#23620=CARTESIAN_POINT('',(47.36,49.485,10.675));
#23630=VERTEX_POINT('',#23620);
#23640=EDGE_CURVE('',#23630,#22690,#23610,.T.);
#23650=ORIENTED_EDGE('',*,*,#23640,.T.);
#23660=CARTESIAN_POINT('',(47.36,49.425,10.675));
#23670=DIRECTION('',(0.,0.,-1.));
#23680=DIRECTION('',(1.,0.,0.));
#23690=AXIS2_PLACEMENT_3D('',#23660,#23670,#23680);
#23700=CIRCLE('',#23690,0.06);
#23710=EDGE_CURVE('',#23630,#23390,#23700,.T.);
#23720=ORIENTED_EDGE('',*,*,#23710,.F.);
#23730=ORIENTED_EDGE('',*,*,#23400,.T.);
#23740=ORIENTED_EDGE('',*,*,#22790,.F.);
#23750=EDGE_LOOP('',(#23740,#23730,#23720,#23650));
#23760=FACE_OUTER_BOUND('',#23750,.T.);
#23770=ADVANCED_FACE('',(#23760),#23570,.F.);
#23780=CARTESIAN_POINT('',(47.36,49.485,10.525));
#23790=DIRECTION('',(-1.,-0.,-0.));
#23800=DIRECTION('',(0.,-1.,0.));
#23810=AXIS2_PLACEMENT_3D('',#23780,#23790,#23800);
#23820=PLANE('',#23810);
#23830=ORIENTED_EDGE('',*,*,#3880,.T.);
#23840=CARTESIAN_POINT('',(47.36,49.485,10.675));
#23850=DIRECTION('',(0.,1.,0.));
#23860=VECTOR('',#23850,1.);
#23870=LINE('',#23840,#23860);
#23880=EDGE_CURVE('',#23630,#3790,#23870,.T.);
#23890=ORIENTED_EDGE('',*,*,#23880,.T.);
#23900=ORIENTED_EDGE('',*,*,#23640,.F.);
#23910=ORIENTED_EDGE('',*,*,#22700,.F.);
#23920=EDGE_LOOP('',(#23910,#23900,#23890,#23830));
#23930=FACE_OUTER_BOUND('',#23920,.T.);
#23940=ADVANCED_FACE('',(#23930),#23820,.T.);
#23950=CARTESIAN_POINT('',(48.0687715809733,49.745,10.675));
#23960=DIRECTION('',(-0.,-0.,1.));
#23970=DIRECTION('',(1.,0.,-0.));
#23980=AXIS2_PLACEMENT_3D('',#23950,#23960,#23970);
#23990=PLANE('',#23980);
#24000=ORIENTED_EDGE('',*,*,#23170,.F.);
#24010=ORIENTED_EDGE('',*,*,#23460,.F.);
#24020=ORIENTED_EDGE('',*,*,#23710,.T.);
#24030=ORIENTED_EDGE('',*,*,#23880,.F.);
#24040=ORIENTED_EDGE('',*,*,#3800,.F.);
#24050=ORIENTED_EDGE('',*,*,#17340,.F.);
#24060=CARTESIAN_POINT('',(47.41,49.235,10.675));
#24070=DIRECTION('',(1.,0.,0.));
#24080=VECTOR('',#24070,1.);
#24090=LINE('',#24060,#24080);
#24100=CARTESIAN_POINT('',(47.41,49.235,10.675));
#24110=VERTEX_POINT('',#24100);
#24120=EDGE_CURVE('',#24110,#17270,#24090,.T.);
#24130=ORIENTED_EDGE('',*,*,#24120,.T.);
#24140=CARTESIAN_POINT('',(47.38,49.235,10.675));
#24150=DIRECTION('',(0.,0.,-1.));
#24160=DIRECTION('',(0.,1.,0.));
#24170=AXIS2_PLACEMENT_3D('',#24140,#24150,#24160);
#24180=CIRCLE('',#24170,0.03);
#24190=CARTESIAN_POINT('',(47.38,49.265,10.675));
#24200=VERTEX_POINT('',#24190);
#24210=EDGE_CURVE('',#24200,#24110,#24180,.T.);
#24220=ORIENTED_EDGE('',*,*,#24210,.T.);
#24230=CARTESIAN_POINT('',(47.34,49.265,10.675));
#24240=DIRECTION('',(1.,0.,0.));
#24250=VECTOR('',#24240,1.);
#24260=LINE('',#24230,#24250);
#24270=CARTESIAN_POINT('',(47.34,49.265,10.675));
#24280=VERTEX_POINT('',#24270);
#24290=EDGE_CURVE('',#24280,#24200,#24260,.T.);
#24300=ORIENTED_EDGE('',*,*,#24290,.T.);
#24310=CARTESIAN_POINT('',(47.24,49.225,10.675));
#24320=DIRECTION('',(0.928476690885273,0.37139067635407,0.));
#24330=VECTOR('',#24320,1.);
#24340=LINE('',#24310,#24330);
#24350=CARTESIAN_POINT('',(47.24,49.225,10.675));
#24360=VERTEX_POINT('',#24350);
#24370=EDGE_CURVE('',#24360,#24280,#24340,.T.);
#24380=ORIENTED_EDGE('',*,*,#24370,.T.);
#24390=CARTESIAN_POINT('',(46.86,49.205,10.675));
#24400=DIRECTION('',(0.998617829332511,0.052558833122745,0.));
#24410=VECTOR('',#24400,1.);
#24420=LINE('',#24390,#24410);
#24430=CARTESIAN_POINT('',(46.8599999999999,49.205,10.675));
#24440=VERTEX_POINT('',#24430);
#24450=EDGE_CURVE('',#24440,#24360,#24420,.T.);
#24460=ORIENTED_EDGE('',*,*,#24450,.T.);
#24470=CARTESIAN_POINT('',(46.86,49.255,10.675));
#24480=DIRECTION('',(0.,0.,1.));
#24490=DIRECTION('',(-1.,0.,0.));
#24500=AXIS2_PLACEMENT_3D('',#24470,#24480,#24490);
#24510=CIRCLE('',#24500,0.05);
#24520=EDGE_CURVE('',#23160,#24440,#24510,.T.);
#24530=ORIENTED_EDGE('',*,*,#24520,.T.);
#24540=EDGE_LOOP('',(#24530,#24460,#24380,#24300,#24220,#24130,#24050,
#24040,#24030,#24020,#24010,#24000));
#24550=FACE_OUTER_BOUND('',#24540,.T.);
#24560=ADVANCED_FACE('',(#24550),#23990,.T.);
#24570=CARTESIAN_POINT('',(46.86,49.255,10.525));
#24580=DIRECTION('',(-0.,-0.,-1.));
#24590=DIRECTION('',(1.,0.,0.));
#24600=AXIS2_PLACEMENT_3D('',#24570,#24580,#24590);
#24610=CYLINDRICAL_SURFACE('',#24600,0.05);
#24620=ORIENTED_EDGE('',*,*,#23230,.T.);
#24630=ORIENTED_EDGE('',*,*,#24520,.F.);
#24640=CARTESIAN_POINT('',(46.86,49.205,10.525));
#24650=DIRECTION('',(0.,0.,1.));
#24660=VECTOR('',#24650,1.);
#24670=LINE('',#24640,#24660);
#24680=EDGE_CURVE('',#22180,#24440,#24670,.T.);
#24690=ORIENTED_EDGE('',*,*,#24680,.T.);
#24700=ORIENTED_EDGE('',*,*,#22210,.F.);
#24710=EDGE_LOOP('',(#24700,#24690,#24630,#24620));
#24720=FACE_OUTER_BOUND('',#24710,.T.);
#24730=ADVANCED_FACE('',(#24720),#24610,.T.);
#24740=CARTESIAN_POINT('',(47.24,49.225,10.525));
#24750=DIRECTION('',(0.0525588331227304,-0.998617829332512,-0.));
#24760=DIRECTION('',(0.998617829332512,0.0525588331227304,0.));
#24770=AXIS2_PLACEMENT_3D('',#24740,#24750,#24760);
#24780=PLANE('',#24770);
#24790=ORIENTED_EDGE('',*,*,#24680,.F.);
#24800=ORIENTED_EDGE('',*,*,#24450,.F.);
#24810=CARTESIAN_POINT('',(47.24,49.225,10.675));
#24820=DIRECTION('',(0.,0.,-1.));
#24830=VECTOR('',#24820,1.);
#24840=LINE('',#24810,#24830);
#24850=EDGE_CURVE('',#24360,#22280,#24840,.T.);
#24860=ORIENTED_EDGE('',*,*,#24850,.F.);
#24870=ORIENTED_EDGE('',*,*,#22290,.F.);
#24880=EDGE_LOOP('',(#24870,#24860,#24800,#24790));
#24890=FACE_OUTER_BOUND('',#24880,.T.);
#24900=ADVANCED_FACE('',(#24890),#24780,.T.);
#24910=CARTESIAN_POINT('',(47.34,49.265,10.525));
#24920=DIRECTION('',(0.371390676354106,-0.928476690885259,-0.));
#24930=DIRECTION('',(0.928476690885258,0.371390676354106,0.));
#24940=AXIS2_PLACEMENT_3D('',#24910,#24920,#24930);
#24950=PLANE('',#24940);
#24960=ORIENTED_EDGE('',*,*,#24850,.T.);
#24970=ORIENTED_EDGE('',*,*,#24370,.F.);
#24980=CARTESIAN_POINT('',(47.34,49.265,10.675));
#24990=DIRECTION('',(0.,0.,-1.));
#25000=VECTOR('',#24990,1.);
#25010=LINE('',#24980,#25000);
#25020=EDGE_CURVE('',#24280,#22360,#25010,.T.);
#25030=ORIENTED_EDGE('',*,*,#25020,.F.);
#25040=ORIENTED_EDGE('',*,*,#22370,.F.);
#25050=EDGE_LOOP('',(#25040,#25030,#24970,#24960));
#25060=FACE_OUTER_BOUND('',#25050,.T.);
#25070=ADVANCED_FACE('',(#25060),#24950,.T.);
#25080=CARTESIAN_POINT('',(47.38,49.265,10.525));
#25090=DIRECTION('',(-0.,-1.,-0.));
#25100=DIRECTION('',(1.,0.,0.));
#25110=AXIS2_PLACEMENT_3D('',#25080,#25090,#25100);
#25120=PLANE('',#25110);
#25130=ORIENTED_EDGE('',*,*,#25020,.T.);
#25140=ORIENTED_EDGE('',*,*,#24290,.F.);
#25150=CARTESIAN_POINT('',(47.38,49.265,10.675));
#25160=DIRECTION('',(0.,0.,-1.));
#25170=VECTOR('',#25160,1.);
#25180=LINE('',#25150,#25170);
#25190=EDGE_CURVE('',#24200,#22440,#25180,.T.);
#25200=ORIENTED_EDGE('',*,*,#25190,.F.);
#25210=ORIENTED_EDGE('',*,*,#22450,.T.);
#25220=EDGE_LOOP('',(#25210,#25200,#25140,#25130));
#25230=FACE_OUTER_BOUND('',#25220,.T.);
#25240=ADVANCED_FACE('',(#25230),#25120,.T.);
#25250=CARTESIAN_POINT('',(47.38,49.235,10.525));
#25260=DIRECTION('',(-0.,-0.,1.));
#25270=DIRECTION('',(-1.,0.,-0.));
#25280=AXIS2_PLACEMENT_3D('',#25250,#25260,#25270);
#25290=CYLINDRICAL_SURFACE('',#25280,0.03);
#25300=ORIENTED_EDGE('',*,*,#25190,.T.);
#25310=ORIENTED_EDGE('',*,*,#24210,.F.);
#25320=CARTESIAN_POINT('',(47.41,49.235,10.525));
#25330=DIRECTION('',(0.,0.,1.));
#25340=VECTOR('',#25330,1.);
#25350=LINE('',#25320,#25340);
#25360=EDGE_CURVE('',#22530,#24110,#25350,.T.);
#25370=ORIENTED_EDGE('',*,*,#25360,.T.);
#25380=ORIENTED_EDGE('',*,*,#22540,.F.);
#25390=EDGE_LOOP('',(#25380,#25370,#25310,#25300));
#25400=FACE_OUTER_BOUND('',#25390,.T.);
#25410=ADVANCED_FACE('',(#25400),#25290,.F.);
#25420=CARTESIAN_POINT('',(47.51,49.235,10.525));
#25430=DIRECTION('',(-5.96744875736022E-15,-1.,-0.));
#25440=DIRECTION('',(1.,-5.96744875736022E-15,0.));
#25450=AXIS2_PLACEMENT_3D('',#25420,#25430,#25440);
#25460=PLANE('',#25450);
#25470=ORIENTED_EDGE('',*,*,#25360,.F.);
#25480=ORIENTED_EDGE('',*,*,#24120,.F.);
#25490=ORIENTED_EDGE('',*,*,#17280,.F.);
#25500=ORIENTED_EDGE('',*,*,#22600,.T.);
#25510=EDGE_LOOP('',(#25500,#25490,#25480,#25470));
#25520=FACE_OUTER_BOUND('',#25510,.T.);
#25530=ADVANCED_FACE('',(#25520),#25460,.T.);
#25540=CARTESIAN_POINT('',(47.435,49.43,10.3125));
#25550=DIRECTION('',(0.707106781186547,2.4155268595135E-16,
0.707106781186548));
#25560=DIRECTION('',(-0.707106781186548,-3.92523114670943E-16,
0.707106781186547));
#25570=AXIS2_PLACEMENT_3D('',#25540,#25550,#25560);
#25580=PLANE('',#25570);
#25590=ORIENTED_EDGE('',*,*,#4280,.F.);
#25600=ORIENTED_EDGE('',*,*,#16710,.T.);
#25610=ORIENTED_EDGE('',*,*,#16500,.F.);
#25620=CARTESIAN_POINT('',(47.46,49.215,10.2875));
#25630=DIRECTION('',(0.,1.,0.));
#25640=VECTOR('',#25630,1.);
#25650=LINE('',#25620,#25640);
#25660=EDGE_CURVE('',#16410,#4270,#25650,.T.);
#25670=ORIENTED_EDGE('',*,*,#25660,.F.);
#25680=EDGE_LOOP('',(#25670,#25610,#25600,#25590));
#25690=FACE_OUTER_BOUND('',#25680,.T.);
#25700=ADVANCED_FACE('',(#25690),#25580,.F.);
#25710=CARTESIAN_POINT('',(47.46,49.215,10.2875));
#25720=DIRECTION('',(1.,3.41607084500048E-16,-0.));
#25730=DIRECTION('',(-3.41607084500048E-16,1.,0.));
#25740=AXIS2_PLACEMENT_3D('',#25710,#25720,#25730);
#25750=PLANE('',#25740);
#25760=ORIENTED_EDGE('',*,*,#25660,.T.);
#25770=ORIENTED_EDGE('',*,*,#16420,.T.);
#25780=CARTESIAN_POINT('',(47.46,49.645,10.1125));
#25790=DIRECTION('',(0.,-1.,0.));
#25800=VECTOR('',#25790,1.);
#25810=LINE('',#25780,#25800);
#25820=EDGE_CURVE('',#4670,#16330,#25810,.T.);
#25830=ORIENTED_EDGE('',*,*,#25820,.T.);
#25840=ORIENTED_EDGE('',*,*,#4680,.F.);
#25850=CARTESIAN_POINT('',(47.46,49.645,10.125));
#25860=DIRECTION('',(0.,-1.,0.));
#25870=VECTOR('',#25860,1.);
#25880=LINE('',#25850,#25870);
#25890=CARTESIAN_POINT('',(47.46,49.235,10.125));
#25900=VERTEX_POINT('',#25890);
#25910=EDGE_CURVE('',#4590,#25900,#25880,.T.);
#25920=ORIENTED_EDGE('',*,*,#25910,.F.);
#25930=CARTESIAN_POINT('',(47.46,49.235,10.275));
#25940=DIRECTION('',(0.,0.,-1.));
#25950=VECTOR('',#25940,1.);
#25960=LINE('',#25930,#25950);
#25970=CARTESIAN_POINT('',(47.46,49.235,10.275));
#25980=VERTEX_POINT('',#25970);
#25990=EDGE_CURVE('',#25980,#25900,#25960,.T.);
#26000=ORIENTED_EDGE('',*,*,#25990,.T.);
#26010=CARTESIAN_POINT('',(47.46,49.645,10.275));
#26020=DIRECTION('',(0.,-1.,0.));
#26030=VECTOR('',#26020,1.);
#26040=LINE('',#26010,#26030);
#26050=EDGE_CURVE('',#4350,#25980,#26040,.T.);
#26060=ORIENTED_EDGE('',*,*,#26050,.T.);
#26070=ORIENTED_EDGE('',*,*,#4360,.F.);
#26080=EDGE_LOOP('',(#26070,#26060,#26000,#25920,#25840,#25830,#25770,
#25760));
#26090=FACE_OUTER_BOUND('',#26080,.T.);
#26100=ADVANCED_FACE('',(#26090),#25750,.F.);
#26110=CARTESIAN_POINT('',(47.435,49.43,10.0875));
#26120=DIRECTION('',(-0.707106781186547,-2.4155268595135E-16,
0.707106781186548));
#26130=DIRECTION('',(-0.707106781186548,-3.92523114670943E-16,
-0.707106781186547));
#26140=AXIS2_PLACEMENT_3D('',#26110,#26120,#26130);
#26150=PLANE('',#26140);
#26160=ORIENTED_EDGE('',*,*,#16340,.F.);
#26170=CARTESIAN_POINT('',(47.41,49.215,10.0625));
#26180=DIRECTION('',(0.,1.,0.));
#26190=VECTOR('',#26180,1.);
#26200=LINE('',#26170,#26190);
#26210=EDGE_CURVE('',#16250,#4750,#26200,.T.);
#26220=ORIENTED_EDGE('',*,*,#26210,.F.);
#26230=ORIENTED_EDGE('',*,*,#4760,.F.);
#26240=ORIENTED_EDGE('',*,*,#25820,.F.);
#26250=EDGE_LOOP('',(#26240,#26230,#26220,#26160));
#26260=FACE_OUTER_BOUND('',#26250,.T.);
#26270=ADVANCED_FACE('',(#26260),#26150,.T.);
#26280=CARTESIAN_POINT('',(47.41,49.445,9.84624999999998));
#26290=DIRECTION('',(1.,3.41607084500048E-16,-0.));
#26300=DIRECTION('',(-0.,-0.,-1.));
#26310=AXIS2_PLACEMENT_3D('',#26280,#26290,#26300);
#26320=PLANE('',#26310);
#26330=ORIENTED_EDGE('',*,*,#4840,.F.);
#26340=ORIENTED_EDGE('',*,*,#26210,.T.);
#26350=ORIENTED_EDGE('',*,*,#16260,.T.);
#26360=CARTESIAN_POINT('',(47.41,49.235,9.91499999999998));
#26370=DIRECTION('',(0.,-0.707106781186422,0.707106781186673));
#26380=VECTOR('',#26370,1.);
#26390=LINE('',#26360,#26380);
#26400=CARTESIAN_POINT('',(47.41,49.235,9.91499999999998));
#26410=VERTEX_POINT('',#26400);
#26420=EDGE_CURVE('',#26410,#16170,#26390,.T.);
#26430=ORIENTED_EDGE('',*,*,#26420,.T.);
#26440=CARTESIAN_POINT('',(47.41,49.235,9.91499999999998));
#26450=DIRECTION('',(0.,0.,-1.));
#26460=VECTOR('',#26450,1.);
#26470=LINE('',#26440,#26460);
#26480=CARTESIAN_POINT('',(47.41,49.235,9.64999999999998));
#26490=VERTEX_POINT('',#26480);
#26500=EDGE_CURVE('',#26410,#26490,#26470,.T.);
#26510=ORIENTED_EDGE('',*,*,#26500,.F.);
#26520=CARTESIAN_POINT('',(47.41,49.545,9.64999999999998));
#26530=DIRECTION('',(0.,-1.,0.));
#26540=VECTOR('',#26530,1.);
#26550=LINE('',#26520,#26540);
#26560=CARTESIAN_POINT('',(47.41,49.545,9.64999999999998));
#26570=VERTEX_POINT('',#26560);
#26580=EDGE_CURVE('',#26570,#26490,#26550,.T.);
#26590=ORIENTED_EDGE('',*,*,#26580,.T.);
#26600=CARTESIAN_POINT('',(47.41,49.545,9.34999999999998));
#26610=DIRECTION('',(0.,0.,1.));
#26620=VECTOR('',#26610,1.);
#26630=LINE('',#26600,#26620);
#26640=CARTESIAN_POINT('',(47.41,49.545,9.34999999999998));
#26650=VERTEX_POINT('',#26640);
#26660=EDGE_CURVE('',#26650,#26570,#26630,.T.);
#26670=ORIENTED_EDGE('',*,*,#26660,.T.);
#26680=CARTESIAN_POINT('',(47.41,49.955,9.34999999999998));
#26690=DIRECTION('',(0.,-1.,0.));
#26700=VECTOR('',#26690,1.);
#26710=LINE('',#26680,#26700);
#26720=CARTESIAN_POINT('',(47.41,49.955,9.34999999999999));
#26730=VERTEX_POINT('',#26720);
#26740=EDGE_CURVE('',#26730,#26650,#26710,.T.);
#26750=ORIENTED_EDGE('',*,*,#26740,.T.);
#26760=CARTESIAN_POINT('',(47.41,49.955,9.66000000000006));
#26770=DIRECTION('',(0.,0.,-1.));
#26780=VECTOR('',#26770,1.);
#26790=LINE('',#26760,#26780);
#26800=CARTESIAN_POINT('',(47.41,49.955,9.66));
#26810=VERTEX_POINT('',#26800);
#26820=EDGE_CURVE('',#26810,#26730,#26790,.T.);
#26830=ORIENTED_EDGE('',*,*,#26820,.T.);
#26840=CARTESIAN_POINT('',(47.41,49.9150000000001,9.69999999999998));
#26850=DIRECTION('',(0.,0.707106781186563,-0.707106781186532));
#26860=VECTOR('',#26850,1.);
#26870=LINE('',#26840,#26860);
#26880=CARTESIAN_POINT('',(47.41,49.915,9.69999999999998));
#26890=VERTEX_POINT('',#26880);
#26900=EDGE_CURVE('',#26890,#26810,#26870,.T.);
#26910=ORIENTED_EDGE('',*,*,#26900,.T.);
#26920=CARTESIAN_POINT('',(47.41,49.915,9.69999999999998));
#26930=DIRECTION('',(0.,-1.,0.));
#26940=VECTOR('',#26930,1.);
#26950=LINE('',#26920,#26940);
#26960=EDGE_CURVE('',#26890,#4830,#26950,.T.);
#26970=ORIENTED_EDGE('',*,*,#26960,.F.);
#26980=EDGE_LOOP('',(#26970,#26910,#26830,#26750,#26670,#26590,#26510,
#26430,#26350,#26340,#26330));
#26990=FACE_OUTER_BOUND('',#26980,.T.);
#27000=ADVANCED_FACE('',(#26990),#26320,.F.);
#27010=CARTESIAN_POINT('',(48.1449995839305,48.915,9.69999999999998));
#27020=DIRECTION('',(-0.,-0.,1.));
#27030=DIRECTION('',(1.,0.,-0.));
#27040=AXIS2_PLACEMENT_3D('',#27010,#27020,#27030);
#27050=PLANE('',#27040);
#27060=ORIENTED_EDGE('',*,*,#26960,.T.);
#27070=CARTESIAN_POINT('',(48.66,49.915,9.69999999999998));
#27080=DIRECTION('',(-1.,0.,0.));
#27090=VECTOR('',#27080,1.);
#27100=LINE('',#27070,#27090);
#27110=CARTESIAN_POINT('',(48.66,49.915,9.69999999999998));
#27120=VERTEX_POINT('',#27110);
#27130=EDGE_CURVE('',#27120,#26890,#27100,.T.);
#27140=ORIENTED_EDGE('',*,*,#27130,.T.);
#27150=CARTESIAN_POINT('',(48.71,49.865,9.69999999999998));
#27160=DIRECTION('',(-0.707106781186547,0.707106781186547,0.));
#27170=VECTOR('',#27160,1.);
#27180=LINE('',#27150,#27170);
#27190=CARTESIAN_POINT('',(48.71,49.865,9.69999999999998));
#27200=VERTEX_POINT('',#27190);
#27210=EDGE_CURVE('',#27200,#27120,#27180,.T.);
#27220=ORIENTED_EDGE('',*,*,#27210,.T.);
#27230=CARTESIAN_POINT('',(48.9839995839305,49.865,9.69999999999998));
#27240=DIRECTION('',(-1.,0.,0.));
#27250=VECTOR('',#27240,1.);
#27260=LINE('',#27230,#27250);
#27270=CARTESIAN_POINT('',(48.9839995839305,49.865,9.69999999999998));
#27280=VERTEX_POINT('',#27270);
#27290=EDGE_CURVE('',#27280,#27200,#27260,.T.);
#27300=ORIENTED_EDGE('',*,*,#27290,.T.);
#27310=CARTESIAN_POINT('',(48.9599995839305,49.935,9.69999999999998));
#27320=DIRECTION('',(0.324324324324334,-0.945945945945943,0.));
#27330=VECTOR('',#27320,1.);
#27340=LINE('',#27310,#27330);
#27350=CARTESIAN_POINT('',(48.9599995839305,49.935,9.69999999999998));
#27360=VERTEX_POINT('',#27350);
#27370=EDGE_CURVE('',#27360,#27280,#27340,.T.);
#27380=ORIENTED_EDGE('',*,*,#27370,.T.);
#27390=CARTESIAN_POINT('',(48.589999583931,49.935,9.69999999999998));
#27400=DIRECTION('',(1.,0.,0.));
#27410=VECTOR('',#27400,1.);
#27420=LINE('',#27390,#27410);
#27430=CARTESIAN_POINT('',(48.5899995839307,49.9349999999999,
9.69999999999998));
#27440=VERTEX_POINT('',#27430);
#27450=EDGE_CURVE('',#27440,#27360,#27420,.T.);
#27460=ORIENTED_EDGE('',*,*,#27450,.T.);
#27470=CARTESIAN_POINT('',(48.5433329172643,49.955,9.69999999999998));
#27480=DIRECTION('',(0.919145030018087,-0.3939192985791,0.));
#27490=VECTOR('',#27480,1.);
#27500=LINE('',#27470,#27490);
#27510=CARTESIAN_POINT('',(48.5433329172641,49.955,9.69999999999998));
#27520=VERTEX_POINT('',#27510);
#27530=EDGE_CURVE('',#27520,#27440,#27500,.T.);
#27540=ORIENTED_EDGE('',*,*,#27530,.T.);
#27550=CARTESIAN_POINT('',(48.5433329172638,49.955,9.69999999999998));
#27560=DIRECTION('',(-1.,0.,0.));
#27570=VECTOR('',#27560,1.);
#27580=LINE('',#27550,#27570);
#27590=CARTESIAN_POINT('',(47.1099995839305,49.955,9.69999999999998));
#27600=VERTEX_POINT('',#27590);
#27610=EDGE_CURVE('',#27520,#27600,#27580,.T.);
#27620=ORIENTED_EDGE('',*,*,#27610,.F.);
#27630=CARTESIAN_POINT('',(47.1099995839305,49.825,9.69999999999998));
#27640=DIRECTION('',(0.,1.,0.));
#27650=VECTOR('',#27640,1.);
#27660=LINE('',#27630,#27650);
#27670=CARTESIAN_POINT('',(47.1099995839305,49.825,9.69999999999998));
#27680=VERTEX_POINT('',#27670);
#27690=EDGE_CURVE('',#27680,#27600,#27660,.T.);
#27700=ORIENTED_EDGE('',*,*,#27690,.T.);
#27710=CARTESIAN_POINT('',(47.2399995839305,49.645,9.69999999999998));
#27720=DIRECTION('',(-0.585490553844346,0.81067922839989,0.));
#27730=VECTOR('',#27720,1.);
#27740=LINE('',#27710,#27730);
#27750=EDGE_CURVE('',#4910,#27680,#27740,.T.);
#27760=ORIENTED_EDGE('',*,*,#27750,.T.);
#27770=ORIENTED_EDGE('',*,*,#4920,.T.);
#27780=EDGE_LOOP('',(#27770,#27760,#27700,#27620,#27540,#27460,#27380,
#27300,#27220,#27140,#27060));
#27790=FACE_OUTER_BOUND('',#27780,.T.);
#27800=ADVANCED_FACE('',(#27790),#27050,.F.);
#27810=CARTESIAN_POINT('',(48.01,49.94,9.67499999999998));
#27820=DIRECTION('',(-0.,-0.707106781186557,-0.707106781186538));
#27830=DIRECTION('',(0.,0.707106781186538,-0.707106781186557));
#27840=AXIS2_PLACEMENT_3D('',#27810,#27820,#27830);
#27850=PLANE('',#27840);
#27860=ORIENTED_EDGE('',*,*,#26900,.F.);
#27870=CARTESIAN_POINT('',(47.41,49.955,9.65999999999998));
#27880=DIRECTION('',(1.,0.,0.));
#27890=VECTOR('',#27880,1.);
#27900=LINE('',#27870,#27890);
#27910=CARTESIAN_POINT('',(48.62,49.955,9.65999999999998));
#27920=VERTEX_POINT('',#27910);
#27930=EDGE_CURVE('',#26810,#27920,#27900,.T.);
#27940=ORIENTED_EDGE('',*,*,#27930,.F.);
#27950=CARTESIAN_POINT('',(48.66,49.915,9.69999999999998));
#27960=DIRECTION('',(-0.577350269189617,0.577350269189617,
-0.577350269189643));
#27970=VECTOR('',#27960,1.);
#27980=LINE('',#27950,#27970);
#27990=EDGE_CURVE('',#27120,#27920,#27980,.T.);
#28000=ORIENTED_EDGE('',*,*,#27990,.T.);
#28010=ORIENTED_EDGE('',*,*,#27130,.F.);
#28020=EDGE_LOOP('',(#28010,#28000,#27940,#27860));
#28030=FACE_OUTER_BOUND('',#28020,.T.);
#28040=ADVANCED_FACE('',(#28030),#27850,.F.);
#28050=CARTESIAN_POINT('',(49.33,49.955,12.));
#28060=DIRECTION('',(-0.,-1.,-0.));
#28070=DIRECTION('',(1.,0.,0.));
#28080=AXIS2_PLACEMENT_3D('',#28050,#28060,#28070);
#28090=PLANE('',#28080);
#28100=CARTESIAN_POINT('',(49.81,49.955,15.655));
#28110=DIRECTION('',(-1.,0.,0.));
#28120=VECTOR('',#28110,1.);
#28130=LINE('',#28100,#28120);
#28140=CARTESIAN_POINT('',(49.81,49.955,15.655));
#28150=VERTEX_POINT('',#28140);
#28160=CARTESIAN_POINT('',(49.77,49.955,15.655));
#28170=VERTEX_POINT('',#28160);
#28180=EDGE_CURVE('',#28150,#28170,#28130,.T.);
#28190=ORIENTED_EDGE('',*,*,#28180,.F.);
#28200=CARTESIAN_POINT('',(49.77,49.955,15.9));
#28210=DIRECTION('',(0.,0.,-1.));
#28220=VECTOR('',#28210,1.);
#28230=LINE('',#28200,#28220);
#28240=CARTESIAN_POINT('',(49.77,49.955,15.9));
#28250=VERTEX_POINT('',#28240);
#28260=EDGE_CURVE('',#28250,#28170,#28230,.T.);
#28270=ORIENTED_EDGE('',*,*,#28260,.T.);
#28280=CARTESIAN_POINT('',(49.77,49.955,15.9));
#28290=DIRECTION('',(-1.,0.,0.));
#28300=VECTOR('',#28290,1.);
#28310=LINE('',#28280,#28300);
#28320=CARTESIAN_POINT('',(47.46,49.955,15.9));
#28330=VERTEX_POINT('',#28320);
#28340=EDGE_CURVE('',#28250,#28330,#28310,.T.);
#28350=ORIENTED_EDGE('',*,*,#28340,.F.);
#28360=CARTESIAN_POINT('',(47.41,49.955,15.85));
#28370=DIRECTION('',(0.70710678118651,0.,0.707106781186585));
#28380=VECTOR('',#28370,1.);
#28390=LINE('',#28360,#28380);
#28400=EDGE_CURVE('',#2110,#28330,#28390,.T.);
#28410=ORIENTED_EDGE('',*,*,#28400,.T.);
#28420=ORIENTED_EDGE('',*,*,#2120,.T.);
#28430=CARTESIAN_POINT('',(47.41,49.955,15.54));
#28440=DIRECTION('',(1.,0.,0.));
#28450=VECTOR('',#28440,1.);
#28460=LINE('',#28430,#28450);
#28470=EDGE_CURVE('',#2030,#920,#28460,.T.);
#28480=ORIENTED_EDGE('',*,*,#28470,.F.);
#28490=ORIENTED_EDGE('',*,*,#930,.T.);
#28500=ORIENTED_EDGE('',*,*,#690,.T.);
#28510=CARTESIAN_POINT('',(49.27,49.955,15.5));
#28520=DIRECTION('',(0.,0.,1.));
#28530=VECTOR('',#28520,1.);
#28540=LINE('',#28510,#28530);
#28550=CARTESIAN_POINT('',(49.27,49.955,15.5));
#28560=VERTEX_POINT('',#28550);
#28570=EDGE_CURVE('',#28560,#600,#28540,.T.);
#28580=ORIENTED_EDGE('',*,*,#28570,.T.);
#28590=CARTESIAN_POINT('',(49.33,49.955,15.5));
#28600=DIRECTION('',(-1.,0.,0.));
#28610=VECTOR('',#28600,1.);
#28620=LINE('',#28590,#28610);
#28630=CARTESIAN_POINT('',(49.33,49.955,15.5));
#28640=VERTEX_POINT('',#28630);
#28650=EDGE_CURVE('',#28640,#28560,#28620,.T.);
#28660=ORIENTED_EDGE('',*,*,#28650,.T.);
#28670=CARTESIAN_POINT('',(49.33,49.955,15.5));
#28680=DIRECTION('',(0.,0.,-1.));
#28690=VECTOR('',#28680,1.);
#28700=LINE('',#28670,#28690);
#28710=CARTESIAN_POINT('',(49.33,49.955,15.1375));
#28720=VERTEX_POINT('',#28710);
#28730=EDGE_CURVE('',#28640,#28720,#28700,.T.);
#28740=ORIENTED_EDGE('',*,*,#28730,.F.);
#28750=CARTESIAN_POINT('',(49.38,49.955,15.0875));
#28760=DIRECTION('',(-0.707106781186535,0.,0.70710678118656));
#28770=VECTOR('',#28760,1.);
#28780=LINE('',#28750,#28770);
#28790=CARTESIAN_POINT('',(49.38,49.955,15.0875));
#28800=VERTEX_POINT('',#28790);
#28810=EDGE_CURVE('',#28800,#28720,#28780,.T.);
#28820=ORIENTED_EDGE('',*,*,#28810,.T.);
#28830=CARTESIAN_POINT('',(49.44,49.955,15.0875));
#28840=DIRECTION('',(-1.,0.,0.));
#28850=VECTOR('',#28840,1.);
#28860=LINE('',#28830,#28850);
#28870=CARTESIAN_POINT('',(49.44,49.955,15.0875));
#28880=VERTEX_POINT('',#28870);
#28890=EDGE_CURVE('',#28880,#28800,#28860,.T.);
#28900=ORIENTED_EDGE('',*,*,#28890,.T.);
#28910=CARTESIAN_POINT('',(49.44,49.955,15.0875));
#28920=DIRECTION('',(0.,0.,-1.));
#28930=VECTOR('',#28920,1.);
#28940=LINE('',#28910,#28930);
#28950=CARTESIAN_POINT('',(49.44,49.955,14.9125));
#28960=VERTEX_POINT('',#28950);
#28970=EDGE_CURVE('',#28880,#28960,#28940,.T.);
#28980=ORIENTED_EDGE('',*,*,#28970,.F.);
#28990=CARTESIAN_POINT('',(49.44,49.955,14.9125));
#29000=DIRECTION('',(-1.,0.,0.));
#29010=VECTOR('',#29000,1.);
#29020=LINE('',#28990,#29010);
#29030=CARTESIAN_POINT('',(49.38,49.955,14.9125));
#29040=VERTEX_POINT('',#29030);
#29050=EDGE_CURVE('',#28960,#29040,#29020,.T.);
#29060=ORIENTED_EDGE('',*,*,#29050,.F.);
#29070=CARTESIAN_POINT('',(49.33,49.955,14.8625));
#29080=DIRECTION('',(0.707106781186585,0.,0.70710678118651));
#29090=VECTOR('',#29080,1.);
#29100=LINE('',#29070,#29090);
#29110=CARTESIAN_POINT('',(49.33,49.955,14.8625));
#29120=VERTEX_POINT('',#29110);
#29130=EDGE_CURVE('',#29120,#29040,#29100,.T.);
#29140=ORIENTED_EDGE('',*,*,#29130,.T.);
#29150=CARTESIAN_POINT('',(49.33,49.955,14.8625));
#29160=DIRECTION('',(0.,0.,-1.));
#29170=VECTOR('',#29160,1.);
#29180=LINE('',#29150,#29170);
#29190=CARTESIAN_POINT('',(49.33,49.955,14.7375));
#29200=VERTEX_POINT('',#29190);
#29210=EDGE_CURVE('',#29120,#29200,#29180,.T.);
#29220=ORIENTED_EDGE('',*,*,#29210,.F.);
#29230=CARTESIAN_POINT('',(49.38,49.955,14.6875));
#29240=DIRECTION('',(-0.70710678118656,0.,0.707106781186535));
#29250=VECTOR('',#29240,1.);
#29260=LINE('',#29230,#29250);
#29270=CARTESIAN_POINT('',(49.38,49.955,14.6875));
#29280=VERTEX_POINT('',#29270);
#29290=EDGE_CURVE('',#29280,#29200,#29260,.T.);
#29300=ORIENTED_EDGE('',*,*,#29290,.T.);
#29310=CARTESIAN_POINT('',(49.44,49.955,14.6875));
#29320=DIRECTION('',(-1.,0.,0.));
#29330=VECTOR('',#29320,1.);
#29340=LINE('',#29310,#29330);
#29350=CARTESIAN_POINT('',(49.44,49.955,14.6875));
#29360=VERTEX_POINT('',#29350);
#29370=EDGE_CURVE('',#29360,#29280,#29340,.T.);
#29380=ORIENTED_EDGE('',*,*,#29370,.T.);
#29390=CARTESIAN_POINT('',(49.44,49.955,14.6875));
#29400=DIRECTION('',(0.,0.,-1.));
#29410=VECTOR('',#29400,1.);
#29420=LINE('',#29390,#29410);
#29430=CARTESIAN_POINT('',(49.44,49.955,14.5125));
#29440=VERTEX_POINT('',#29430);
#29450=EDGE_CURVE('',#29360,#29440,#29420,.T.);
#29460=ORIENTED_EDGE('',*,*,#29450,.F.);
#29470=CARTESIAN_POINT('',(49.44,49.955,14.5125));
#29480=DIRECTION('',(-1.,0.,0.));
#29490=VECTOR('',#29480,1.);
#29500=LINE('',#29470,#29490);
#29510=CARTESIAN_POINT('',(49.38,49.955,14.5125));
#29520=VERTEX_POINT('',#29510);
#29530=EDGE_CURVE('',#29440,#29520,#29500,.T.);
#29540=ORIENTED_EDGE('',*,*,#29530,.F.);
#29550=CARTESIAN_POINT('',(49.33,49.955,14.4625));
#29560=DIRECTION('',(0.707106781186585,0.,0.70710678118651));
#29570=VECTOR('',#29560,1.);
#29580=LINE('',#29550,#29570);
#29590=CARTESIAN_POINT('',(49.33,49.955,14.4625));
#29600=VERTEX_POINT('',#29590);
#29610=EDGE_CURVE('',#29600,#29520,#29580,.T.);
#29620=ORIENTED_EDGE('',*,*,#29610,.T.);
#29630=CARTESIAN_POINT('',(49.33,49.955,14.4625));
#29640=DIRECTION('',(0.,0.,-1.));
#29650=VECTOR('',#29640,1.);
#29660=LINE('',#29630,#29650);
#29670=CARTESIAN_POINT('',(49.33,49.955,14.3375));
#29680=VERTEX_POINT('',#29670);
#29690=EDGE_CURVE('',#29600,#29680,#29660,.T.);
#29700=ORIENTED_EDGE('',*,*,#29690,.F.);
#29710=CARTESIAN_POINT('',(49.38,49.955,14.2875));
#29720=DIRECTION('',(-0.70710678118651,0.,0.707106781186585));
#29730=VECTOR('',#29720,1.);
#29740=LINE('',#29710,#29730);
#29750=CARTESIAN_POINT('',(49.38,49.955,14.2875));
#29760=VERTEX_POINT('',#29750);
#29770=EDGE_CURVE('',#29760,#29680,#29740,.T.);
#29780=ORIENTED_EDGE('',*,*,#29770,.T.);
#29790=CARTESIAN_POINT('',(49.44,49.955,14.2875));
#29800=DIRECTION('',(-1.,0.,0.));
#29810=VECTOR('',#29800,1.);
#29820=LINE('',#29790,#29810);
#29830=CARTESIAN_POINT('',(49.44,49.955,14.2875));
#29840=VERTEX_POINT('',#29830);
#29850=EDGE_CURVE('',#29840,#29760,#29820,.T.);
#29860=ORIENTED_EDGE('',*,*,#29850,.T.);
#29870=CARTESIAN_POINT('',(49.44,49.955,14.1125));
#29880=DIRECTION('',(0.,0.,1.));
#29890=VECTOR('',#29880,1.);
#29900=LINE('',#29870,#29890);
#29910=CARTESIAN_POINT('',(49.44,49.955,14.1125));
#29920=VERTEX_POINT('',#29910);
#29930=EDGE_CURVE('',#29920,#29840,#29900,.T.);
#29940=ORIENTED_EDGE('',*,*,#29930,.T.);
#29950=CARTESIAN_POINT('',(49.44,49.955,14.1125));
#29960=DIRECTION('',(-1.,0.,0.));
#29970=VECTOR('',#29960,1.);
#29980=LINE('',#29950,#29970);
#29990=CARTESIAN_POINT('',(49.38,49.955,14.1125));
#30000=VERTEX_POINT('',#29990);
#30010=EDGE_CURVE('',#29920,#30000,#29980,.T.);
#30020=ORIENTED_EDGE('',*,*,#30010,.F.);
#30030=CARTESIAN_POINT('',(49.33,49.955,14.0625));
#30040=DIRECTION('',(0.707106781186573,0.,0.707106781186522));
#30050=VECTOR('',#30040,1.);
#30060=LINE('',#30030,#30050);
#30070=CARTESIAN_POINT('',(49.33,49.955,14.0625));
#30080=VERTEX_POINT('',#30070);
#30090=EDGE_CURVE('',#30080,#30000,#30060,.T.);
#30100=ORIENTED_EDGE('',*,*,#30090,.T.);
#30110=CARTESIAN_POINT('',(49.33,49.955,13.9375));
#30120=DIRECTION('',(0.,0.,1.));
#30130=VECTOR('',#30120,1.);
#30140=LINE('',#30110,#30130);
#30150=CARTESIAN_POINT('',(49.33,49.955,13.9375));
#30160=VERTEX_POINT('',#30150);
#30170=EDGE_CURVE('',#30160,#30080,#30140,.T.);
#30180=ORIENTED_EDGE('',*,*,#30170,.T.);
#30190=CARTESIAN_POINT('',(49.38,49.955,13.8875));
#30200=DIRECTION('',(-0.707106781186573,0.,0.707106781186522));
#30210=VECTOR('',#30200,1.);
#30220=LINE('',#30190,#30210);
#30230=CARTESIAN_POINT('',(49.38,49.955,13.8875));
#30240=VERTEX_POINT('',#30230);
#30250=EDGE_CURVE('',#30240,#30160,#30220,.T.);
#30260=ORIENTED_EDGE('',*,*,#30250,.T.);
#30270=CARTESIAN_POINT('',(49.44,49.955,13.8875));
#30280=DIRECTION('',(-1.,0.,0.));
#30290=VECTOR('',#30280,1.);
#30300=LINE('',#30270,#30290);
#30310=CARTESIAN_POINT('',(49.44,49.955,13.8875));
#30320=VERTEX_POINT('',#30310);
#30330=EDGE_CURVE('',#30320,#30240,#30300,.T.);
#30340=ORIENTED_EDGE('',*,*,#30330,.T.);
#30350=CARTESIAN_POINT('',(49.44,49.955,13.7125));
#30360=DIRECTION('',(0.,0.,1.));
#30370=VECTOR('',#30360,1.);
#30380=LINE('',#30350,#30370);
#30390=CARTESIAN_POINT('',(49.44,49.955,13.7125));
#30400=VERTEX_POINT('',#30390);
#30410=EDGE_CURVE('',#30400,#30320,#30380,.T.);
#30420=ORIENTED_EDGE('',*,*,#30410,.T.);
#30430=CARTESIAN_POINT('',(49.44,49.955,13.7125));
#30440=DIRECTION('',(-1.,0.,0.));
#30450=VECTOR('',#30440,1.);
#30460=LINE('',#30430,#30450);
#30470=CARTESIAN_POINT('',(49.38,49.955,13.7125));
#30480=VERTEX_POINT('',#30470);
#30490=EDGE_CURVE('',#30400,#30480,#30460,.T.);
#30500=ORIENTED_EDGE('',*,*,#30490,.F.);
#30510=CARTESIAN_POINT('',(49.33,49.955,13.6625));
#30520=DIRECTION('',(0.70710678118651,0.,0.707106781186585));
#30530=VECTOR('',#30520,1.);
#30540=LINE('',#30510,#30530);
#30550=CARTESIAN_POINT('',(49.33,49.955,13.6625));
#30560=VERTEX_POINT('',#30550);
#30570=EDGE_CURVE('',#30560,#30480,#30540,.T.);
#30580=ORIENTED_EDGE('',*,*,#30570,.T.);
#30590=CARTESIAN_POINT('',(49.33,49.955,13.5375));
#30600=DIRECTION('',(0.,0.,1.));
#30610=VECTOR('',#30600,1.);
#30620=LINE('',#30590,#30610);
#30630=CARTESIAN_POINT('',(49.33,49.955,13.5375));
#30640=VERTEX_POINT('',#30630);
#30650=EDGE_CURVE('',#30640,#30560,#30620,.T.);
#30660=ORIENTED_EDGE('',*,*,#30650,.T.);
#30670=CARTESIAN_POINT('',(49.38,49.955,13.4875));
#30680=DIRECTION('',(-0.707106781186585,0.,0.70710678118651));
#30690=VECTOR('',#30680,1.);
#30700=LINE('',#30670,#30690);
#30710=CARTESIAN_POINT('',(49.38,49.955,13.4875));
#30720=VERTEX_POINT('',#30710);
#30730=EDGE_CURVE('',#30720,#30640,#30700,.T.);
#30740=ORIENTED_EDGE('',*,*,#30730,.T.);
#30750=CARTESIAN_POINT('',(49.44,49.955,13.4875));
#30760=DIRECTION('',(-1.,0.,0.));
#30770=VECTOR('',#30760,1.);
#30780=LINE('',#30750,#30770);
#30790=CARTESIAN_POINT('',(49.44,49.955,13.4875));
#30800=VERTEX_POINT('',#30790);
#30810=EDGE_CURVE('',#30800,#30720,#30780,.T.);
#30820=ORIENTED_EDGE('',*,*,#30810,.T.);
#30830=CARTESIAN_POINT('',(49.44,49.955,13.3125));
#30840=DIRECTION('',(0.,0.,1.));
#30850=VECTOR('',#30840,1.);
#30860=LINE('',#30830,#30850);
#30870=CARTESIAN_POINT('',(49.44,49.955,13.3125));
#30880=VERTEX_POINT('',#30870);
#30890=EDGE_CURVE('',#30880,#30800,#30860,.T.);
#30900=ORIENTED_EDGE('',*,*,#30890,.T.);
#30910=CARTESIAN_POINT('',(49.44,49.955,13.3125));
#30920=DIRECTION('',(-1.,0.,0.));
#30930=VECTOR('',#30920,1.);
#30940=LINE('',#30910,#30930);
#30950=CARTESIAN_POINT('',(49.38,49.955,13.3125));
#30960=VERTEX_POINT('',#30950);
#30970=EDGE_CURVE('',#30880,#30960,#30940,.T.);
#30980=ORIENTED_EDGE('',*,*,#30970,.F.);
#30990=CARTESIAN_POINT('',(49.33,49.955,13.2625));
#31000=DIRECTION('',(0.707106781186573,0.,0.707106781186522));
#31010=VECTOR('',#31000,1.);
#31020=LINE('',#30990,#31010);
#31030=CARTESIAN_POINT('',(49.33,49.955,13.2625));
#31040=VERTEX_POINT('',#31030);
#31050=EDGE_CURVE('',#31040,#30960,#31020,.T.);
#31060=ORIENTED_EDGE('',*,*,#31050,.T.);
#31070=CARTESIAN_POINT('',(49.33,49.955,13.2625));
#31080=DIRECTION('',(0.,0.,-1.));
#31090=VECTOR('',#31080,1.);
#31100=LINE('',#31070,#31090);
#31110=CARTESIAN_POINT('',(49.33,49.955,13.1375));
#31120=VERTEX_POINT('',#31110);
#31130=EDGE_CURVE('',#31040,#31120,#31100,.T.);
#31140=ORIENTED_EDGE('',*,*,#31130,.F.);
#31150=CARTESIAN_POINT('',(49.38,49.955,13.0875));
#31160=DIRECTION('',(-0.707106781186522,0.,0.707106781186573));
#31170=VECTOR('',#31160,1.);
#31180=LINE('',#31150,#31170);
#31190=CARTESIAN_POINT('',(49.38,49.955,13.0875));
#31200=VERTEX_POINT('',#31190);
#31210=EDGE_CURVE('',#31200,#31120,#31180,.T.);
#31220=ORIENTED_EDGE('',*,*,#31210,.T.);
#31230=CARTESIAN_POINT('',(49.44,49.955,13.0875));
#31240=DIRECTION('',(-1.,0.,0.));
#31250=VECTOR('',#31240,1.);
#31260=LINE('',#31230,#31250);
#31270=CARTESIAN_POINT('',(49.44,49.955,13.0875));
#31280=VERTEX_POINT('',#31270);
#31290=EDGE_CURVE('',#31280,#31200,#31260,.T.);
#31300=ORIENTED_EDGE('',*,*,#31290,.T.);
#31310=CARTESIAN_POINT('',(49.44,49.955,13.0875));
#31320=DIRECTION('',(0.,0.,-1.));
#31330=VECTOR('',#31320,1.);
#31340=LINE('',#31310,#31330);
#31350=CARTESIAN_POINT('',(49.44,49.955,12.9125));
#31360=VERTEX_POINT('',#31350);
#31370=EDGE_CURVE('',#31280,#31360,#31340,.T.);
#31380=ORIENTED_EDGE('',*,*,#31370,.F.);
#31390=CARTESIAN_POINT('',(49.44,49.955,12.9125));
#31400=DIRECTION('',(-1.,0.,0.));
#31410=VECTOR('',#31400,1.);
#31420=LINE('',#31390,#31410);
#31430=CARTESIAN_POINT('',(49.38,49.955,12.9125));
#31440=VERTEX_POINT('',#31430);
#31450=EDGE_CURVE('',#31360,#31440,#31420,.T.);
#31460=ORIENTED_EDGE('',*,*,#31450,.F.);
#31470=CARTESIAN_POINT('',(49.33,49.955,12.8625));
#31480=DIRECTION('',(0.707106781186585,0.,0.70710678118651));
#31490=VECTOR('',#31480,1.);
#31500=LINE('',#31470,#31490);
#31510=CARTESIAN_POINT('',(49.33,49.955,12.8625));
#31520=VERTEX_POINT('',#31510);
#31530=EDGE_CURVE('',#31520,#31440,#31500,.T.);
#31540=ORIENTED_EDGE('',*,*,#31530,.T.);
#31550=CARTESIAN_POINT('',(49.33,49.955,12.8625));
#31560=DIRECTION('',(0.,0.,-1.));
#31570=VECTOR('',#31560,1.);
#31580=LINE('',#31550,#31570);
#31590=CARTESIAN_POINT('',(49.33,49.955,12.7375));
#31600=VERTEX_POINT('',#31590);
#31610=EDGE_CURVE('',#31520,#31600,#31580,.T.);
#31620=ORIENTED_EDGE('',*,*,#31610,.F.);
#31630=CARTESIAN_POINT('',(49.38,49.955,12.6875));
#31640=DIRECTION('',(-0.70710678118656,0.,0.707106781186535));
#31650=VECTOR('',#31640,1.);
#31660=LINE('',#31630,#31650);
#31670=CARTESIAN_POINT('',(49.38,49.955,12.6875));
#31680=VERTEX_POINT('',#31670);
#31690=EDGE_CURVE('',#31680,#31600,#31660,.T.);
#31700=ORIENTED_EDGE('',*,*,#31690,.T.);
#31710=CARTESIAN_POINT('',(49.44,49.955,12.6875));
#31720=DIRECTION('',(-1.,0.,0.));
#31730=VECTOR('',#31720,1.);
#31740=LINE('',#31710,#31730);
#31750=CARTESIAN_POINT('',(49.44,49.955,12.6875));
#31760=VERTEX_POINT('',#31750);
#31770=EDGE_CURVE('',#31760,#31680,#31740,.T.);
#31780=ORIENTED_EDGE('',*,*,#31770,.T.);
#31790=CARTESIAN_POINT('',(49.44,49.955,12.5125));
#31800=DIRECTION('',(0.,0.,1.));
#31810=VECTOR('',#31800,1.);
#31820=LINE('',#31790,#31810);
#31830=CARTESIAN_POINT('',(49.44,49.955,12.5125));
#31840=VERTEX_POINT('',#31830);
#31850=EDGE_CURVE('',#31840,#31760,#31820,.T.);
#31860=ORIENTED_EDGE('',*,*,#31850,.T.);
#31870=CARTESIAN_POINT('',(49.44,49.955,12.5125));
#31880=DIRECTION('',(-1.,0.,0.));
#31890=VECTOR('',#31880,1.);
#31900=LINE('',#31870,#31890);
#31910=CARTESIAN_POINT('',(49.38,49.955,12.5125));
#31920=VERTEX_POINT('',#31910);
#31930=EDGE_CURVE('',#31840,#31920,#31900,.T.);
#31940=ORIENTED_EDGE('',*,*,#31930,.F.);
#31950=CARTESIAN_POINT('',(49.33,49.955,12.4625));
#31960=DIRECTION('',(0.707106781186522,0.,0.707106781186573));
#31970=VECTOR('',#31960,1.);
#31980=LINE('',#31950,#31970);
#31990=CARTESIAN_POINT('',(49.33,49.955,12.4625));
#32000=VERTEX_POINT('',#31990);
#32010=EDGE_CURVE('',#32000,#31920,#31980,.T.);
#32020=ORIENTED_EDGE('',*,*,#32010,.T.);
#32030=CARTESIAN_POINT('',(49.33,49.955,12.3375));
#32040=DIRECTION('',(0.,0.,1.));
#32050=VECTOR('',#32040,1.);
#32060=LINE('',#32030,#32050);
#32070=CARTESIAN_POINT('',(49.33,49.955,12.3375));
#32080=VERTEX_POINT('',#32070);
#32090=EDGE_CURVE('',#32080,#32000,#32060,.T.);
#32100=ORIENTED_EDGE('',*,*,#32090,.T.);
#32110=CARTESIAN_POINT('',(49.38,49.955,12.2875));
#32120=DIRECTION('',(-0.707106781186573,0.,0.707106781186522));
#32130=VECTOR('',#32120,1.);
#32140=LINE('',#32110,#32130);
#32150=CARTESIAN_POINT('',(49.38,49.955,12.2875));
#32160=VERTEX_POINT('',#32150);
#32170=EDGE_CURVE('',#32160,#32080,#32140,.T.);
#32180=ORIENTED_EDGE('',*,*,#32170,.T.);
#32190=CARTESIAN_POINT('',(49.44,49.955,12.2875));
#32200=DIRECTION('',(-1.,0.,0.));
#32210=VECTOR('',#32200,1.);
#32220=LINE('',#32190,#32210);
#32230=CARTESIAN_POINT('',(49.44,49.955,12.2875));
#32240=VERTEX_POINT('',#32230);
#32250=EDGE_CURVE('',#32240,#32160,#32220,.T.);
#32260=ORIENTED_EDGE('',*,*,#32250,.T.);
#32270=CARTESIAN_POINT('',(49.44,49.955,12.1125));
#32280=DIRECTION('',(0.,0.,1.));
#32290=VECTOR('',#32280,1.);
#32300=LINE('',#32270,#32290);
#32310=CARTESIAN_POINT('',(49.44,49.955,12.1125));
#32320=VERTEX_POINT('',#32310);
#32330=EDGE_CURVE('',#32320,#32240,#32300,.T.);
#32340=ORIENTED_EDGE('',*,*,#32330,.T.);
#32350=CARTESIAN_POINT('',(49.44,49.955,12.1125));
#32360=DIRECTION('',(-1.,0.,0.));
#32370=VECTOR('',#32360,1.);
#32380=LINE('',#32350,#32370);
#32390=CARTESIAN_POINT('',(49.38,49.955,12.1125));
#32400=VERTEX_POINT('',#32390);
#32410=EDGE_CURVE('',#32320,#32400,#32380,.T.);
#32420=ORIENTED_EDGE('',*,*,#32410,.F.);
#32430=CARTESIAN_POINT('',(49.33,49.955,12.0625));
#32440=DIRECTION('',(0.70710678118651,0.,0.707106781186585));
#32450=VECTOR('',#32440,1.);
#32460=LINE('',#32430,#32450);
#32470=CARTESIAN_POINT('',(49.33,49.955,12.0625));
#32480=VERTEX_POINT('',#32470);
#32490=EDGE_CURVE('',#32480,#32400,#32460,.T.);
#32500=ORIENTED_EDGE('',*,*,#32490,.T.);
#32510=CARTESIAN_POINT('',(49.33,49.955,11.9375));
#32520=DIRECTION('',(0.,0.,1.));
#32530=VECTOR('',#32520,1.);
#32540=LINE('',#32510,#32530);
#32550=CARTESIAN_POINT('',(49.33,49.955,11.9375));
#32560=VERTEX_POINT('',#32550);
#32570=EDGE_CURVE('',#32560,#32480,#32540,.T.);
#32580=ORIENTED_EDGE('',*,*,#32570,.T.);
#32590=CARTESIAN_POINT('',(49.38,49.955,11.8875));
#32600=DIRECTION('',(-0.707106781186573,0.,0.707106781186522));
#32610=VECTOR('',#32600,1.);
#32620=LINE('',#32590,#32610);
#32630=CARTESIAN_POINT('',(49.38,49.955,11.8875));
#32640=VERTEX_POINT('',#32630);
#32650=EDGE_CURVE('',#32640,#32560,#32620,.T.);
#32660=ORIENTED_EDGE('',*,*,#32650,.T.);
#32670=CARTESIAN_POINT('',(49.44,49.955,11.8875));
#32680=DIRECTION('',(-1.,0.,0.));
#32690=VECTOR('',#32680,1.);
#32700=LINE('',#32670,#32690);
#32710=CARTESIAN_POINT('',(49.44,49.955,11.8875));
#32720=VERTEX_POINT('',#32710);
#32730=EDGE_CURVE('',#32720,#32640,#32700,.T.);
#32740=ORIENTED_EDGE('',*,*,#32730,.T.);
#32750=CARTESIAN_POINT('',(49.44,49.955,11.8875));
#32760=DIRECTION('',(0.,0.,-1.));
#32770=VECTOR('',#32760,1.);
#32780=LINE('',#32750,#32770);
#32790=CARTESIAN_POINT('',(49.44,49.955,11.7125));
#32800=VERTEX_POINT('',#32790);
#32810=EDGE_CURVE('',#32720,#32800,#32780,.T.);
#32820=ORIENTED_EDGE('',*,*,#32810,.F.);
#32830=CARTESIAN_POINT('',(49.44,49.955,11.7125));
#32840=DIRECTION('',(-1.,0.,0.));
#32850=VECTOR('',#32840,1.);
#32860=LINE('',#32830,#32850);
#32870=CARTESIAN_POINT('',(49.38,49.955,11.7125));
#32880=VERTEX_POINT('',#32870);
#32890=EDGE_CURVE('',#32800,#32880,#32860,.T.);
#32900=ORIENTED_EDGE('',*,*,#32890,.F.);
#32910=CARTESIAN_POINT('',(49.33,49.955,11.6625));
#32920=DIRECTION('',(0.707106781186573,0.,0.707106781186522));
#32930=VECTOR('',#32920,1.);
#32940=LINE('',#32910,#32930);
#32950=CARTESIAN_POINT('',(49.33,49.955,11.6625));
#32960=VERTEX_POINT('',#32950);
#32970=EDGE_CURVE('',#32960,#32880,#32940,.T.);
#32980=ORIENTED_EDGE('',*,*,#32970,.T.);
#32990=CARTESIAN_POINT('',(49.33,49.955,11.6625));
#33000=DIRECTION('',(0.,0.,-1.));
#33010=VECTOR('',#33000,1.);
#33020=LINE('',#32990,#33010);
#33030=CARTESIAN_POINT('',(49.33,49.955,11.5375));
#33040=VERTEX_POINT('',#33030);
#33050=EDGE_CURVE('',#32960,#33040,#33020,.T.);
#33060=ORIENTED_EDGE('',*,*,#33050,.F.);
#33070=CARTESIAN_POINT('',(49.38,49.955,11.4875));
#33080=DIRECTION('',(-0.707106781186522,0.,0.707106781186573));
#33090=VECTOR('',#33080,1.);
#33100=LINE('',#33070,#33090);
#33110=CARTESIAN_POINT('',(49.38,49.955,11.4875));
#33120=VERTEX_POINT('',#33110);
#33130=EDGE_CURVE('',#33120,#33040,#33100,.T.);
#33140=ORIENTED_EDGE('',*,*,#33130,.T.);
#33150=CARTESIAN_POINT('',(49.44,49.955,11.4875));
#33160=DIRECTION('',(-1.,0.,0.));
#33170=VECTOR('',#33160,1.);
#33180=LINE('',#33150,#33170);
#33190=CARTESIAN_POINT('',(49.44,49.955,11.4875));
#33200=VERTEX_POINT('',#33190);
#33210=EDGE_CURVE('',#33200,#33120,#33180,.T.);
#33220=ORIENTED_EDGE('',*,*,#33210,.T.);
#33230=CARTESIAN_POINT('',(49.44,49.955,11.4875));
#33240=DIRECTION('',(0.,0.,-1.));
#33250=VECTOR('',#33240,1.);
#33260=LINE('',#33230,#33250);
#33270=CARTESIAN_POINT('',(49.44,49.955,11.3125));
#33280=VERTEX_POINT('',#33270);
#33290=EDGE_CURVE('',#33200,#33280,#33260,.T.);
#33300=ORIENTED_EDGE('',*,*,#33290,.F.);
#33310=CARTESIAN_POINT('',(49.44,49.955,11.3125));
#33320=DIRECTION('',(-1.,0.,0.));
#33330=VECTOR('',#33320,1.);
#33340=LINE('',#33310,#33330);
#33350=CARTESIAN_POINT('',(49.38,49.955,11.3125));
#33360=VERTEX_POINT('',#33350);
#33370=EDGE_CURVE('',#33280,#33360,#33340,.T.);
#33380=ORIENTED_EDGE('',*,*,#33370,.F.);
#33390=CARTESIAN_POINT('',(49.33,49.955,11.2625));
#33400=DIRECTION('',(0.70710678118656,0.,0.707106781186535));
#33410=VECTOR('',#33400,1.);
#33420=LINE('',#33390,#33410);
#33430=CARTESIAN_POINT('',(49.33,49.955,11.2625));
#33440=VERTEX_POINT('',#33430);
#33450=EDGE_CURVE('',#33440,#33360,#33420,.T.);
#33460=ORIENTED_EDGE('',*,*,#33450,.T.);
#33470=CARTESIAN_POINT('',(49.33,49.955,11.2625));
#33480=DIRECTION('',(0.,0.,-1.));
#33490=VECTOR('',#33480,1.);
#33500=LINE('',#33470,#33490);
#33510=CARTESIAN_POINT('',(49.33,49.955,11.1375));
#33520=VERTEX_POINT('',#33510);
#33530=EDGE_CURVE('',#33440,#33520,#33500,.T.);
#33540=ORIENTED_EDGE('',*,*,#33530,.F.);
#33550=CARTESIAN_POINT('',(49.38,49.955,11.0875));
#33560=DIRECTION('',(-0.707106781186585,0.,0.70710678118651));
#33570=VECTOR('',#33560,1.);
#33580=LINE('',#33550,#33570);
#33590=CARTESIAN_POINT('',(49.38,49.955,11.0875));
#33600=VERTEX_POINT('',#33590);
#33610=EDGE_CURVE('',#33600,#33520,#33580,.T.);
#33620=ORIENTED_EDGE('',*,*,#33610,.T.);
#33630=CARTESIAN_POINT('',(49.44,49.955,11.0875));
#33640=DIRECTION('',(-1.,0.,0.));
#33650=VECTOR('',#33640,1.);
#33660=LINE('',#33630,#33650);
#33670=CARTESIAN_POINT('',(49.44,49.955,11.0875));
#33680=VERTEX_POINT('',#33670);
#33690=EDGE_CURVE('',#33680,#33600,#33660,.T.);
#33700=ORIENTED_EDGE('',*,*,#33690,.T.);
#33710=CARTESIAN_POINT('',(49.44,49.955,11.0875));
#33720=DIRECTION('',(0.,0.,-1.));
#33730=VECTOR('',#33720,1.);
#33740=LINE('',#33710,#33730);
#33750=CARTESIAN_POINT('',(49.44,49.955,10.9125));
#33760=VERTEX_POINT('',#33750);
#33770=EDGE_CURVE('',#33680,#33760,#33740,.T.);
#33780=ORIENTED_EDGE('',*,*,#33770,.F.);
#33790=CARTESIAN_POINT('',(49.44,49.955,10.9125));
#33800=DIRECTION('',(-1.,0.,0.));
#33810=VECTOR('',#33800,1.);
#33820=LINE('',#33790,#33810);
#33830=CARTESIAN_POINT('',(49.38,49.955,10.9125));
#33840=VERTEX_POINT('',#33830);
#33850=EDGE_CURVE('',#33760,#33840,#33820,.T.);
#33860=ORIENTED_EDGE('',*,*,#33850,.F.);
#33870=CARTESIAN_POINT('',(49.33,49.955,10.8625));
#33880=DIRECTION('',(0.707106781186522,0.,0.707106781186573));
#33890=VECTOR('',#33880,1.);
#33900=LINE('',#33870,#33890);
#33910=CARTESIAN_POINT('',(49.33,49.955,10.8625));
#33920=VERTEX_POINT('',#33910);
#33930=EDGE_CURVE('',#33920,#33840,#33900,.T.);
#33940=ORIENTED_EDGE('',*,*,#33930,.T.);
#33950=CARTESIAN_POINT('',(49.33,49.955,10.7375));
#33960=DIRECTION('',(0.,0.,1.));
#33970=VECTOR('',#33960,1.);
#33980=LINE('',#33950,#33970);
#33990=CARTESIAN_POINT('',(49.33,49.955,10.7375));
#34000=VERTEX_POINT('',#33990);
#34010=EDGE_CURVE('',#34000,#33920,#33980,.T.);
#34020=ORIENTED_EDGE('',*,*,#34010,.T.);
#34030=CARTESIAN_POINT('',(49.38,49.955,10.6875));
#34040=DIRECTION('',(-0.707106781186573,0.,0.707106781186522));
#34050=VECTOR('',#34040,1.);
#34060=LINE('',#34030,#34050);
#34070=CARTESIAN_POINT('',(49.38,49.955,10.6875));
#34080=VERTEX_POINT('',#34070);
#34090=EDGE_CURVE('',#34080,#34000,#34060,.T.);
#34100=ORIENTED_EDGE('',*,*,#34090,.T.);
#34110=CARTESIAN_POINT('',(49.44,49.955,10.6875));
#34120=DIRECTION('',(-1.,0.,0.));
#34130=VECTOR('',#34120,1.);
#34140=LINE('',#34110,#34130);
#34150=CARTESIAN_POINT('',(49.44,49.955,10.6875));
#34160=VERTEX_POINT('',#34150);
#34170=EDGE_CURVE('',#34160,#34080,#34140,.T.);
#34180=ORIENTED_EDGE('',*,*,#34170,.T.);
#34190=CARTESIAN_POINT('',(49.44,49.955,10.5125));
#34200=DIRECTION('',(0.,0.,1.));
#34210=VECTOR('',#34200,1.);
#34220=LINE('',#34190,#34210);
#34230=CARTESIAN_POINT('',(49.44,49.955,10.5125));
#34240=VERTEX_POINT('',#34230);
#34250=EDGE_CURVE('',#34240,#34160,#34220,.T.);
#34260=ORIENTED_EDGE('',*,*,#34250,.T.);
#34270=CARTESIAN_POINT('',(49.44,49.955,10.5125));
#34280=DIRECTION('',(-1.,0.,0.));
#34290=VECTOR('',#34280,1.);
#34300=LINE('',#34270,#34290);
#34310=CARTESIAN_POINT('',(49.38,49.955,10.5125));
#34320=VERTEX_POINT('',#34310);
#34330=EDGE_CURVE('',#34240,#34320,#34300,.T.);
#34340=ORIENTED_EDGE('',*,*,#34330,.F.);
#34350=CARTESIAN_POINT('',(49.33,49.955,10.4625));
#34360=DIRECTION('',(0.707106781186522,0.,0.707106781186573));
#34370=VECTOR('',#34360,1.);
#34380=LINE('',#34350,#34370);
#34390=CARTESIAN_POINT('',(49.33,49.955,10.4625));
#34400=VERTEX_POINT('',#34390);
#34410=EDGE_CURVE('',#34400,#34320,#34380,.T.);
#34420=ORIENTED_EDGE('',*,*,#34410,.T.);
#34430=CARTESIAN_POINT('',(49.33,49.955,10.3375));
#34440=DIRECTION('',(0.,0.,1.));
#34450=VECTOR('',#34440,1.);
#34460=LINE('',#34430,#34450);
#34470=CARTESIAN_POINT('',(49.33,49.955,10.3375));
#34480=VERTEX_POINT('',#34470);
#34490=EDGE_CURVE('',#34480,#34400,#34460,.T.);
#34500=ORIENTED_EDGE('',*,*,#34490,.T.);
#34510=CARTESIAN_POINT('',(49.38,49.955,10.2875));
#34520=DIRECTION('',(-0.707106781186573,0.,0.707106781186522));
#34530=VECTOR('',#34520,1.);
#34540=LINE('',#34510,#34530);
#34550=CARTESIAN_POINT('',(49.38,49.955,10.2875));
#34560=VERTEX_POINT('',#34550);
#34570=EDGE_CURVE('',#34560,#34480,#34540,.T.);
#34580=ORIENTED_EDGE('',*,*,#34570,.T.);
#34590=CARTESIAN_POINT('',(49.44,49.955,10.2875));
#34600=DIRECTION('',(-1.,0.,0.));
#34610=VECTOR('',#34600,1.);
#34620=LINE('',#34590,#34610);
#34630=CARTESIAN_POINT('',(49.44,49.955,10.2875));
#34640=VERTEX_POINT('',#34630);
#34650=EDGE_CURVE('',#34640,#34560,#34620,.T.);
#34660=ORIENTED_EDGE('',*,*,#34650,.T.);
#34670=CARTESIAN_POINT('',(49.44,49.955,10.1125));
#34680=DIRECTION('',(0.,0.,1.));
#34690=VECTOR('',#34680,1.);
#34700=LINE('',#34670,#34690);
#34710=CARTESIAN_POINT('',(49.44,49.955,10.1125));
#34720=VERTEX_POINT('',#34710);
#34730=EDGE_CURVE('',#34720,#34640,#34700,.T.);
#34740=ORIENTED_EDGE('',*,*,#34730,.T.);
#34750=CARTESIAN_POINT('',(49.44,49.955,10.1125));
#34760=DIRECTION('',(-1.,0.,0.));
#34770=VECTOR('',#34760,1.);
#34780=LINE('',#34750,#34770);
#34790=CARTESIAN_POINT('',(49.38,49.955,10.1125));
#34800=VERTEX_POINT('',#34790);
#34810=EDGE_CURVE('',#34720,#34800,#34780,.T.);
#34820=ORIENTED_EDGE('',*,*,#34810,.F.);
#34830=CARTESIAN_POINT('',(49.33,49.955,10.0625));
#34840=DIRECTION('',(0.707106781186522,0.,0.707106781186573));
#34850=VECTOR('',#34840,1.);
#34860=LINE('',#34830,#34850);
#34870=CARTESIAN_POINT('',(49.33,49.955,10.0625));
#34880=VERTEX_POINT('',#34870);
#34890=EDGE_CURVE('',#34880,#34800,#34860,.T.);
#34900=ORIENTED_EDGE('',*,*,#34890,.T.);
#34910=CARTESIAN_POINT('',(49.33,49.955,9.69999999999998));
#34920=DIRECTION('',(0.,0.,1.));
#34930=VECTOR('',#34920,1.);
#34940=LINE('',#34910,#34930);
#34950=CARTESIAN_POINT('',(49.33,49.955,9.69999999999998));
#34960=VERTEX_POINT('',#34950);
#34970=EDGE_CURVE('',#34960,#34880,#34940,.T.);
#34980=ORIENTED_EDGE('',*,*,#34970,.T.);
#34990=CARTESIAN_POINT('',(49.33,49.955,9.69999999999998));
#35000=DIRECTION('',(-1.,0.,0.));
#35010=VECTOR('',#35000,1.);
#35020=LINE('',#34990,#35010);
#35030=CARTESIAN_POINT('',(49.27,49.955,9.69999999999998));
#35040=VERTEX_POINT('',#35030);
#35050=EDGE_CURVE('',#34960,#35040,#35020,.T.);
#35060=ORIENTED_EDGE('',*,*,#35050,.F.);
#35070=CARTESIAN_POINT('',(49.27,49.955,9.69999999999998));
#35080=DIRECTION('',(0.,0.,-1.));
#35090=VECTOR('',#35080,1.);
#35100=LINE('',#35070,#35090);
#35110=CARTESIAN_POINT('',(49.27,49.955,9.41499999999998));
#35120=VERTEX_POINT('',#35110);
#35130=EDGE_CURVE('',#35040,#35120,#35100,.T.);
#35140=ORIENTED_EDGE('',*,*,#35130,.F.);
#35150=CARTESIAN_POINT('',(49.27,49.955,9.41499999999998));
#35160=DIRECTION('',(-1.,0.,0.));
#35170=VECTOR('',#35160,1.);
#35180=LINE('',#35150,#35170);
#35190=CARTESIAN_POINT('',(48.62,49.955,9.41499999999998));
#35200=VERTEX_POINT('',#35190);
#35210=EDGE_CURVE('',#35120,#35200,#35180,.T.);
#35220=ORIENTED_EDGE('',*,*,#35210,.F.);
#35230=CARTESIAN_POINT('',(48.62,49.955,9.41499999999998));
#35240=DIRECTION('',(0.,0.,1.));
#35250=VECTOR('',#35240,1.);
#35260=LINE('',#35230,#35250);
#35270=EDGE_CURVE('',#35200,#27920,#35260,.T.);
#35280=ORIENTED_EDGE('',*,*,#35270,.F.);
#35290=ORIENTED_EDGE('',*,*,#27930,.T.);
#35300=ORIENTED_EDGE('',*,*,#26820,.F.);
#35310=CARTESIAN_POINT('',(47.46,49.955,9.29999999999998));
#35320=DIRECTION('',(-0.707106781186547,0.,0.707106781186547));
#35330=VECTOR('',#35320,1.);
#35340=LINE('',#35310,#35330);
#35350=CARTESIAN_POINT('',(47.46,49.955,9.29999999999998));
#35360=VERTEX_POINT('',#35350);
#35370=EDGE_CURVE('',#35360,#26730,#35340,.T.);
#35380=ORIENTED_EDGE('',*,*,#35370,.T.);
#35390=CARTESIAN_POINT('',(49.77,49.955,9.29999999999998));
#35400=DIRECTION('',(-1.,0.,0.));
#35410=VECTOR('',#35400,1.);
#35420=LINE('',#35390,#35410);
#35430=CARTESIAN_POINT('',(49.77,49.955,9.29999999999998));
#35440=VERTEX_POINT('',#35430);
#35450=EDGE_CURVE('',#35440,#35360,#35420,.T.);
#35460=ORIENTED_EDGE('',*,*,#35450,.T.);
#35470=CARTESIAN_POINT('',(49.77,49.955,9.29999999999998));
#35480=DIRECTION('',(0.,0.,1.));
#35490=VECTOR('',#35480,1.);
#35500=LINE('',#35470,#35490);
#35510=CARTESIAN_POINT('',(49.77,49.955,9.54499999999998));
#35520=VERTEX_POINT('',#35510);
#35530=EDGE_CURVE('',#35440,#35520,#35500,.T.);
#35540=ORIENTED_EDGE('',*,*,#35530,.F.);
#35550=CARTESIAN_POINT('',(49.81,49.955,9.54499999999998));
#35560=DIRECTION('',(-1.,0.,0.));
#35570=VECTOR('',#35560,1.);
#35580=LINE('',#35550,#35570);
#35590=CARTESIAN_POINT('',(49.81,49.955,9.54499999999998));
#35600=VERTEX_POINT('',#35590);
#35610=EDGE_CURVE('',#35600,#35520,#35580,.T.);
#35620=ORIENTED_EDGE('',*,*,#35610,.T.);
#35630=CARTESIAN_POINT('',(49.81,49.955,9.54499999999998));
#35640=DIRECTION('',(0.,0.,1.));
#35650=VECTOR('',#35640,1.);
#35660=LINE('',#35630,#35650);
#35670=EDGE_CURVE('',#35600,#28150,#35660,.T.);
#35680=ORIENTED_EDGE('',*,*,#35670,.F.);
#35690=EDGE_LOOP('',(#35680,#35620,#35540,#35460,#35380,#35300,#35290,
#35280,#35220,#35140,#35060,#34980,#34900,#34820,#34740,#34660,#34580,
#34500,#34420,#34340,#34260,#34180,#34100,#34020,#33940,#33860,#33780,
#33700,#33620,#33540,#33460,#33380,#33300,#33220,#33140,#33060,#32980,
#32900,#32820,#32740,#32660,#32580,#32500,#32420,#32340,#32260,#32180,
#32100,#32020,#31940,#31860,#31780,#31700,#31620,#31540,#31460,#31380,
#31300,#31220,#31140,#31060,#30980,#30900,#30820,#30740,#30660,#30580,
#30500,#30420,#30340,#30260,#30180,#30100,#30020,#29940,#29860,#29780,
#29700,#29620,#29540,#29460,#29380,#29300,#29220,#29140,#29060,#28980,
#28900,#28820,#28740,#28660,#28580,#28500,#28490,#28480,#28420,#28410,
#28350,#28270,#28190));
#35700=FACE_OUTER_BOUND('',#35690,.T.);
#35710=ADVANCED_FACE('',(#35700),#28090,.F.);
#35720=CARTESIAN_POINT('',(49.81,49.865,11.2));
#35730=DIRECTION('',(1.,-0.,-0.));
#35740=DIRECTION('',(-0.,-1.,0.));
#35750=AXIS2_PLACEMENT_3D('',#35720,#35730,#35740);
#35760=PLANE('',#35750);
#35770=CARTESIAN_POINT('',(49.81,49.955,9.54499999999998));
#35780=DIRECTION('',(0.,-1.,0.));
#35790=VECTOR('',#35780,1.);
#35800=LINE('',#35770,#35790);
#35810=CARTESIAN_POINT('',(49.81,49.235,9.54499999999998));
#35820=VERTEX_POINT('',#35810);
#35830=EDGE_CURVE('',#35600,#35820,#35800,.T.);
#35840=ORIENTED_EDGE('',*,*,#35830,.F.);
#35850=CARTESIAN_POINT('',(49.81,49.235,9.91499999999998));
#35860=DIRECTION('',(0.,0.,-1.));
#35870=VECTOR('',#35860,1.);
#35880=LINE('',#35850,#35870);
#35890=CARTESIAN_POINT('',(49.81,49.235,9.91499999999998));
#35900=VERTEX_POINT('',#35890);
#35910=EDGE_CURVE('',#35900,#35820,#35880,.T.);
#35920=ORIENTED_EDGE('',*,*,#35910,.T.);
#35930=CARTESIAN_POINT('',(49.81,49.215,9.93499999999999));
#35940=DIRECTION('',(0.,0.707106781186422,-0.707106781186673));
#35950=VECTOR('',#35940,1.);
#35960=LINE('',#35930,#35950);
#35970=EDGE_CURVE('',#16090,#35900,#35960,.T.);
#35980=ORIENTED_EDGE('',*,*,#35970,.T.);
#35990=ORIENTED_EDGE('',*,*,#16100,.F.);
#36000=CARTESIAN_POINT('',(49.81,49.235,15.285));
#36010=DIRECTION('',(0.,-0.70710678118661,-0.707106781186485));
#36020=VECTOR('',#36010,1.);
#36030=LINE('',#36000,#36020);
#36040=CARTESIAN_POINT('',(49.81,49.235,15.285));
#36050=VERTEX_POINT('',#36040);
#36060=EDGE_CURVE('',#36050,#16010,#36030,.T.);
#36070=ORIENTED_EDGE('',*,*,#36060,.T.);
#36080=CARTESIAN_POINT('',(49.81,49.235,15.285));
#36090=DIRECTION('',(0.,0.,1.));
#36100=VECTOR('',#36090,1.);
#36110=LINE('',#36080,#36100);
#36120=CARTESIAN_POINT('',(49.81,49.235,15.655));
#36130=VERTEX_POINT('',#36120);
#36140=EDGE_CURVE('',#36050,#36130,#36110,.T.);
#36150=ORIENTED_EDGE('',*,*,#36140,.F.);
#36160=CARTESIAN_POINT('',(49.81,49.955,15.655));
#36170=DIRECTION('',(0.,-1.,0.));
#36180=VECTOR('',#36170,1.);
#36190=LINE('',#36160,#36180);
#36200=EDGE_CURVE('',#28150,#36130,#36190,.T.);
#36210=ORIENTED_EDGE('',*,*,#36200,.T.);
#36220=ORIENTED_EDGE('',*,*,#35670,.T.);
#36230=EDGE_LOOP('',(#36220,#36210,#36150,#36070,#35990,#35980,#35920,
#35840));
#36240=FACE_OUTER_BOUND('',#36230,.T.);
#36250=CARTESIAN_POINT('',(49.81,49.8118278313083,15.57));
#36260=DIRECTION('',(0.,-1.,0.));
#36270=VECTOR('',#36260,1.);
#36280=LINE('',#36250,#36270);
#36290=CARTESIAN_POINT('',(49.81,49.8118278313084,15.57));
#36300=VERTEX_POINT('',#36290);
#36310=CARTESIAN_POINT('',(49.81,49.335,15.57));
#36320=VERTEX_POINT('',#36310);
#36330=EDGE_CURVE('',#36300,#36320,#36280,.T.);
#36340=ORIENTED_EDGE('',*,*,#36330,.F.);
#36350=CARTESIAN_POINT('',(49.81,49.335,9.62999999999998));
#36360=DIRECTION('',(0.,0.,1.));
#36370=VECTOR('',#36360,1.);
#36380=LINE('',#36350,#36370);
#36390=CARTESIAN_POINT('',(49.81,49.335,9.62999999999998));
#36400=VERTEX_POINT('',#36390);
#36410=EDGE_CURVE('',#36400,#36320,#36380,.T.);
#36420=ORIENTED_EDGE('',*,*,#36410,.T.);
#36430=CARTESIAN_POINT('',(49.81,49.8118278313084,9.62999999999998));
#36440=DIRECTION('',(0.,-1.,0.));
#36450=VECTOR('',#36440,1.);
#36460=LINE('',#36430,#36450);
#36470=CARTESIAN_POINT('',(49.81,49.8118278313084,9.62999999999998));
#36480=VERTEX_POINT('',#36470);
#36490=EDGE_CURVE('',#36480,#36400,#36460,.T.);
#36500=ORIENTED_EDGE('',*,*,#36490,.T.);
#36510=CARTESIAN_POINT('',(49.81,49.8118278313084,9.62999999999998));
#36520=DIRECTION('',(0.,0.,1.));
#36530=VECTOR('',#36520,1.);
#36540=LINE('',#36510,#36530);
#36550=EDGE_CURVE('',#36480,#36300,#36540,.T.);
#36560=ORIENTED_EDGE('',*,*,#36550,.F.);
#36570=EDGE_LOOP('',(#36560,#36500,#36420,#36340));
#36580=FACE_BOUND('',#36570,.T.);
#36590=ADVANCED_FACE('',(#36240,#36580),#35760,.T.);
#36600=CARTESIAN_POINT('',(48.61,49.59,9.54499999999998));
#36610=DIRECTION('',(-0.,-0.,1.));
#36620=DIRECTION('',(1.,0.,-0.));
#36630=AXIS2_PLACEMENT_3D('',#36600,#36610,#36620);
#36640=PLANE('',#36630);
#36650=ORIENTED_EDGE('',*,*,#35610,.F.);
#36660=CARTESIAN_POINT('',(49.77,49.955,9.54499999999998));
#36670=DIRECTION('',(0.,-1.,0.));
#36680=VECTOR('',#36670,1.);
#36690=LINE('',#36660,#36680);
#36700=CARTESIAN_POINT('',(49.77,49.805,9.54499999999998));
#36710=VERTEX_POINT('',#36700);
#36720=EDGE_CURVE('',#35520,#36710,#36690,.T.);
#36730=ORIENTED_EDGE('',*,*,#36720,.F.);
#36740=CARTESIAN_POINT('',(49.65,49.725,9.54499999999998));
#36750=DIRECTION('',(0.832050294337859,0.554700196225206,0.));
#36760=VECTOR('',#36750,1.);
#36770=LINE('',#36740,#36760);
#36780=CARTESIAN_POINT('',(49.65,49.725,9.54499999999998));
#36790=VERTEX_POINT('',#36780);
#36800=EDGE_CURVE('',#36790,#36710,#36770,.T.);
#36810=ORIENTED_EDGE('',*,*,#36800,.T.);
#36820=CARTESIAN_POINT('',(49.65,49.725,9.54499999999998));
#36830=DIRECTION('',(0.,-1.,0.));
#36840=VECTOR('',#36830,1.);
#36850=LINE('',#36820,#36840);
#36860=CARTESIAN_POINT('',(49.65,49.475,9.54499999999998));
#36870=VERTEX_POINT('',#36860);
#36880=EDGE_CURVE('',#36790,#36870,#36850,.T.);
#36890=ORIENTED_EDGE('',*,*,#36880,.F.);
#36900=CARTESIAN_POINT('',(49.6,49.425,9.54499999999998));
#36910=DIRECTION('',(0.707106781186547,0.707106781186547,0.));
#36920=VECTOR('',#36910,1.);
#36930=LINE('',#36900,#36920);
#36940=CARTESIAN_POINT('',(49.6,49.425,9.54499999999998));
#36950=VERTEX_POINT('',#36940);
#36960=EDGE_CURVE('',#36950,#36870,#36930,.T.);
#36970=ORIENTED_EDGE('',*,*,#36960,.T.);
#36980=CARTESIAN_POINT('',(49.14,49.425,9.54499999999998));
#36990=DIRECTION('',(1.,0.,0.));
#37000=VECTOR('',#36990,1.);
#37010=LINE('',#36980,#37000);
#37020=CARTESIAN_POINT('',(49.14,49.425,9.54499999999998));
#37030=VERTEX_POINT('',#37020);
#37040=EDGE_CURVE('',#37030,#36950,#37010,.T.);
#37050=ORIENTED_EDGE('',*,*,#37040,.T.);
#37060=CARTESIAN_POINT('',(49.14,49.425,9.54499999999998));
#37070=DIRECTION('',(0.,-1.,0.));
#37080=VECTOR('',#37070,1.);
#37090=LINE('',#37060,#37080);
#37100=CARTESIAN_POINT('',(49.14,49.235,9.54499999999998));
#37110=VERTEX_POINT('',#37100);
#37120=EDGE_CURVE('',#37030,#37110,#37090,.T.);
#37130=ORIENTED_EDGE('',*,*,#37120,.F.);
#37140=CARTESIAN_POINT('',(49.81,49.235,9.54499999999998));
#37150=DIRECTION('',(-1.,0.,0.));
#37160=VECTOR('',#37150,1.);
#37170=LINE('',#37140,#37160);
#37180=EDGE_CURVE('',#35820,#37110,#37170,.T.);
#37190=ORIENTED_EDGE('',*,*,#37180,.T.);
#37200=ORIENTED_EDGE('',*,*,#35830,.T.);
#37210=EDGE_LOOP('',(#37200,#37190,#37130,#37050,#36970,#36890,#36810,
#36730,#36650));
#37220=FACE_OUTER_BOUND('',#37210,.T.);
#37230=ADVANCED_FACE('',(#37220),#36640,.F.);
#37240=CARTESIAN_POINT('',(49.77,49.785,9.29999999999998));
#37250=DIRECTION('',(-1.,-0.,-0.));
#37260=DIRECTION('',(0.,1.,0.));
#37270=AXIS2_PLACEMENT_3D('',#37240,#37250,#37260);
#37280=PLANE('',#37270);
#37290=CARTESIAN_POINT('',(49.77,49.805,9.29999999999998));
#37300=DIRECTION('',(0.,1.,0.));
#37310=VECTOR('',#37300,1.);
#37320=LINE('',#37290,#37310);
#37330=CARTESIAN_POINT('',(49.77,49.805,9.29999999999998));
#37340=VERTEX_POINT('',#37330);
#37350=EDGE_CURVE('',#37340,#35440,#37320,.T.);
#37360=ORIENTED_EDGE('',*,*,#37350,.T.);
#37370=CARTESIAN_POINT('',(49.77,49.805,9.54499999999998));
#37380=DIRECTION('',(0.,0.,-1.));
#37390=VECTOR('',#37380,1.);
#37400=LINE('',#37370,#37390);
#37410=EDGE_CURVE('',#36710,#37340,#37400,.T.);
#37420=ORIENTED_EDGE('',*,*,#37410,.T.);
#37430=ORIENTED_EDGE('',*,*,#36720,.T.);
#37440=ORIENTED_EDGE('',*,*,#35530,.T.);
#37450=EDGE_LOOP('',(#37440,#37430,#37420,#37360));
#37460=FACE_OUTER_BOUND('',#37450,.T.);
#37470=ADVANCED_FACE('',(#37460),#37280,.F.);
#37480=CARTESIAN_POINT('',(48.615,49.605,9.29999999999998));
#37490=DIRECTION('',(-0.,-0.,1.));
#37500=DIRECTION('',(1.,0.,-0.));
#37510=AXIS2_PLACEMENT_3D('',#37480,#37490,#37500);
#37520=PLANE('',#37510);
#37530=CARTESIAN_POINT('',(49.6,49.425,9.29999999999998));
#37540=DIRECTION('',(-1.,0.,0.));
#37550=VECTOR('',#37540,1.);
#37560=LINE('',#37530,#37550);
#37570=CARTESIAN_POINT('',(49.6,49.425,9.29999999999998));
#37580=VERTEX_POINT('',#37570);
#37590=CARTESIAN_POINT('',(49.14,49.425,9.29999999999998));
#37600=VERTEX_POINT('',#37590);
#37610=EDGE_CURVE('',#37580,#37600,#37560,.T.);
#37620=ORIENTED_EDGE('',*,*,#37610,.T.);
#37630=CARTESIAN_POINT('',(49.65,49.475,9.29999999999998));
#37640=DIRECTION('',(-0.707106781186547,-0.707106781186547,0.));
#37650=VECTOR('',#37640,1.);
#37660=LINE('',#37630,#37650);
#37670=CARTESIAN_POINT('',(49.65,49.475,9.29999999999998));
#37680=VERTEX_POINT('',#37670);
#37690=EDGE_CURVE('',#37680,#37580,#37660,.T.);
#37700=ORIENTED_EDGE('',*,*,#37690,.T.);
#37710=CARTESIAN_POINT('',(49.65,49.475,9.29999999999998));
#37720=DIRECTION('',(0.,1.,0.));
#37730=VECTOR('',#37720,1.);
#37740=LINE('',#37710,#37730);
#37750=CARTESIAN_POINT('',(49.65,49.725,9.29999999999998));
#37760=VERTEX_POINT('',#37750);
#37770=EDGE_CURVE('',#37680,#37760,#37740,.T.);
#37780=ORIENTED_EDGE('',*,*,#37770,.F.);
#37790=CARTESIAN_POINT('',(49.77,49.805,9.29999999999998));
#37800=DIRECTION('',(-0.832050294337859,-0.554700196225206,0.));
#37810=VECTOR('',#37800,1.);
#37820=LINE('',#37790,#37810);
#37830=EDGE_CURVE('',#37340,#37760,#37820,.T.);
#37840=ORIENTED_EDGE('',*,*,#37830,.T.);
#37850=ORIENTED_EDGE('',*,*,#37350,.F.);
#37860=ORIENTED_EDGE('',*,*,#35450,.F.);
#37870=CARTESIAN_POINT('',(47.46,49.955,9.29999999999998));
#37880=DIRECTION('',(0.,-1.,0.));
#37890=VECTOR('',#37880,1.);
#37900=LINE('',#37870,#37890);
#37910=CARTESIAN_POINT('',(47.46,49.545,9.29999999999998));
#37920=VERTEX_POINT('',#37910);
#37930=EDGE_CURVE('',#35360,#37920,#37900,.T.);
#37940=ORIENTED_EDGE('',*,*,#37930,.F.);
#37950=CARTESIAN_POINT('',(47.56,49.545,9.29999999999998));
#37960=DIRECTION('',(-1.,0.,0.));
#37970=VECTOR('',#37960,1.);
#37980=LINE('',#37950,#37970);
#37990=CARTESIAN_POINT('',(47.56,49.545,9.29999999999998));
#38000=VERTEX_POINT('',#37990);
#38010=EDGE_CURVE('',#38000,#37920,#37980,.T.);
#38020=ORIENTED_EDGE('',*,*,#38010,.T.);
#38030=CARTESIAN_POINT('',(47.56,49.235,9.29999999999998));
#38040=DIRECTION('',(0.,1.,0.));
#38050=VECTOR('',#38040,1.);
#38060=LINE('',#38030,#38050);
#38070=CARTESIAN_POINT('',(47.56,49.235,9.29999999999998));
#38080=VERTEX_POINT('',#38070);
#38090=EDGE_CURVE('',#38080,#38000,#38060,.T.);
#38100=ORIENTED_EDGE('',*,*,#38090,.T.);
#38110=CARTESIAN_POINT('',(47.56,49.235,9.29999999999998));
#38120=DIRECTION('',(1.,0.,0.));
#38130=VECTOR('',#38120,1.);
#38140=LINE('',#38110,#38130);
#38150=CARTESIAN_POINT('',(49.14,49.235,9.29999999999998));
#38160=VERTEX_POINT('',#38150);
#38170=EDGE_CURVE('',#38080,#38160,#38140,.T.);
#38180=ORIENTED_EDGE('',*,*,#38170,.F.);
#38190=CARTESIAN_POINT('',(49.14,49.425,9.29999999999998));
#38200=DIRECTION('',(0.,-1.,0.));
#38210=VECTOR('',#38200,1.);
#38220=LINE('',#38190,#38210);
#38230=EDGE_CURVE('',#37600,#38160,#38220,.T.);
#38240=ORIENTED_EDGE('',*,*,#38230,.T.);
#38250=EDGE_LOOP('',(#38240,#38180,#38100,#38020,#37940,#37860,#37850,
#37840,#37780,#37700,#37620));
#38260=FACE_OUTER_BOUND('',#38250,.T.);
#38270=ADVANCED_FACE('',(#38260),#37520,.F.);
#38280=CARTESIAN_POINT('',(49.14,49.215,9.46999999999998));
#38290=DIRECTION('',(1.,-0.,-0.));
#38300=DIRECTION('',(-0.,1.,0.));
#38310=AXIS2_PLACEMENT_3D('',#38280,#38290,#38300);
#38320=PLANE('',#38310);
#38330=CARTESIAN_POINT('',(49.14,49.235,9.54499999999998));
#38340=DIRECTION('',(0.,0.,-1.));
#38350=VECTOR('',#38340,1.);
#38360=LINE('',#38330,#38350);
#38370=EDGE_CURVE('',#37110,#38160,#38360,.T.);
#38380=ORIENTED_EDGE('',*,*,#38370,.T.);
#38390=ORIENTED_EDGE('',*,*,#37120,.T.);
#38400=CARTESIAN_POINT('',(49.14,49.425,9.54499999999998));
#38410=DIRECTION('',(0.,0.,-1.));
#38420=VECTOR('',#38410,1.);
#38430=LINE('',#38400,#38420);
#38440=CARTESIAN_POINT('',(49.14,49.425,9.52999999999998));
#38450=VERTEX_POINT('',#38440);
#38460=EDGE_CURVE('',#37030,#38450,#38430,.T.);
#38470=ORIENTED_EDGE('',*,*,#38460,.F.);
#38480=CARTESIAN_POINT('',(49.14,49.315,9.52999999999998));
#38490=DIRECTION('',(0.,1.,0.));
#38500=VECTOR('',#38490,1.);
#38510=LINE('',#38480,#38500);
#38520=CARTESIAN_POINT('',(49.14,49.315,9.52999999999998));
#38530=VERTEX_POINT('',#38520);
#38540=EDGE_CURVE('',#38530,#38450,#38510,.T.);
#38550=ORIENTED_EDGE('',*,*,#38540,.T.);
#38560=CARTESIAN_POINT('',(49.14,49.315,9.40999999999998));
#38570=DIRECTION('',(0.,0.,1.));
#38580=VECTOR('',#38570,1.);
#38590=LINE('',#38560,#38580);
#38600=CARTESIAN_POINT('',(49.14,49.315,9.40999999999998));
#38610=VERTEX_POINT('',#38600);
#38620=EDGE_CURVE('',#38610,#38530,#38590,.T.);
#38630=ORIENTED_EDGE('',*,*,#38620,.T.);
#38640=CARTESIAN_POINT('',(49.14,49.315,9.40999999999998));
#38650=DIRECTION('',(0.,1.,0.));
#38660=VECTOR('',#38650,1.);
#38670=LINE('',#38640,#38660);
#38680=CARTESIAN_POINT('',(49.14,49.425,9.40999999999998));
#38690=VERTEX_POINT('',#38680);
#38700=EDGE_CURVE('',#38610,#38690,#38670,.T.);
#38710=ORIENTED_EDGE('',*,*,#38700,.F.);
#38720=CARTESIAN_POINT('',(49.14,49.425,9.40999999999998));
#38730=DIRECTION('',(0.,0.,-1.));
#38740=VECTOR('',#38730,1.);
#38750=LINE('',#38720,#38740);
#38760=EDGE_CURVE('',#38690,#37600,#38750,.T.);
#38770=ORIENTED_EDGE('',*,*,#38760,.F.);
#38780=ORIENTED_EDGE('',*,*,#38230,.F.);
#38790=EDGE_LOOP('',(#38780,#38770,#38710,#38630,#38550,#38470,#38390,
#38380));
#38800=FACE_OUTER_BOUND('',#38790,.T.);
#38810=ADVANCED_FACE('',(#38800),#38320,.T.);
#38820=CARTESIAN_POINT('',(47.46,49.235,9.46999999999998));
#38830=DIRECTION('',(1.32169407693472E-16,-1.,-0.));
#38840=DIRECTION('',(-1.,-1.32169407693472E-16,0.));
#38850=AXIS2_PLACEMENT_3D('',#38820,#38830,#38840);
#38860=PLANE('',#38850);
#38870=ORIENTED_EDGE('',*,*,#38370,.F.);
#38880=ORIENTED_EDGE('',*,*,#38170,.T.);
#38890=CARTESIAN_POINT('',(47.56,49.235,9.64999999999998));
#38900=DIRECTION('',(0.,0.,-1.));
#38910=VECTOR('',#38900,1.);
#38920=LINE('',#38890,#38910);
#38930=CARTESIAN_POINT('',(47.56,49.235,9.64999999999998));
#38940=VERTEX_POINT('',#38930);
#38950=EDGE_CURVE('',#38940,#38080,#38920,.T.);
#38960=ORIENTED_EDGE('',*,*,#38950,.T.);
#38970=CARTESIAN_POINT('',(47.41,49.235,9.64999999999998));
#38980=DIRECTION('',(1.,0.,0.));
#38990=VECTOR('',#38980,1.);
#39000=LINE('',#38970,#38990);
#39010=EDGE_CURVE('',#26490,#38940,#39000,.T.);
#39020=ORIENTED_EDGE('',*,*,#39010,.T.);
#39030=ORIENTED_EDGE('',*,*,#26500,.T.);
#39040=CARTESIAN_POINT('',(49.81,49.235,9.91499999999998));
#39050=DIRECTION('',(-1.,0.,0.));
#39060=VECTOR('',#39050,1.);
#39070=LINE('',#39040,#39060);
#39080=EDGE_CURVE('',#35900,#26410,#39070,.T.);
#39090=ORIENTED_EDGE('',*,*,#39080,.T.);
#39100=ORIENTED_EDGE('',*,*,#35910,.F.);
#39110=ORIENTED_EDGE('',*,*,#37180,.F.);
#39120=EDGE_LOOP('',(#39110,#39100,#39090,#39030,#39020,#38960,#38880,
#38870));
#39130=FACE_OUTER_BOUND('',#39120,.T.);
#39140=ADVANCED_FACE('',(#39130),#38860,.T.);
#39150=CARTESIAN_POINT('',(47.56,49.605,13.49375));
#39160=DIRECTION('',(-1.,-3.41607084500048E-16,-0.));
#39170=DIRECTION('',(0.,0.,1.));
#39180=AXIS2_PLACEMENT_3D('',#39150,#39160,#39170);
#39190=PLANE('',#39180);
#39200=CARTESIAN_POINT('',(47.56,49.545,9.64999999999998));
#39210=DIRECTION('',(0.,0.,-1.));
#39220=VECTOR('',#39210,1.);
#39230=LINE('',#39200,#39220);
#39240=CARTESIAN_POINT('',(47.56,49.545,9.64999999999998));
#39250=VERTEX_POINT('',#39240);
#39260=EDGE_CURVE('',#39250,#38000,#39230,.T.);
#39270=ORIENTED_EDGE('',*,*,#39260,.T.);
#39280=CARTESIAN_POINT('',(47.56,49.545,9.64999999999998));
#39290=DIRECTION('',(0.,-1.,0.));
#39300=VECTOR('',#39290,1.);
#39310=LINE('',#39280,#39300);
#39320=EDGE_CURVE('',#39250,#38940,#39310,.T.);
#39330=ORIENTED_EDGE('',*,*,#39320,.F.);
#39340=ORIENTED_EDGE('',*,*,#38950,.F.);
#39350=ORIENTED_EDGE('',*,*,#38090,.F.);
#39360=EDGE_LOOP('',(#39350,#39340,#39330,#39270));
#39370=FACE_OUTER_BOUND('',#39360,.T.);
#39380=ADVANCED_FACE('',(#39370),#39190,.T.);
#39390=CARTESIAN_POINT('',(47.41,49.545,9.29999999999998));
#39400=DIRECTION('',(3.41607084500048E-16,-1.,-0.));
#39410=DIRECTION('',(-0.,0.,-1.));
#39420=AXIS2_PLACEMENT_3D('',#39390,#39400,#39410);
#39430=PLANE('',#39420);
#39440=ORIENTED_EDGE('',*,*,#38010,.F.);
#39450=CARTESIAN_POINT('',(47.41,49.545,9.34999999999998));
#39460=DIRECTION('',(0.707106781186547,0.,-0.707106781186547));
#39470=VECTOR('',#39460,1.);
#39480=LINE('',#39450,#39470);
#39490=EDGE_CURVE('',#26650,#37920,#39480,.T.);
#39500=ORIENTED_EDGE('',*,*,#39490,.T.);
#39510=ORIENTED_EDGE('',*,*,#26660,.F.);
#39520=CARTESIAN_POINT('',(47.56,49.545,9.64999999999998));
#39530=DIRECTION('',(-1.,0.,0.));
#39540=VECTOR('',#39530,1.);
#39550=LINE('',#39520,#39540);
#39560=EDGE_CURVE('',#39250,#26570,#39550,.T.);
#39570=ORIENTED_EDGE('',*,*,#39560,.T.);
#39580=ORIENTED_EDGE('',*,*,#39260,.F.);
#39590=EDGE_LOOP('',(#39580,#39570,#39510,#39500,#39440));
#39600=FACE_OUTER_BOUND('',#39590,.T.);
#39610=ADVANCED_FACE('',(#39600),#39430,.T.);
#39620=CARTESIAN_POINT('',(47.435,49.755,9.32499999999998));
#39630=DIRECTION('',(-0.707106781186546,-2.41552685951349E-16,
-0.707106781186549));
#39640=DIRECTION('',(-0.707106781186549,-1.96261557335472E-16,
0.707106781186546));
#39650=AXIS2_PLACEMENT_3D('',#39620,#39630,#39640);
#39660=PLANE('',#39650);
#39670=ORIENTED_EDGE('',*,*,#37930,.T.);
#39680=ORIENTED_EDGE('',*,*,#35370,.F.);
#39690=ORIENTED_EDGE('',*,*,#26740,.F.);
#39700=ORIENTED_EDGE('',*,*,#39490,.F.);
#39710=EDGE_LOOP('',(#39700,#39690,#39680,#39670));
#39720=FACE_OUTER_BOUND('',#39710,.T.);
#39730=ADVANCED_FACE('',(#39720),#39660,.T.);
#39740=CARTESIAN_POINT('',(47.41,49.545,9.64999999999998));
#39750=DIRECTION('',(-0.,-0.,-1.));
#39760=DIRECTION('',(-3.41607084500048E-16,1.,0.));
#39770=AXIS2_PLACEMENT_3D('',#39740,#39750,#39760);
#39780=PLANE('',#39770);
#39790=ORIENTED_EDGE('',*,*,#39010,.F.);
#39800=ORIENTED_EDGE('',*,*,#39320,.T.);
#39810=ORIENTED_EDGE('',*,*,#39560,.F.);
#39820=ORIENTED_EDGE('',*,*,#26580,.F.);
#39830=EDGE_LOOP('',(#39820,#39810,#39800,#39790));
#39840=FACE_OUTER_BOUND('',#39830,.T.);
#39850=ADVANCED_FACE('',(#39840),#39780,.T.);
#39860=CARTESIAN_POINT('',(48.61,49.22,9.92999999999998));
#39870=DIRECTION('',(6.5420519111824E-17,-0.707106781186548,
-0.707106781186548));
#39880=DIRECTION('',(-0.,-0.707106781186548,0.707106781186548));
#39890=AXIS2_PLACEMENT_3D('',#39860,#39870,#39880);
#39900=PLANE('',#39890);
#39910=ORIENTED_EDGE('',*,*,#26420,.F.);
#39920=ORIENTED_EDGE('',*,*,#16180,.T.);
#39930=ORIENTED_EDGE('',*,*,#35970,.F.);
#39940=ORIENTED_EDGE('',*,*,#39080,.F.);
#39950=EDGE_LOOP('',(#39940,#39930,#39920,#39910));
#39960=FACE_OUTER_BOUND('',#39950,.T.);
#39970=ADVANCED_FACE('',(#39960),#39900,.T.);
#39980=CARTESIAN_POINT('',(49.6,49.425,9.29999999999998));
#39990=DIRECTION('',(1.68946982008176E-15,-1.,-0.));
#40000=DIRECTION('',(1.,1.68946982008176E-15,0.));
#40010=AXIS2_PLACEMENT_3D('',#39980,#39990,#40000);
#40020=PLANE('',#40010);
#40030=ORIENTED_EDGE('',*,*,#38460,.T.);
#40040=ORIENTED_EDGE('',*,*,#37040,.F.);
#40050=CARTESIAN_POINT('',(49.6,49.425,9.54499999999998));
#40060=DIRECTION('',(0.,0.,-1.));
#40070=VECTOR('',#40060,1.);
#40080=LINE('',#40050,#40070);
#40090=CARTESIAN_POINT('',(49.6,49.425,9.52999999999998));
#40100=VERTEX_POINT('',#40090);
#40110=EDGE_CURVE('',#36950,#40100,#40080,.T.);
#40120=ORIENTED_EDGE('',*,*,#40110,.F.);
#40130=CARTESIAN_POINT('',(49.14,49.425,9.52999999999998));
#40140=DIRECTION('',(1.,0.,0.));
#40150=VECTOR('',#40140,1.);
#40160=LINE('',#40130,#40150);
#40170=EDGE_CURVE('',#38450,#40100,#40160,.T.);
#40180=ORIENTED_EDGE('',*,*,#40170,.T.);
#40190=EDGE_LOOP('',(#40180,#40120,#40040,#40030));
#40200=FACE_OUTER_BOUND('',#40190,.T.);
#40210=ADVANCED_FACE('',(#40200),#40020,.T.);
#40220=CARTESIAN_POINT('',(49.71,49.535,9.52999999999998));
#40230=DIRECTION('',(-0.,-0.,-1.));
#40240=DIRECTION('',(0.,-1.,0.));
#40250=AXIS2_PLACEMENT_3D('',#40220,#40230,#40240);
#40260=PLANE('',#40250);
#40270=CARTESIAN_POINT('',(49.752,49.793,9.52999999999998));
#40280=DIRECTION('',(-0.832050294337853,-0.554700196225216,0.));
#40290=VECTOR('',#40280,1.);
#40300=LINE('',#40270,#40290);
#40310=CARTESIAN_POINT('',(49.752,49.793,9.52999999999998));
#40320=VERTEX_POINT('',#40310);
#40330=CARTESIAN_POINT('',(49.65,49.725,9.52999999999998));
#40340=VERTEX_POINT('',#40330);
#40350=EDGE_CURVE('',#40320,#40340,#40300,.T.);
#40360=ORIENTED_EDGE('',*,*,#40350,.T.);
#40370=CARTESIAN_POINT('',(49.77,49.775,9.52999999999998));
#40380=DIRECTION('',(-0.707106781186547,0.707106781186547,0.));
#40390=VECTOR('',#40380,1.);
#40400=LINE('',#40370,#40390);
#40410=CARTESIAN_POINT('',(49.77,49.775,9.52999999999998));
#40420=VERTEX_POINT('',#40410);
#40430=EDGE_CURVE('',#40420,#40320,#40400,.T.);
#40440=ORIENTED_EDGE('',*,*,#40430,.T.);
#40450=CARTESIAN_POINT('',(49.77,49.775,9.52999999999998));
#40460=DIRECTION('',(0.,-1.,0.));
#40470=VECTOR('',#40460,1.);
#40480=LINE('',#40450,#40470);
#40490=CARTESIAN_POINT('',(49.77,49.69,9.52999999999998));
#40500=VERTEX_POINT('',#40490);
#40510=EDGE_CURVE('',#40420,#40500,#40480,.T.);
#40520=ORIENTED_EDGE('',*,*,#40510,.F.);
#40530=CARTESIAN_POINT('',(49.81,49.69,9.52999999999998));
#40540=DIRECTION('',(0.,0.,-1.));
#40550=DIRECTION('',(0.,-1.,0.));
#40560=AXIS2_PLACEMENT_3D('',#40530,#40540,#40550);
#40570=CIRCLE('',#40560,0.04);
#40580=CARTESIAN_POINT('',(49.81,49.65,9.52999999999998));
#40590=VERTEX_POINT('',#40580);
#40600=EDGE_CURVE('',#40590,#40500,#40570,.T.);
#40610=ORIENTED_EDGE('',*,*,#40600,.T.);
#40620=CARTESIAN_POINT('',(49.81,49.42,9.52999999999998));
#40630=DIRECTION('',(0.,1.,0.));
#40640=VECTOR('',#40630,1.);
#40650=LINE('',#40620,#40640);
#40660=CARTESIAN_POINT('',(49.81,49.42,9.52999999999998));
#40670=VERTEX_POINT('',#40660);
#40680=EDGE_CURVE('',#40670,#40590,#40650,.T.);
#40690=ORIENTED_EDGE('',*,*,#40680,.T.);
#40700=CARTESIAN_POINT('',(49.81,49.38,9.52999999999998));
#40710=DIRECTION('',(0.,0.,-1.));
#40720=DIRECTION('',(-1.,0.,0.));
#40730=AXIS2_PLACEMENT_3D('',#40700,#40710,#40720);
#40740=CIRCLE('',#40730,0.04);
#40750=CARTESIAN_POINT('',(49.77,49.38,9.52999999999998));
#40760=VERTEX_POINT('',#40750);
#40770=EDGE_CURVE('',#40760,#40670,#40740,.T.);
#40780=ORIENTED_EDGE('',*,*,#40770,.T.);
#40790=CARTESIAN_POINT('',(49.77,49.38,9.52999999999998));
#40800=DIRECTION('',(0.,-1.,0.));
#40810=VECTOR('',#40800,1.);
#40820=LINE('',#40790,#40810);
#40830=CARTESIAN_POINT('',(49.77,49.255,9.52999999999998));
#40840=VERTEX_POINT('',#40830);
#40850=EDGE_CURVE('',#40760,#40840,#40820,.T.);
#40860=ORIENTED_EDGE('',*,*,#40850,.F.);
#40870=CARTESIAN_POINT('',(49.72,49.205,9.52999999999998));
#40880=DIRECTION('',(0.707106781186547,0.707106781186547,0.));
#40890=VECTOR('',#40880,1.);
#40900=LINE('',#40870,#40890);
#40910=CARTESIAN_POINT('',(49.72,49.205,9.52999999999998));
#40920=VERTEX_POINT('',#40910);
#40930=EDGE_CURVE('',#40920,#40840,#40900,.T.);
#40940=ORIENTED_EDGE('',*,*,#40930,.T.);
#40950=CARTESIAN_POINT('',(49.29,49.2139583333333,9.52999999999998));
#40960=DIRECTION('',(0.999783056728112,-0.0208288136818333,0.));
#40970=VECTOR('',#40960,1.);
#40980=LINE('',#40950,#40970);
#40990=CARTESIAN_POINT('',(49.29,49.2139583333333,9.52999999999998));
#41000=VERTEX_POINT('',#40990);
#41010=EDGE_CURVE('',#41000,#40920,#40980,.T.);
#41020=ORIENTED_EDGE('',*,*,#41010,.T.);
#41030=CARTESIAN_POINT('',(49.17,49.315,9.52999999999998));
#41040=DIRECTION('',(0.764945635419067,-0.644094849267808,0.));
#41050=VECTOR('',#41040,1.);
#41060=LINE('',#41030,#41050);
#41070=CARTESIAN_POINT('',(49.17,49.315,9.52999999999998));
#41080=VERTEX_POINT('',#41070);
#41090=EDGE_CURVE('',#41080,#41000,#41060,.T.);
#41100=ORIENTED_EDGE('',*,*,#41090,.T.);
#41110=CARTESIAN_POINT('',(49.14,49.315,9.52999999999998));
#41120=DIRECTION('',(1.,0.,0.));
#41130=VECTOR('',#41120,1.);
#41140=LINE('',#41110,#41130);
#41150=EDGE_CURVE('',#38530,#41080,#41140,.T.);
#41160=ORIENTED_EDGE('',*,*,#41150,.T.);
#41170=ORIENTED_EDGE('',*,*,#38540,.F.);
#41180=ORIENTED_EDGE('',*,*,#40170,.F.);
#41190=CARTESIAN_POINT('',(49.65,49.475,9.52999999999998));
#41200=DIRECTION('',(-0.707106781186547,-0.707106781186547,0.));
#41210=VECTOR('',#41200,1.);
#41220=LINE('',#41190,#41210);
#41230=CARTESIAN_POINT('',(49.65,49.475,9.52999999999998));
#41240=VERTEX_POINT('',#41230);
#41250=EDGE_CURVE('',#41240,#40100,#41220,.T.);
#41260=ORIENTED_EDGE('',*,*,#41250,.T.);
#41270=CARTESIAN_POINT('',(49.65,49.475,9.52999999999998));
#41280=DIRECTION('',(0.,1.,0.));
#41290=VECTOR('',#41280,1.);
#41300=LINE('',#41270,#41290);
#41310=EDGE_CURVE('',#41240,#40340,#41300,.T.);
#41320=ORIENTED_EDGE('',*,*,#41310,.F.);
#41330=EDGE_LOOP('',(#41320,#41260,#41180,#41170,#41160,#41100,#41020,
#40940,#40860,#40780,#40690,#40610,#40520,#40440,#40360));
#41340=FACE_OUTER_BOUND('',#41330,.T.);
#41350=ADVANCED_FACE('',(#41340),#40260,.F.);
#41360=CARTESIAN_POINT('',(49.65,49.725,9.29999999999998));
#41370=DIRECTION('',(1.,-0.,-0.));
#41380=DIRECTION('',(-0.,1.,0.));
#41390=AXIS2_PLACEMENT_3D('',#41360,#41370,#41380);
#41400=PLANE('',#41390);
#41410=CARTESIAN_POINT('',(49.65,49.475,9.54499999999998));
#41420=DIRECTION('',(0.,0.,-1.));
#41430=VECTOR('',#41420,1.);
#41440=LINE('',#41410,#41430);
#41450=EDGE_CURVE('',#36870,#41240,#41440,.T.);
#41460=ORIENTED_EDGE('',*,*,#41450,.T.);
#41470=ORIENTED_EDGE('',*,*,#36880,.T.);
#41480=CARTESIAN_POINT('',(49.65,49.725,9.52999999999998));
#41490=DIRECTION('',(0.,0.,1.));
#41500=VECTOR('',#41490,1.);
#41510=LINE('',#41480,#41500);
#41520=EDGE_CURVE('',#40340,#36790,#41510,.T.);
#41530=ORIENTED_EDGE('',*,*,#41520,.T.);
#41540=ORIENTED_EDGE('',*,*,#41310,.T.);
#41550=EDGE_LOOP('',(#41540,#41530,#41470,#41460));
#41560=FACE_OUTER_BOUND('',#41550,.T.);
#41570=ADVANCED_FACE('',(#41560),#41400,.T.);
#41580=CARTESIAN_POINT('',(49.65,49.475,9.29999999999998));
#41590=DIRECTION('',(0.707106781186548,-0.707106781186547,-0.));
#41600=DIRECTION('',(0.707106781186547,0.707106781186548,0.));
#41610=AXIS2_PLACEMENT_3D('',#41580,#41590,#41600);
#41620=PLANE('',#41610);
#41630=ORIENTED_EDGE('',*,*,#40110,.T.);
#41640=ORIENTED_EDGE('',*,*,#36960,.F.);
#41650=ORIENTED_EDGE('',*,*,#41450,.F.);
#41660=ORIENTED_EDGE('',*,*,#41250,.F.);
#41670=EDGE_LOOP('',(#41660,#41650,#41640,#41630));
#41680=FACE_OUTER_BOUND('',#41670,.T.);
#41690=ADVANCED_FACE('',(#41680),#41620,.T.);
#41700=CARTESIAN_POINT('',(49.77,49.805,9.29999999999998));
#41710=DIRECTION('',(0.554700196225227,-0.832050294337845,-0.));
#41720=DIRECTION('',(0.832050294337845,0.554700196225227,0.));
#41730=AXIS2_PLACEMENT_3D('',#41700,#41710,#41720);
#41740=PLANE('',#41730);
#41750=CARTESIAN_POINT('',(49.65,49.725,9.29999999999998));
#41760=DIRECTION('',(0.,0.,1.));
#41770=VECTOR('',#41760,1.);
#41780=LINE('',#41750,#41770);
#41790=CARTESIAN_POINT('',(49.65,49.725,9.40999999999998));
#41800=VERTEX_POINT('',#41790);
#41810=EDGE_CURVE('',#37760,#41800,#41780,.T.);
#41820=ORIENTED_EDGE('',*,*,#41810,.F.);
#41830=CARTESIAN_POINT('',(49.65,49.725,9.40999999999998));
#41840=DIRECTION('',(0.832050294337853,0.554700196225216,0.));
#41850=VECTOR('',#41840,1.);
#41860=LINE('',#41830,#41850);
#41870=CARTESIAN_POINT('',(49.752,49.793,9.40999999999998));
#41880=VERTEX_POINT('',#41870);
#41890=EDGE_CURVE('',#41800,#41880,#41860,.T.);
#41900=ORIENTED_EDGE('',*,*,#41890,.F.);
#41910=CARTESIAN_POINT('',(49.752,49.793,9.52999999999998));
#41920=DIRECTION('',(0.,0.,-1.));
#41930=VECTOR('',#41920,1.);
#41940=LINE('',#41910,#41930);
#41950=EDGE_CURVE('',#40320,#41880,#41940,.T.);
#41960=ORIENTED_EDGE('',*,*,#41950,.T.);
#41970=ORIENTED_EDGE('',*,*,#40350,.F.);
#41980=ORIENTED_EDGE('',*,*,#41520,.F.);
#41990=ORIENTED_EDGE('',*,*,#36800,.F.);
#42000=ORIENTED_EDGE('',*,*,#37410,.F.);
#42010=ORIENTED_EDGE('',*,*,#37830,.F.);
#42020=EDGE_LOOP('',(#42010,#42000,#41990,#41980,#41970,#41960,#41900,
#41820));
#42030=FACE_OUTER_BOUND('',#42020,.T.);
#42040=ADVANCED_FACE('',(#42030),#41740,.T.);
#42050=CARTESIAN_POINT('',(49.65,49.725,9.29999999999998));
#42060=DIRECTION('',(1.,-0.,-0.));
#42070=DIRECTION('',(-0.,1.,0.));
#42080=AXIS2_PLACEMENT_3D('',#42050,#42060,#42070);
#42090=PLANE('',#42080);
#42100=CARTESIAN_POINT('',(49.65,49.475,9.40999999999998));
#42110=DIRECTION('',(0.,1.,0.));
#42120=VECTOR('',#42110,1.);
#42130=LINE('',#42100,#42120);
#42140=CARTESIAN_POINT('',(49.65,49.475,9.40999999999998));
#42150=VERTEX_POINT('',#42140);
#42160=EDGE_CURVE('',#42150,#41800,#42130,.T.);
#42170=ORIENTED_EDGE('',*,*,#42160,.F.);
#42180=ORIENTED_EDGE('',*,*,#41810,.T.);
#42190=ORIENTED_EDGE('',*,*,#37770,.T.);
#42200=CARTESIAN_POINT('',(49.65,49.475,9.40999999999998));
#42210=DIRECTION('',(0.,0.,-1.));
#42220=VECTOR('',#42210,1.);
#42230=LINE('',#42200,#42220);
#42240=EDGE_CURVE('',#42150,#37680,#42230,.T.);
#42250=ORIENTED_EDGE('',*,*,#42240,.T.);
#42260=EDGE_LOOP('',(#42250,#42190,#42180,#42170));
#42270=FACE_OUTER_BOUND('',#42260,.T.);
#42280=ADVANCED_FACE('',(#42270),#42090,.T.);
#42290=CARTESIAN_POINT('',(49.65,49.475,9.29999999999998));
#42300=DIRECTION('',(0.707106781186548,-0.707106781186547,-0.));
#42310=DIRECTION('',(0.707106781186547,0.707106781186548,0.));
#42320=AXIS2_PLACEMENT_3D('',#42290,#42300,#42310);
#42330=PLANE('',#42320);
#42340=CARTESIAN_POINT('',(49.6,49.425,9.40999999999998));
#42350=DIRECTION('',(0.707106781186547,0.707106781186547,0.));
#42360=VECTOR('',#42350,1.);
#42370=LINE('',#42340,#42360);
#42380=CARTESIAN_POINT('',(49.6,49.425,9.40999999999998));
#42390=VERTEX_POINT('',#42380);
#42400=EDGE_CURVE('',#42390,#42150,#42370,.T.);
#42410=ORIENTED_EDGE('',*,*,#42400,.F.);
#42420=ORIENTED_EDGE('',*,*,#42240,.F.);
#42430=ORIENTED_EDGE('',*,*,#37690,.F.);
#42440=CARTESIAN_POINT('',(49.6,49.425,9.40999999999998));
#42450=DIRECTION('',(0.,0.,-1.));
#42460=VECTOR('',#42450,1.);
#42470=LINE('',#42440,#42460);
#42480=EDGE_CURVE('',#42390,#37580,#42470,.T.);
#42490=ORIENTED_EDGE('',*,*,#42480,.T.);
#42500=EDGE_LOOP('',(#42490,#42430,#42420,#42410));
#42510=FACE_OUTER_BOUND('',#42500,.T.);
#42520=ADVANCED_FACE('',(#42510),#42330,.T.);
#42530=CARTESIAN_POINT('',(49.6,49.425,9.29999999999998));
#42540=DIRECTION('',(1.68946982008176E-15,-1.,-0.));
#42550=DIRECTION('',(1.,1.68946982008176E-15,0.));
#42560=AXIS2_PLACEMENT_3D('',#42530,#42540,#42550);
#42570=PLANE('',#42560);
#42580=CARTESIAN_POINT('',(49.14,49.425,9.40999999999998));
#42590=DIRECTION('',(1.,0.,0.));
#42600=VECTOR('',#42590,1.);
#42610=LINE('',#42580,#42600);
#42620=EDGE_CURVE('',#38690,#42390,#42610,.T.);
#42630=ORIENTED_EDGE('',*,*,#42620,.F.);
#42640=ORIENTED_EDGE('',*,*,#42480,.F.);
#42650=ORIENTED_EDGE('',*,*,#37610,.F.);
#42660=ORIENTED_EDGE('',*,*,#38760,.T.);
#42670=EDGE_LOOP('',(#42660,#42650,#42640,#42630));
#42680=FACE_OUTER_BOUND('',#42670,.T.);
#42690=ADVANCED_FACE('',(#42680),#42570,.T.);
#42700=CARTESIAN_POINT('',(49.71,49.535,9.40999999999998));
#42710=DIRECTION('',(-0.,-0.,-1.));
#42720=DIRECTION('',(0.,-1.,0.));
#42730=AXIS2_PLACEMENT_3D('',#42700,#42710,#42720);
#42740=PLANE('',#42730);
#42750=ORIENTED_EDGE('',*,*,#42620,.T.);
#42760=ORIENTED_EDGE('',*,*,#38700,.T.);
#42770=CARTESIAN_POINT('',(49.14,49.315,9.40999999999998));
#42780=DIRECTION('',(1.,0.,0.));
#42790=VECTOR('',#42780,1.);
#42800=LINE('',#42770,#42790);
#42810=CARTESIAN_POINT('',(49.17,49.315,9.40999999999998));
#42820=VERTEX_POINT('',#42810);
#42830=EDGE_CURVE('',#38610,#42820,#42800,.T.);
#42840=ORIENTED_EDGE('',*,*,#42830,.F.);
#42850=CARTESIAN_POINT('',(49.29,49.2139583333333,9.40999999999998));
#42860=DIRECTION('',(-0.764945635419067,0.644094849267808,0.));
#42870=VECTOR('',#42860,1.);
#42880=LINE('',#42850,#42870);
#42890=CARTESIAN_POINT('',(49.29,49.2139583333333,9.40999999999998));
#42900=VERTEX_POINT('',#42890);
#42910=EDGE_CURVE('',#42900,#42820,#42880,.T.);
#42920=ORIENTED_EDGE('',*,*,#42910,.T.);
#42930=CARTESIAN_POINT('',(49.72,49.205,9.40999999999998));
#42940=DIRECTION('',(-0.999783056728112,0.0208288136818333,0.));
#42950=VECTOR('',#42940,1.);
#42960=LINE('',#42930,#42950);
#42970=CARTESIAN_POINT('',(49.72,49.205,9.40999999999998));
#42980=VERTEX_POINT('',#42970);
#42990=EDGE_CURVE('',#42980,#42900,#42960,.T.);
#43000=ORIENTED_EDGE('',*,*,#42990,.T.);
#43010=CARTESIAN_POINT('',(49.77,49.255,9.40999999999998));
#43020=DIRECTION('',(-0.707106781186547,-0.707106781186547,0.));
#43030=VECTOR('',#43020,1.);
#43040=LINE('',#43010,#43030);
#43050=CARTESIAN_POINT('',(49.77,49.255,9.40999999999998));
#43060=VERTEX_POINT('',#43050);
#43070=EDGE_CURVE('',#43060,#42980,#43040,.T.);
#43080=ORIENTED_EDGE('',*,*,#43070,.T.);
#43090=CARTESIAN_POINT('',(49.77,49.38,9.40999999999998));
#43100=DIRECTION('',(0.,-1.,0.));
#43110=VECTOR('',#43100,1.);
#43120=LINE('',#43090,#43110);
#43130=CARTESIAN_POINT('',(49.77,49.38,9.40999999999998));
#43140=VERTEX_POINT('',#43130);
#43150=EDGE_CURVE('',#43140,#43060,#43120,.T.);
#43160=ORIENTED_EDGE('',*,*,#43150,.T.);
#43170=CARTESIAN_POINT('',(49.81,49.38,9.40999999999998));
#43180=DIRECTION('',(0.,-0.,1.));
#43190=DIRECTION('',(0.,1.,0.));
#43200=AXIS2_PLACEMENT_3D('',#43170,#43180,#43190);
#43210=CIRCLE('',#43200,0.04);
#43220=CARTESIAN_POINT('',(49.81,49.42,9.40999999999998));
#43230=VERTEX_POINT('',#43220);
#43240=EDGE_CURVE('',#43230,#43140,#43210,.T.);
#43250=ORIENTED_EDGE('',*,*,#43240,.T.);
#43260=CARTESIAN_POINT('',(49.81,49.42,9.40999999999998));
#43270=DIRECTION('',(0.,1.,0.));
#43280=VECTOR('',#43270,1.);
#43290=LINE('',#43260,#43280);
#43300=CARTESIAN_POINT('',(49.81,49.65,9.40999999999998));
#43310=VERTEX_POINT('',#43300);
#43320=EDGE_CURVE('',#43230,#43310,#43290,.T.);
#43330=ORIENTED_EDGE('',*,*,#43320,.F.);
#43340=CARTESIAN_POINT('',(49.81,49.69,9.40999999999998));
#43350=DIRECTION('',(0.,0.,1.));
#43360=DIRECTION('',(-1.,0.,0.));
#43370=AXIS2_PLACEMENT_3D('',#43340,#43350,#43360);
#43380=CIRCLE('',#43370,0.04);
#43390=CARTESIAN_POINT('',(49.77,49.69,9.40999999999998));
#43400=VERTEX_POINT('',#43390);
#43410=EDGE_CURVE('',#43400,#43310,#43380,.T.);
#43420=ORIENTED_EDGE('',*,*,#43410,.T.);
#43430=CARTESIAN_POINT('',(49.77,49.775,9.40999999999998));
#43440=DIRECTION('',(0.,-1.,0.));
#43450=VECTOR('',#43440,1.);
#43460=LINE('',#43430,#43450);
#43470=CARTESIAN_POINT('',(49.77,49.775,9.40999999999998));
#43480=VERTEX_POINT('',#43470);
#43490=EDGE_CURVE('',#43480,#43400,#43460,.T.);
#43500=ORIENTED_EDGE('',*,*,#43490,.T.);
#43510=CARTESIAN_POINT('',(49.752,49.793,9.40999999999998));
#43520=DIRECTION('',(0.707106781186547,-0.707106781186547,0.));
#43530=VECTOR('',#43520,1.);
#43540=LINE('',#43510,#43530);
#43550=EDGE_CURVE('',#41880,#43480,#43540,.T.);
#43560=ORIENTED_EDGE('',*,*,#43550,.T.);
#43570=ORIENTED_EDGE('',*,*,#41890,.T.);
#43580=ORIENTED_EDGE('',*,*,#42160,.T.);
#43590=ORIENTED_EDGE('',*,*,#42400,.T.);
#43600=EDGE_LOOP('',(#43590,#43580,#43570,#43560,#43500,#43420,#43330,
#43250,#43160,#43080,#43000,#42920,#42840,#42760,#42750));
#43610=FACE_OUTER_BOUND('',#43600,.T.);
#43620=ADVANCED_FACE('',(#43610),#42740,.T.);
#43630=CARTESIAN_POINT('',(49.17,49.315,15.79));
#43640=DIRECTION('',(-0.,1.,-0.));
#43650=DIRECTION('',(1.,-0.,0.));
#43660=AXIS2_PLACEMENT_3D('',#43630,#43640,#43650);
#43670=PLANE('',#43660);
#43680=ORIENTED_EDGE('',*,*,#38620,.F.);
#43690=ORIENTED_EDGE('',*,*,#41150,.F.);
#43700=CARTESIAN_POINT('',(49.17,49.315,9.40999999999998));
#43710=DIRECTION('',(0.,0.,1.));
#43720=VECTOR('',#43710,1.);
#43730=LINE('',#43700,#43720);
#43740=EDGE_CURVE('',#42820,#41080,#43730,.T.);
#43750=ORIENTED_EDGE('',*,*,#43740,.T.);
#43760=ORIENTED_EDGE('',*,*,#42830,.T.);
#43770=EDGE_LOOP('',(#43760,#43750,#43690,#43680));
#43780=FACE_OUTER_BOUND('',#43770,.T.);
#43790=ADVANCED_FACE('',(#43780),#43670,.F.);
#43800=CARTESIAN_POINT('',(49.29,49.2139583333333,15.79));
#43810=DIRECTION('',(0.644094849267798,0.764945635419075,-0.));
#43820=DIRECTION('',(0.764945635419075,-0.644094849267798,0.));
#43830=AXIS2_PLACEMENT_3D('',#43800,#43810,#43820);
#43840=PLANE('',#43830);
#43850=ORIENTED_EDGE('',*,*,#42910,.F.);
#43860=ORIENTED_EDGE('',*,*,#43740,.F.);
#43870=ORIENTED_EDGE('',*,*,#41090,.F.);
#43880=CARTESIAN_POINT('',(49.29,49.2139583333333,9.52999999999998));
#43890=DIRECTION('',(0.,0.,-1.));
#43900=VECTOR('',#43890,1.);
#43910=LINE('',#43880,#43900);
#43920=EDGE_CURVE('',#41000,#42900,#43910,.T.);
#43930=ORIENTED_EDGE('',*,*,#43920,.F.);
#43940=EDGE_LOOP('',(#43930,#43870,#43860,#43850));
#43950=FACE_OUTER_BOUND('',#43940,.T.);
#43960=ADVANCED_FACE('',(#43950),#43840,.F.);
#43970=CARTESIAN_POINT('',(49.24,49.215,9.40999999999998));
#43980=DIRECTION('',(0.0208288136818357,0.999783056728112,-0.));
#43990=DIRECTION('',(0.999783056728112,-0.0208288136818357,0.));
#44000=AXIS2_PLACEMENT_3D('',#43970,#43980,#43990);
#44010=PLANE('',#44000);
#44020=ORIENTED_EDGE('',*,*,#43920,.T.);
#44030=ORIENTED_EDGE('',*,*,#41010,.F.);
#44040=CARTESIAN_POINT('',(49.72,49.205,9.52999999999998));
#44050=DIRECTION('',(0.,0.,-1.));
#44060=VECTOR('',#44050,1.);
#44070=LINE('',#44040,#44060);
#44080=EDGE_CURVE('',#40920,#42980,#44070,.T.);
#44090=ORIENTED_EDGE('',*,*,#44080,.F.);
#44100=ORIENTED_EDGE('',*,*,#42990,.F.);
#44110=EDGE_LOOP('',(#44100,#44090,#44030,#44020));
#44120=FACE_OUTER_BOUND('',#44110,.T.);
#44130=ADVANCED_FACE('',(#44120),#44010,.F.);
#44140=CARTESIAN_POINT('',(49.72,49.205,9.40999999999998));
#44150=DIRECTION('',(-0.707106781186547,0.707106781186548,-0.));
#44160=DIRECTION('',(0.707106781186548,0.707106781186547,0.));
#44170=AXIS2_PLACEMENT_3D('',#44140,#44150,#44160);
#44180=PLANE('',#44170);
#44190=ORIENTED_EDGE('',*,*,#43070,.F.);
#44200=ORIENTED_EDGE('',*,*,#44080,.T.);
#44210=ORIENTED_EDGE('',*,*,#40930,.F.);
#44220=CARTESIAN_POINT('',(49.77,49.255,9.52999999999998));
#44230=DIRECTION('',(0.,0.,-1.));
#44240=VECTOR('',#44230,1.);
#44250=LINE('',#44220,#44240);
#44260=EDGE_CURVE('',#40840,#43060,#44250,.T.);
#44270=ORIENTED_EDGE('',*,*,#44260,.F.);
#44280=EDGE_LOOP('',(#44270,#44210,#44200,#44190));
#44290=FACE_OUTER_BOUND('',#44280,.T.);
#44300=ADVANCED_FACE('',(#44290),#44180,.F.);
#44310=CARTESIAN_POINT('',(49.77,49.255,9.40999999999998));
#44320=DIRECTION('',(-1.,1.26737788199219E-16,-0.));
#44330=DIRECTION('',(1.26737788199219E-16,1.,0.));
#44340=AXIS2_PLACEMENT_3D('',#44310,#44320,#44330);
#44350=PLANE('',#44340);
#44360=ORIENTED_EDGE('',*,*,#43150,.F.);
#44370=ORIENTED_EDGE('',*,*,#44260,.T.);
#44380=ORIENTED_EDGE('',*,*,#40850,.T.);
#44390=CARTESIAN_POINT('',(49.77,49.38,9.52999999999998));
#44400=DIRECTION('',(0.,0.,-1.));
#44410=VECTOR('',#44400,1.);
#44420=LINE('',#44390,#44410);
#44430=EDGE_CURVE('',#40760,#43140,#44420,.T.);
#44440=ORIENTED_EDGE('',*,*,#44430,.F.);
#44450=EDGE_LOOP('',(#44440,#44380,#44370,#44360));
#44460=FACE_OUTER_BOUND('',#44450,.T.);
#44470=ADVANCED_FACE('',(#44460),#44350,.F.);
#44480=CARTESIAN_POINT('',(49.81,49.38,9.40999999999998));
#44490=DIRECTION('',(-0.,-0.,1.));
#44500=DIRECTION('',(0.,-1.,-0.));
#44510=AXIS2_PLACEMENT_3D('',#44480,#44490,#44500);
#44520=CYLINDRICAL_SURFACE('',#44510,0.04);
#44530=ORIENTED_EDGE('',*,*,#43240,.F.);
#44540=ORIENTED_EDGE('',*,*,#44430,.T.);
#44550=ORIENTED_EDGE('',*,*,#40770,.F.);
#44560=CARTESIAN_POINT('',(49.81,49.42,9.40999999999998));
#44570=DIRECTION('',(0.,0.,1.));
#44580=VECTOR('',#44570,1.);
#44590=LINE('',#44560,#44580);
#44600=EDGE_CURVE('',#43230,#40670,#44590,.T.);
#44610=ORIENTED_EDGE('',*,*,#44600,.T.);
#44620=EDGE_LOOP('',(#44610,#44550,#44540,#44530));
#44630=FACE_OUTER_BOUND('',#44620,.T.);
#44640=ADVANCED_FACE('',(#44630),#44520,.F.);
#44650=CARTESIAN_POINT('',(49.81,49.42,9.40999999999998));
#44660=DIRECTION('',(-1.,-0.,-0.));
#44670=DIRECTION('',(0.,1.,0.));
#44680=AXIS2_PLACEMENT_3D('',#44650,#44660,#44670);
#44690=PLANE('',#44680);
#44700=ORIENTED_EDGE('',*,*,#43320,.T.);
#44710=ORIENTED_EDGE('',*,*,#44600,.F.);
#44720=ORIENTED_EDGE('',*,*,#40680,.F.);
#44730=CARTESIAN_POINT('',(49.81,49.65,9.52999999999998));
#44740=DIRECTION('',(0.,0.,-1.));
#44750=VECTOR('',#44740,1.);
#44760=LINE('',#44730,#44750);
#44770=EDGE_CURVE('',#40590,#43310,#44760,.T.);
#44780=ORIENTED_EDGE('',*,*,#44770,.F.);
#44790=EDGE_LOOP('',(#44780,#44720,#44710,#44700));
#44800=FACE_OUTER_BOUND('',#44790,.T.);
#44810=ADVANCED_FACE('',(#44800),#44690,.F.);
#44820=CARTESIAN_POINT('',(49.81,49.69,9.40999999999998));
#44830=DIRECTION('',(-0.,-0.,1.));
#44840=DIRECTION('',(0.,-1.,-0.));
#44850=AXIS2_PLACEMENT_3D('',#44820,#44830,#44840);
#44860=CYLINDRICAL_SURFACE('',#44850,0.04);
#44870=ORIENTED_EDGE('',*,*,#43410,.F.);
#44880=ORIENTED_EDGE('',*,*,#44770,.T.);
#44890=ORIENTED_EDGE('',*,*,#40600,.F.);
#44900=CARTESIAN_POINT('',(49.77,49.69,9.40999999999998));
#44910=DIRECTION('',(0.,0.,1.));
#44920=VECTOR('',#44910,1.);
#44930=LINE('',#44900,#44920);
#44940=EDGE_CURVE('',#43400,#40500,#44930,.T.);
#44950=ORIENTED_EDGE('',*,*,#44940,.T.);
#44960=EDGE_LOOP('',(#44950,#44890,#44880,#44870));
#44970=FACE_OUTER_BOUND('',#44960,.T.);
#44980=ADVANCED_FACE('',(#44970),#44860,.F.);
#44990=CARTESIAN_POINT('',(49.77,49.69,9.40999999999998));
#45000=DIRECTION('',(-1.,5.55111512312579E-17,-0.));
#45010=DIRECTION('',(5.55111512312579E-17,1.,0.));
#45020=AXIS2_PLACEMENT_3D('',#44990,#45000,#45010);
#45030=PLANE('',#45020);
#45040=ORIENTED_EDGE('',*,*,#43490,.F.);
#45050=ORIENTED_EDGE('',*,*,#44940,.F.);
#45060=ORIENTED_EDGE('',*,*,#40510,.T.);
#45070=CARTESIAN_POINT('',(49.77,49.775,9.52999999999998));
#45080=DIRECTION('',(0.,0.,-1.));
#45090=VECTOR('',#45080,1.);
#45100=LINE('',#45070,#45090);
#45110=EDGE_CURVE('',#40420,#43480,#45100,.T.);
#45120=ORIENTED_EDGE('',*,*,#45110,.F.);
#45130=EDGE_LOOP('',(#45120,#45060,#45050,#45040));
#45140=FACE_OUTER_BOUND('',#45130,.T.);
#45150=ADVANCED_FACE('',(#45140),#45030,.F.);
#45160=CARTESIAN_POINT('',(49.77,49.775,9.40999999999998));
#45170=DIRECTION('',(-0.707106781186547,-0.707106781186548,-0.));
#45180=DIRECTION('',(-0.707106781186548,0.707106781186547,0.));
#45190=AXIS2_PLACEMENT_3D('',#45160,#45170,#45180);
#45200=PLANE('',#45190);
#45210=ORIENTED_EDGE('',*,*,#43550,.F.);
#45220=ORIENTED_EDGE('',*,*,#45110,.T.);
#45230=ORIENTED_EDGE('',*,*,#40430,.F.);
#45240=ORIENTED_EDGE('',*,*,#41950,.F.);
#45250=EDGE_LOOP('',(#45240,#45230,#45220,#45210));
#45260=FACE_OUTER_BOUND('',#45250,.T.);
#45270=ADVANCED_FACE('',(#45260),#45200,.F.);
#45280=CARTESIAN_POINT('',(48.61,49.22,15.27));
#45290=DIRECTION('',(-6.5420519111824E-17,0.707106781186548,
-0.707106781186548));
#45300=DIRECTION('',(0.,-0.707106781186548,-0.707106781186548));
#45310=AXIS2_PLACEMENT_3D('',#45280,#45290,#45300);
#45320=PLANE('',#45310);
#45330=CARTESIAN_POINT('',(49.81,49.235,15.285));
#45340=DIRECTION('',(-1.,0.,0.));
#45350=VECTOR('',#45340,1.);
#45360=LINE('',#45330,#45350);
#45370=EDGE_CURVE('',#36050,#2430,#45360,.T.);
#45380=ORIENTED_EDGE('',*,*,#45370,.T.);
#45390=ORIENTED_EDGE('',*,*,#36060,.F.);
#45400=ORIENTED_EDGE('',*,*,#16020,.F.);
#45410=ORIENTED_EDGE('',*,*,#2520,.F.);
#45420=EDGE_LOOP('',(#45410,#45400,#45390,#45380));
#45430=FACE_OUTER_BOUND('',#45420,.T.);
#45440=ADVANCED_FACE('',(#45430),#45320,.F.);
#45450=CARTESIAN_POINT('',(47.46,49.235,15.73));
#45460=DIRECTION('',(-1.32169407693472E-16,1.,-0.));
#45470=DIRECTION('',(-1.,-1.32169407693472E-16,0.));
#45480=AXIS2_PLACEMENT_3D('',#45450,#45460,#45470);
#45490=PLANE('',#45480);
#45500=CARTESIAN_POINT('',(49.81,49.235,15.655));
#45510=DIRECTION('',(-1.,0.,0.));
#45520=VECTOR('',#45510,1.);
#45530=LINE('',#45500,#45520);
#45540=CARTESIAN_POINT('',(49.14,49.235,15.655));
#45550=VERTEX_POINT('',#45540);
#45560=EDGE_CURVE('',#36130,#45550,#45530,.T.);
#45570=ORIENTED_EDGE('',*,*,#45560,.T.);
#45580=ORIENTED_EDGE('',*,*,#36140,.T.);
#45590=ORIENTED_EDGE('',*,*,#45370,.F.);
#45600=ORIENTED_EDGE('',*,*,#2440,.F.);
#45610=CARTESIAN_POINT('',(47.41,49.235,15.55));
#45620=DIRECTION('',(1.,0.,0.));
#45630=VECTOR('',#45620,1.);
#45640=LINE('',#45610,#45630);
#45650=CARTESIAN_POINT('',(47.56,49.235,15.55));
#45660=VERTEX_POINT('',#45650);
#45670=EDGE_CURVE('',#2350,#45660,#45640,.T.);
#45680=ORIENTED_EDGE('',*,*,#45670,.F.);
#45690=CARTESIAN_POINT('',(47.56,49.235,15.55));
#45700=DIRECTION('',(0.,0.,1.));
#45710=VECTOR('',#45700,1.);
#45720=LINE('',#45690,#45710);
#45730=CARTESIAN_POINT('',(47.56,49.235,15.9));
#45740=VERTEX_POINT('',#45730);
#45750=EDGE_CURVE('',#45660,#45740,#45720,.T.);
#45760=ORIENTED_EDGE('',*,*,#45750,.F.);
#45770=CARTESIAN_POINT('',(47.56,49.235,15.9));
#45780=DIRECTION('',(1.,0.,0.));
#45790=VECTOR('',#45780,1.);
#45800=LINE('',#45770,#45790);
#45810=CARTESIAN_POINT('',(49.14,49.235,15.9));
#45820=VERTEX_POINT('',#45810);
#45830=EDGE_CURVE('',#45740,#45820,#45800,.T.);
#45840=ORIENTED_EDGE('',*,*,#45830,.F.);
#45850=CARTESIAN_POINT('',(49.14,49.235,15.655));
#45860=DIRECTION('',(0.,0.,1.));
#45870=VECTOR('',#45860,1.);
#45880=LINE('',#45850,#45870);
#45890=EDGE_CURVE('',#45550,#45820,#45880,.T.);
#45900=ORIENTED_EDGE('',*,*,#45890,.T.);
#45910=EDGE_LOOP('',(#45900,#45840,#45760,#45680,#45600,#45590,#45580,
#45570));
#45920=FACE_OUTER_BOUND('',#45910,.T.);
#45930=ADVANCED_FACE('',(#45920),#45490,.F.);
#45940=CARTESIAN_POINT('',(49.14,49.215,15.73));
#45950=DIRECTION('',(-1.,-0.,-0.));
#45960=DIRECTION('',(0.,1.,0.));
#45970=AXIS2_PLACEMENT_3D('',#45940,#45950,#45960);
#45980=PLANE('',#45970);
#45990=CARTESIAN_POINT('',(49.14,49.425,15.9));
#46000=DIRECTION('',(0.,-1.,0.));
#46010=VECTOR('',#46000,1.);
#46020=LINE('',#45990,#46010);
#46030=CARTESIAN_POINT('',(49.14,49.425,15.9));
#46040=VERTEX_POINT('',#46030);
#46050=EDGE_CURVE('',#46040,#45820,#46020,.T.);
#46060=ORIENTED_EDGE('',*,*,#46050,.T.);
#46070=CARTESIAN_POINT('',(49.14,49.425,15.79));
#46080=DIRECTION('',(0.,0.,1.));
#46090=VECTOR('',#46080,1.);
#46100=LINE('',#46070,#46090);
#46110=CARTESIAN_POINT('',(49.14,49.425,15.79));
#46120=VERTEX_POINT('',#46110);
#46130=EDGE_CURVE('',#46120,#46040,#46100,.T.);
#46140=ORIENTED_EDGE('',*,*,#46130,.T.);
#46150=CARTESIAN_POINT('',(49.14,49.315,15.79));
#46160=DIRECTION('',(0.,1.,0.));
#46170=VECTOR('',#46160,1.);
#46180=LINE('',#46150,#46170);
#46190=CARTESIAN_POINT('',(49.14,49.315,15.79));
#46200=VERTEX_POINT('',#46190);
#46210=EDGE_CURVE('',#46200,#46120,#46180,.T.);
#46220=ORIENTED_EDGE('',*,*,#46210,.T.);
#46230=CARTESIAN_POINT('',(49.14,49.315,15.79));
#46240=DIRECTION('',(0.,0.,-1.));
#46250=VECTOR('',#46240,1.);
#46260=LINE('',#46230,#46250);
#46270=CARTESIAN_POINT('',(49.14,49.315,15.67));
#46280=VERTEX_POINT('',#46270);
#46290=EDGE_CURVE('',#46200,#46280,#46260,.T.);
#46300=ORIENTED_EDGE('',*,*,#46290,.F.);
#46310=CARTESIAN_POINT('',(49.14,49.315,15.67));
#46320=DIRECTION('',(0.,1.,0.));
#46330=VECTOR('',#46320,1.);
#46340=LINE('',#46310,#46330);
#46350=CARTESIAN_POINT('',(49.14,49.425,15.67));
#46360=VERTEX_POINT('',#46350);
#46370=EDGE_CURVE('',#46280,#46360,#46340,.T.);
#46380=ORIENTED_EDGE('',*,*,#46370,.F.);
#46390=CARTESIAN_POINT('',(49.14,49.425,15.655));
#46400=DIRECTION('',(0.,0.,1.));
#46410=VECTOR('',#46400,1.);
#46420=LINE('',#46390,#46410);
#46430=CARTESIAN_POINT('',(49.14,49.425,15.655));
#46440=VERTEX_POINT('',#46430);
#46450=EDGE_CURVE('',#46440,#46360,#46420,.T.);
#46460=ORIENTED_EDGE('',*,*,#46450,.T.);
#46470=CARTESIAN_POINT('',(49.14,49.425,15.655));
#46480=DIRECTION('',(0.,-1.,0.));
#46490=VECTOR('',#46480,1.);
#46500=LINE('',#46470,#46490);
#46510=EDGE_CURVE('',#46440,#45550,#46500,.T.);
#46520=ORIENTED_EDGE('',*,*,#46510,.F.);
#46530=ORIENTED_EDGE('',*,*,#45890,.F.);
#46540=EDGE_LOOP('',(#46530,#46520,#46460,#46380,#46300,#46220,#46140,
#46060));
#46550=FACE_OUTER_BOUND('',#46540,.T.);
#46560=ADVANCED_FACE('',(#46550),#45980,.F.);
#46570=CARTESIAN_POINT('',(48.615,49.605,15.9));
#46580=DIRECTION('',(-0.,-0.,1.));
#46590=DIRECTION('',(1.,0.,-0.));
#46600=AXIS2_PLACEMENT_3D('',#46570,#46580,#46590);
#46610=PLANE('',#46600);
#46620=ORIENTED_EDGE('',*,*,#46050,.F.);
#46630=ORIENTED_EDGE('',*,*,#45830,.T.);
#46640=CARTESIAN_POINT('',(47.56,49.235,15.9));
#46650=DIRECTION('',(0.,1.,0.));
#46660=VECTOR('',#46650,1.);
#46670=LINE('',#46640,#46660);
#46680=CARTESIAN_POINT('',(47.56,49.545,15.9));
#46690=VERTEX_POINT('',#46680);
#46700=EDGE_CURVE('',#45740,#46690,#46670,.T.);
#46710=ORIENTED_EDGE('',*,*,#46700,.F.);
#46720=CARTESIAN_POINT('',(47.56,49.545,15.9));
#46730=DIRECTION('',(-1.,0.,0.));
#46740=VECTOR('',#46730,1.);
#46750=LINE('',#46720,#46740);
#46760=CARTESIAN_POINT('',(47.46,49.545,15.9));
#46770=VERTEX_POINT('',#46760);
#46780=EDGE_CURVE('',#46690,#46770,#46750,.T.);
#46790=ORIENTED_EDGE('',*,*,#46780,.F.);
#46800=CARTESIAN_POINT('',(47.46,49.955,15.9));
#46810=DIRECTION('',(0.,-1.,0.));
#46820=VECTOR('',#46810,1.);
#46830=LINE('',#46800,#46820);
#46840=EDGE_CURVE('',#28330,#46770,#46830,.T.);
#46850=ORIENTED_EDGE('',*,*,#46840,.T.);
#46860=ORIENTED_EDGE('',*,*,#28340,.T.);
#46870=CARTESIAN_POINT('',(49.77,49.805,15.9));
#46880=DIRECTION('',(0.,1.,0.));
#46890=VECTOR('',#46880,1.);
#46900=LINE('',#46870,#46890);
#46910=CARTESIAN_POINT('',(49.77,49.805,15.9));
#46920=VERTEX_POINT('',#46910);
#46930=EDGE_CURVE('',#46920,#28250,#46900,.T.);
#46940=ORIENTED_EDGE('',*,*,#46930,.T.);
#46950=CARTESIAN_POINT('',(49.65,49.725,15.9));
#46960=DIRECTION('',(0.832050294337859,0.554700196225206,0.));
#46970=VECTOR('',#46960,1.);
#46980=LINE('',#46950,#46970);
#46990=CARTESIAN_POINT('',(49.65,49.725,15.9));
#47000=VERTEX_POINT('',#46990);
#47010=EDGE_CURVE('',#47000,#46920,#46980,.T.);
#47020=ORIENTED_EDGE('',*,*,#47010,.T.);
#47030=CARTESIAN_POINT('',(49.65,49.475,15.9));
#47040=DIRECTION('',(0.,1.,0.));
#47050=VECTOR('',#47040,1.);
#47060=LINE('',#47030,#47050);
#47070=CARTESIAN_POINT('',(49.65,49.475,15.9));
#47080=VERTEX_POINT('',#47070);
#47090=EDGE_CURVE('',#47080,#47000,#47060,.T.);
#47100=ORIENTED_EDGE('',*,*,#47090,.T.);
#47110=CARTESIAN_POINT('',(49.6,49.425,15.9));
#47120=DIRECTION('',(0.707106781186547,0.707106781186547,0.));
#47130=VECTOR('',#47120,1.);
#47140=LINE('',#47110,#47130);
#47150=CARTESIAN_POINT('',(49.6,49.425,15.9));
#47160=VERTEX_POINT('',#47150);
#47170=EDGE_CURVE('',#47160,#47080,#47140,.T.);
#47180=ORIENTED_EDGE('',*,*,#47170,.T.);
#47190=CARTESIAN_POINT('',(49.6,49.425,15.9));
#47200=DIRECTION('',(-1.,0.,0.));
#47210=VECTOR('',#47200,1.);
#47220=LINE('',#47190,#47210);
#47230=EDGE_CURVE('',#47160,#46040,#47220,.T.);
#47240=ORIENTED_EDGE('',*,*,#47230,.F.);
#47250=EDGE_LOOP('',(#47240,#47180,#47100,#47020,#46940,#46860,#46850,
#46790,#46710,#46630,#46620));
#47260=FACE_OUTER_BOUND('',#47250,.T.);
#47270=ADVANCED_FACE('',(#47260),#46610,.T.);
#47280=CARTESIAN_POINT('',(49.6,49.425,15.9));
#47290=DIRECTION('',(-1.68946982008176E-15,1.,-0.));
#47300=DIRECTION('',(1.,1.68946982008176E-15,0.));
#47310=AXIS2_PLACEMENT_3D('',#47280,#47290,#47300);
#47320=PLANE('',#47310);
#47330=ORIENTED_EDGE('',*,*,#46130,.F.);
#47340=ORIENTED_EDGE('',*,*,#47230,.T.);
#47350=CARTESIAN_POINT('',(49.6,49.425,15.79));
#47360=DIRECTION('',(0.,0.,1.));
#47370=VECTOR('',#47360,1.);
#47380=LINE('',#47350,#47370);
#47390=CARTESIAN_POINT('',(49.6,49.425,15.79));
#47400=VERTEX_POINT('',#47390);
#47410=EDGE_CURVE('',#47400,#47160,#47380,.T.);
#47420=ORIENTED_EDGE('',*,*,#47410,.T.);
#47430=CARTESIAN_POINT('',(49.14,49.425,15.79));
#47440=DIRECTION('',(1.,0.,0.));
#47450=VECTOR('',#47440,1.);
#47460=LINE('',#47430,#47450);
#47470=EDGE_CURVE('',#46120,#47400,#47460,.T.);
#47480=ORIENTED_EDGE('',*,*,#47470,.T.);
#47490=EDGE_LOOP('',(#47480,#47420,#47340,#47330));
#47500=FACE_OUTER_BOUND('',#47490,.T.);
#47510=ADVANCED_FACE('',(#47500),#47320,.F.);
#47520=CARTESIAN_POINT('',(49.71,49.535,15.79));
#47530=DIRECTION('',(-0.,-0.,-1.));
#47540=DIRECTION('',(0.,-1.,0.));
#47550=AXIS2_PLACEMENT_3D('',#47520,#47530,#47540);
#47560=PLANE('',#47550);
#47570=CARTESIAN_POINT('',(49.65,49.475,15.79));
#47580=DIRECTION('',(-0.707106781186547,-0.707106781186547,0.));
#47590=VECTOR('',#47580,1.);
#47600=LINE('',#47570,#47590);
#47610=CARTESIAN_POINT('',(49.65,49.475,15.79));
#47620=VERTEX_POINT('',#47610);
#47630=EDGE_CURVE('',#47620,#47400,#47600,.T.);
#47640=ORIENTED_EDGE('',*,*,#47630,.T.);
#47650=CARTESIAN_POINT('',(49.65,49.475,15.79));
#47660=DIRECTION('',(0.,1.,0.));
#47670=VECTOR('',#47660,1.);
#47680=LINE('',#47650,#47670);
#47690=CARTESIAN_POINT('',(49.65,49.725,15.79));
#47700=VERTEX_POINT('',#47690);
#47710=EDGE_CURVE('',#47620,#47700,#47680,.T.);
#47720=ORIENTED_EDGE('',*,*,#47710,.F.);
#47730=CARTESIAN_POINT('',(49.752,49.793,15.79));
#47740=DIRECTION('',(-0.832050294337853,-0.554700196225216,0.));
#47750=VECTOR('',#47740,1.);
#47760=LINE('',#47730,#47750);
#47770=CARTESIAN_POINT('',(49.752,49.793,15.79));
#47780=VERTEX_POINT('',#47770);
#47790=EDGE_CURVE('',#47780,#47700,#47760,.T.);
#47800=ORIENTED_EDGE('',*,*,#47790,.T.);
#47810=CARTESIAN_POINT('',(49.77,49.775,15.79));
#47820=DIRECTION('',(-0.707106781186547,0.707106781186547,0.));
#47830=VECTOR('',#47820,1.);
#47840=LINE('',#47810,#47830);
#47850=CARTESIAN_POINT('',(49.77,49.775,15.79));
#47860=VERTEX_POINT('',#47850);
#47870=EDGE_CURVE('',#47860,#47780,#47840,.T.);
#47880=ORIENTED_EDGE('',*,*,#47870,.T.);
#47890=CARTESIAN_POINT('',(49.77,49.775,15.79));
#47900=DIRECTION('',(0.,-1.,0.));
#47910=VECTOR('',#47900,1.);
#47920=LINE('',#47890,#47910);
#47930=CARTESIAN_POINT('',(49.77,49.69,15.79));
#47940=VERTEX_POINT('',#47930);
#47950=EDGE_CURVE('',#47860,#47940,#47920,.T.);
#47960=ORIENTED_EDGE('',*,*,#47950,.F.);
#47970=CARTESIAN_POINT('',(49.81,49.69,15.79));
#47980=DIRECTION('',(-0.,-0.,-1.));
#47990=DIRECTION('',(0.,-1.,0.));
#48000=AXIS2_PLACEMENT_3D('',#47970,#47980,#47990);
#48010=CIRCLE('',#48000,0.04);
#48020=CARTESIAN_POINT('',(49.81,49.65,15.79));
#48030=VERTEX_POINT('',#48020);
#48040=EDGE_CURVE('',#48030,#47940,#48010,.T.);
#48050=ORIENTED_EDGE('',*,*,#48040,.T.);
#48060=CARTESIAN_POINT('',(49.81,49.42,15.79));
#48070=DIRECTION('',(0.,1.,0.));
#48080=VECTOR('',#48070,1.);
#48090=LINE('',#48060,#48080);
#48100=CARTESIAN_POINT('',(49.81,49.42,15.79));
#48110=VERTEX_POINT('',#48100);
#48120=EDGE_CURVE('',#48110,#48030,#48090,.T.);
#48130=ORIENTED_EDGE('',*,*,#48120,.T.);
#48140=CARTESIAN_POINT('',(49.81,49.38,15.79));
#48150=DIRECTION('',(-0.,0.,-1.));
#48160=DIRECTION('',(-1.,0.,0.));
#48170=AXIS2_PLACEMENT_3D('',#48140,#48150,#48160);
#48180=CIRCLE('',#48170,0.04);
#48190=CARTESIAN_POINT('',(49.77,49.38,15.79));
#48200=VERTEX_POINT('',#48190);
#48210=EDGE_CURVE('',#48200,#48110,#48180,.T.);
#48220=ORIENTED_EDGE('',*,*,#48210,.T.);
#48230=CARTESIAN_POINT('',(49.77,49.38,15.79));
#48240=DIRECTION('',(0.,-1.,0.));
#48250=VECTOR('',#48240,1.);
#48260=LINE('',#48230,#48250);
#48270=CARTESIAN_POINT('',(49.77,49.255,15.79));
#48280=VERTEX_POINT('',#48270);
#48290=EDGE_CURVE('',#48200,#48280,#48260,.T.);
#48300=ORIENTED_EDGE('',*,*,#48290,.F.);
#48310=CARTESIAN_POINT('',(49.72,49.205,15.79));
#48320=DIRECTION('',(0.707106781186547,0.707106781186547,0.));
#48330=VECTOR('',#48320,1.);
#48340=LINE('',#48310,#48330);
#48350=CARTESIAN_POINT('',(49.72,49.205,15.79));
#48360=VERTEX_POINT('',#48350);
#48370=EDGE_CURVE('',#48360,#48280,#48340,.T.);
#48380=ORIENTED_EDGE('',*,*,#48370,.T.);
#48390=CARTESIAN_POINT('',(49.29,49.2139583333333,15.79));
#48400=DIRECTION('',(0.999783056728112,-0.0208288136818333,0.));
#48410=VECTOR('',#48400,1.);
#48420=LINE('',#48390,#48410);
#48430=CARTESIAN_POINT('',(49.29,49.2139583333333,15.79));
#48440=VERTEX_POINT('',#48430);
#48450=EDGE_CURVE('',#48440,#48360,#48420,.T.);
#48460=ORIENTED_EDGE('',*,*,#48450,.T.);
#48470=CARTESIAN_POINT('',(49.17,49.315,15.79));
#48480=DIRECTION('',(0.764945635419067,-0.644094849267808,0.));
#48490=VECTOR('',#48480,1.);
#48500=LINE('',#48470,#48490);
#48510=CARTESIAN_POINT('',(49.17,49.315,15.79));
#48520=VERTEX_POINT('',#48510);
#48530=EDGE_CURVE('',#48520,#48440,#48500,.T.);
#48540=ORIENTED_EDGE('',*,*,#48530,.T.);
#48550=CARTESIAN_POINT('',(49.14,49.315,15.79));
#48560=DIRECTION('',(1.,0.,0.));
#48570=VECTOR('',#48560,1.);
#48580=LINE('',#48550,#48570);
#48590=EDGE_CURVE('',#46200,#48520,#48580,.T.);
#48600=ORIENTED_EDGE('',*,*,#48590,.T.);
#48610=ORIENTED_EDGE('',*,*,#46210,.F.);
#48620=ORIENTED_EDGE('',*,*,#47470,.F.);
#48630=EDGE_LOOP('',(#48620,#48610,#48600,#48540,#48460,#48380,#48300,
#48220,#48130,#48050,#47960,#47880,#47800,#47720,#47640));
#48640=FACE_OUTER_BOUND('',#48630,.T.);
#48650=ADVANCED_FACE('',(#48640),#47560,.F.);
#48660=CARTESIAN_POINT('',(49.65,49.475,15.9));
#48670=DIRECTION('',(-0.707106781186548,0.707106781186547,-0.));
#48680=DIRECTION('',(0.707106781186547,0.707106781186548,0.));
#48690=AXIS2_PLACEMENT_3D('',#48660,#48670,#48680);
#48700=PLANE('',#48690);
#48710=ORIENTED_EDGE('',*,*,#47410,.F.);
#48720=ORIENTED_EDGE('',*,*,#47170,.F.);
#48730=CARTESIAN_POINT('',(49.65,49.475,15.79));
#48740=DIRECTION('',(0.,0.,1.));
#48750=VECTOR('',#48740,1.);
#48760=LINE('',#48730,#48750);
#48770=EDGE_CURVE('',#47620,#47080,#48760,.T.);
#48780=ORIENTED_EDGE('',*,*,#48770,.T.);
#48790=ORIENTED_EDGE('',*,*,#47630,.F.);
#48800=EDGE_LOOP('',(#48790,#48780,#48720,#48710));
#48810=FACE_OUTER_BOUND('',#48800,.T.);
#48820=ADVANCED_FACE('',(#48810),#48700,.F.);
#48830=CARTESIAN_POINT('',(49.65,49.725,15.9));
#48840=DIRECTION('',(-1.,-0.,-0.));
#48850=DIRECTION('',(0.,1.,0.));
#48860=AXIS2_PLACEMENT_3D('',#48830,#48840,#48850);
#48870=PLANE('',#48860);
#48880=ORIENTED_EDGE('',*,*,#48770,.F.);
#48890=ORIENTED_EDGE('',*,*,#47090,.F.);
#48900=CARTESIAN_POINT('',(49.65,49.725,15.9));
#48910=DIRECTION('',(0.,0.,-1.));
#48920=VECTOR('',#48910,1.);
#48930=LINE('',#48900,#48920);
#48940=EDGE_CURVE('',#47000,#47700,#48930,.T.);
#48950=ORIENTED_EDGE('',*,*,#48940,.F.);
#48960=ORIENTED_EDGE('',*,*,#47710,.T.);
#48970=EDGE_LOOP('',(#48960,#48950,#48890,#48880));
#48980=FACE_OUTER_BOUND('',#48970,.T.);
#48990=ADVANCED_FACE('',(#48980),#48870,.F.);
#49000=CARTESIAN_POINT('',(49.77,49.805,15.9));
#49010=DIRECTION('',(-0.554700196225227,0.832050294337845,-0.));
#49020=DIRECTION('',(0.832050294337845,0.554700196225227,0.));
#49030=AXIS2_PLACEMENT_3D('',#49000,#49010,#49020);
#49040=PLANE('',#49030);
#49050=ORIENTED_EDGE('',*,*,#47010,.F.);
#49060=CARTESIAN_POINT('',(49.77,49.805,15.655));
#49070=DIRECTION('',(0.,0.,1.));
#49080=VECTOR('',#49070,1.);
#49090=LINE('',#49060,#49080);
#49100=CARTESIAN_POINT('',(49.77,49.805,15.655));
#49110=VERTEX_POINT('',#49100);
#49120=EDGE_CURVE('',#49110,#46920,#49090,.T.);
#49130=ORIENTED_EDGE('',*,*,#49120,.T.);
#49140=CARTESIAN_POINT('',(49.77,49.805,15.655));
#49150=DIRECTION('',(-0.832050294337859,-0.554700196225206,0.));
#49160=VECTOR('',#49150,1.);
#49170=LINE('',#49140,#49160);
#49180=CARTESIAN_POINT('',(49.65,49.725,15.655));
#49190=VERTEX_POINT('',#49180);
#49200=EDGE_CURVE('',#49110,#49190,#49170,.T.);
#49210=ORIENTED_EDGE('',*,*,#49200,.F.);
#49220=CARTESIAN_POINT('',(49.65,49.725,15.67));
#49230=DIRECTION('',(0.,0.,-1.));
#49240=VECTOR('',#49230,1.);
#49250=LINE('',#49220,#49240);
#49260=CARTESIAN_POINT('',(49.65,49.725,15.67));
#49270=VERTEX_POINT('',#49260);
#49280=EDGE_CURVE('',#49270,#49190,#49250,.T.);
#49290=ORIENTED_EDGE('',*,*,#49280,.T.);
#49300=CARTESIAN_POINT('',(49.65,49.725,15.67));
#49310=DIRECTION('',(0.832050294337853,0.554700196225216,0.));
#49320=VECTOR('',#49310,1.);
#49330=LINE('',#49300,#49320);
#49340=CARTESIAN_POINT('',(49.752,49.793,15.67));
#49350=VERTEX_POINT('',#49340);
#49360=EDGE_CURVE('',#49270,#49350,#49330,.T.);
#49370=ORIENTED_EDGE('',*,*,#49360,.F.);
#49380=CARTESIAN_POINT('',(49.752,49.793,15.67));
#49390=DIRECTION('',(0.,0.,1.));
#49400=VECTOR('',#49390,1.);
#49410=LINE('',#49380,#49400);
#49420=EDGE_CURVE('',#49350,#47780,#49410,.T.);
#49430=ORIENTED_EDGE('',*,*,#49420,.F.);
#49440=ORIENTED_EDGE('',*,*,#47790,.F.);
#49450=ORIENTED_EDGE('',*,*,#48940,.T.);
#49460=EDGE_LOOP('',(#49450,#49440,#49430,#49370,#49290,#49210,#49130,
#49050));
#49470=FACE_OUTER_BOUND('',#49460,.T.);
#49480=ADVANCED_FACE('',(#49470),#49040,.F.);
#49490=CARTESIAN_POINT('',(49.77,49.785,15.9));
#49500=DIRECTION('',(1.,-0.,-0.));
#49510=DIRECTION('',(-0.,1.,0.));
#49520=AXIS2_PLACEMENT_3D('',#49490,#49500,#49510);
#49530=PLANE('',#49520);
#49540=ORIENTED_EDGE('',*,*,#28260,.F.);
#49550=CARTESIAN_POINT('',(49.77,49.955,15.655));
#49560=DIRECTION('',(0.,-1.,0.));
#49570=VECTOR('',#49560,1.);
#49580=LINE('',#49550,#49570);
#49590=EDGE_CURVE('',#28170,#49110,#49580,.T.);
#49600=ORIENTED_EDGE('',*,*,#49590,.F.);
#49610=ORIENTED_EDGE('',*,*,#49120,.F.);
#49620=ORIENTED_EDGE('',*,*,#46930,.F.);
#49630=EDGE_LOOP('',(#49620,#49610,#49600,#49540));
#49640=FACE_OUTER_BOUND('',#49630,.T.);
#49650=ADVANCED_FACE('',(#49640),#49530,.T.);
#49660=CARTESIAN_POINT('',(48.61,49.59,15.655));
#49670=DIRECTION('',(-0.,-0.,1.));
#49680=DIRECTION('',(1.,0.,-0.));
#49690=AXIS2_PLACEMENT_3D('',#49660,#49670,#49680);
#49700=PLANE('',#49690);
#49710=ORIENTED_EDGE('',*,*,#36200,.F.);
#49720=ORIENTED_EDGE('',*,*,#45560,.F.);
#49730=ORIENTED_EDGE('',*,*,#46510,.T.);
#49740=CARTESIAN_POINT('',(49.14,49.425,15.655));
#49750=DIRECTION('',(1.,0.,0.));
#49760=VECTOR('',#49750,1.);
#49770=LINE('',#49740,#49760);
#49780=CARTESIAN_POINT('',(49.6,49.425,15.655));
#49790=VERTEX_POINT('',#49780);
#49800=EDGE_CURVE('',#46440,#49790,#49770,.T.);
#49810=ORIENTED_EDGE('',*,*,#49800,.F.);
#49820=CARTESIAN_POINT('',(49.65,49.475,15.655));
#49830=DIRECTION('',(-0.707106781186547,-0.707106781186547,0.));
#49840=VECTOR('',#49830,1.);
#49850=LINE('',#49820,#49840);
#49860=CARTESIAN_POINT('',(49.65,49.475,15.655));
#49870=VERTEX_POINT('',#49860);
#49880=EDGE_CURVE('',#49870,#49790,#49850,.T.);
#49890=ORIENTED_EDGE('',*,*,#49880,.T.);
#49900=CARTESIAN_POINT('',(49.65,49.725,15.655));
#49910=DIRECTION('',(0.,-1.,0.));
#49920=VECTOR('',#49910,1.);
#49930=LINE('',#49900,#49920);
#49940=EDGE_CURVE('',#49190,#49870,#49930,.T.);
#49950=ORIENTED_EDGE('',*,*,#49940,.T.);
#49960=ORIENTED_EDGE('',*,*,#49200,.T.);
#49970=ORIENTED_EDGE('',*,*,#49590,.T.);
#49980=ORIENTED_EDGE('',*,*,#28180,.T.);
#49990=EDGE_LOOP('',(#49980,#49970,#49960,#49950,#49890,#49810,#49730,
#49720,#49710));
#50000=FACE_OUTER_BOUND('',#49990,.T.);
#50010=ADVANCED_FACE('',(#50000),#49700,.T.);
#50020=CARTESIAN_POINT('',(49.6,49.425,15.9));
#50030=DIRECTION('',(-1.68946982008176E-15,1.,-0.));
#50040=DIRECTION('',(1.,1.68946982008176E-15,0.));
#50050=AXIS2_PLACEMENT_3D('',#50020,#50030,#50040);
#50060=PLANE('',#50050);
#50070=CARTESIAN_POINT('',(49.14,49.425,15.67));
#50080=DIRECTION('',(1.,0.,0.));
#50090=VECTOR('',#50080,1.);
#50100=LINE('',#50070,#50090);
#50110=CARTESIAN_POINT('',(49.6,49.425,15.67));
#50120=VERTEX_POINT('',#50110);
#50130=EDGE_CURVE('',#46360,#50120,#50100,.T.);
#50140=ORIENTED_EDGE('',*,*,#50130,.F.);
#50150=CARTESIAN_POINT('',(49.6,49.425,15.655));
#50160=DIRECTION('',(0.,0.,1.));
#50170=VECTOR('',#50160,1.);
#50180=LINE('',#50150,#50170);
#50190=EDGE_CURVE('',#49790,#50120,#50180,.T.);
#50200=ORIENTED_EDGE('',*,*,#50190,.T.);
#50210=ORIENTED_EDGE('',*,*,#49800,.T.);
#50220=ORIENTED_EDGE('',*,*,#46450,.F.);
#50230=EDGE_LOOP('',(#50220,#50210,#50200,#50140));
#50240=FACE_OUTER_BOUND('',#50230,.T.);
#50250=ADVANCED_FACE('',(#50240),#50060,.F.);
#50260=CARTESIAN_POINT('',(49.71,49.535,15.67));
#50270=DIRECTION('',(-0.,-0.,-1.));
#50280=DIRECTION('',(0.,-1.,0.));
#50290=AXIS2_PLACEMENT_3D('',#50260,#50270,#50280);
#50300=PLANE('',#50290);
#50310=CARTESIAN_POINT('',(49.65,49.475,15.67));
#50320=DIRECTION('',(0.,1.,0.));
#50330=VECTOR('',#50320,1.);
#50340=LINE('',#50310,#50330);
#50350=CARTESIAN_POINT('',(49.65,49.475,15.67));
#50360=VERTEX_POINT('',#50350);
#50370=EDGE_CURVE('',#50360,#49270,#50340,.T.);
#50380=ORIENTED_EDGE('',*,*,#50370,.T.);
#50390=CARTESIAN_POINT('',(49.6,49.425,15.67));
#50400=DIRECTION('',(0.707106781186547,0.707106781186547,0.));
#50410=VECTOR('',#50400,1.);
#50420=LINE('',#50390,#50410);
#50430=EDGE_CURVE('',#50120,#50360,#50420,.T.);
#50440=ORIENTED_EDGE('',*,*,#50430,.T.);
#50450=ORIENTED_EDGE('',*,*,#50130,.T.);
#50460=ORIENTED_EDGE('',*,*,#46370,.T.);
#50470=CARTESIAN_POINT('',(49.14,49.315,15.67));
#50480=DIRECTION('',(1.,0.,0.));
#50490=VECTOR('',#50480,1.);
#50500=LINE('',#50470,#50490);
#50510=CARTESIAN_POINT('',(49.17,49.315,15.67));
#50520=VERTEX_POINT('',#50510);
#50530=EDGE_CURVE('',#46280,#50520,#50500,.T.);
#50540=ORIENTED_EDGE('',*,*,#50530,.F.);
#50550=CARTESIAN_POINT('',(49.29,49.2139583333333,15.67));
#50560=DIRECTION('',(-0.764945635419067,0.644094849267808,0.));
#50570=VECTOR('',#50560,1.);
#50580=LINE('',#50550,#50570);
#50590=CARTESIAN_POINT('',(49.29,49.2139583333333,15.67));
#50600=VERTEX_POINT('',#50590);
#50610=EDGE_CURVE('',#50600,#50520,#50580,.T.);
#50620=ORIENTED_EDGE('',*,*,#50610,.T.);
#50630=CARTESIAN_POINT('',(49.72,49.205,15.67));
#50640=DIRECTION('',(-0.999783056728112,0.0208288136818333,0.));
#50650=VECTOR('',#50640,1.);
#50660=LINE('',#50630,#50650);
#50670=CARTESIAN_POINT('',(49.72,49.205,15.67));
#50680=VERTEX_POINT('',#50670);
#50690=EDGE_CURVE('',#50680,#50600,#50660,.T.);
#50700=ORIENTED_EDGE('',*,*,#50690,.T.);
#50710=CARTESIAN_POINT('',(49.77,49.255,15.67));
#50720=DIRECTION('',(-0.707106781186547,-0.707106781186547,0.));
#50730=VECTOR('',#50720,1.);
#50740=LINE('',#50710,#50730);
#50750=CARTESIAN_POINT('',(49.77,49.255,15.67));
#50760=VERTEX_POINT('',#50750);
#50770=EDGE_CURVE('',#50760,#50680,#50740,.T.);
#50780=ORIENTED_EDGE('',*,*,#50770,.T.);
#50790=CARTESIAN_POINT('',(49.77,49.38,15.67));
#50800=DIRECTION('',(0.,-1.,0.));
#50810=VECTOR('',#50800,1.);
#50820=LINE('',#50790,#50810);
#50830=CARTESIAN_POINT('',(49.77,49.38,15.67));
#50840=VERTEX_POINT('',#50830);
#50850=EDGE_CURVE('',#50840,#50760,#50820,.T.);
#50860=ORIENTED_EDGE('',*,*,#50850,.T.);
#50870=CARTESIAN_POINT('',(49.81,49.38,15.67));
#50880=DIRECTION('',(0.,-0.,1.));
#50890=DIRECTION('',(0.,1.,0.));
#50900=AXIS2_PLACEMENT_3D('',#50870,#50880,#50890);
#50910=CIRCLE('',#50900,0.04);
#50920=CARTESIAN_POINT('',(49.81,49.42,15.67));
#50930=VERTEX_POINT('',#50920);
#50940=EDGE_CURVE('',#50930,#50840,#50910,.T.);
#50950=ORIENTED_EDGE('',*,*,#50940,.T.);
#50960=CARTESIAN_POINT('',(49.81,49.42,15.67));
#50970=DIRECTION('',(0.,1.,0.));
#50980=VECTOR('',#50970,1.);
#50990=LINE('',#50960,#50980);
#51000=CARTESIAN_POINT('',(49.81,49.65,15.67));
#51010=VERTEX_POINT('',#51000);
#51020=EDGE_CURVE('',#50930,#51010,#50990,.T.);
#51030=ORIENTED_EDGE('',*,*,#51020,.F.);
#51040=CARTESIAN_POINT('',(49.81,49.69,15.67));
#51050=DIRECTION('',(0.,0.,1.));
#51060=DIRECTION('',(-1.,0.,0.));
#51070=AXIS2_PLACEMENT_3D('',#51040,#51050,#51060);
#51080=CIRCLE('',#51070,0.04);
#51090=CARTESIAN_POINT('',(49.77,49.69,15.67));
#51100=VERTEX_POINT('',#51090);
#51110=EDGE_CURVE('',#51100,#51010,#51080,.T.);
#51120=ORIENTED_EDGE('',*,*,#51110,.T.);
#51130=CARTESIAN_POINT('',(49.77,49.775,15.67));
#51140=DIRECTION('',(0.,-1.,0.));
#51150=VECTOR('',#51140,1.);
#51160=LINE('',#51130,#51150);
#51170=CARTESIAN_POINT('',(49.77,49.775,15.67));
#51180=VERTEX_POINT('',#51170);
#51190=EDGE_CURVE('',#51180,#51100,#51160,.T.);
#51200=ORIENTED_EDGE('',*,*,#51190,.T.);
#51210=CARTESIAN_POINT('',(49.752,49.793,15.67));
#51220=DIRECTION('',(0.707106781186547,-0.707106781186547,0.));
#51230=VECTOR('',#51220,1.);
#51240=LINE('',#51210,#51230);
#51250=EDGE_CURVE('',#49350,#51180,#51240,.T.);
#51260=ORIENTED_EDGE('',*,*,#51250,.T.);
#51270=ORIENTED_EDGE('',*,*,#49360,.T.);
#51280=EDGE_LOOP('',(#51270,#51260,#51200,#51120,#51030,#50950,#50860,
#50780,#50700,#50620,#50540,#50460,#50450,#50440,#50380));
#51290=FACE_OUTER_BOUND('',#51280,.T.);
#51300=ADVANCED_FACE('',(#51290),#50300,.T.);
#51310=CARTESIAN_POINT('',(49.65,49.725,15.9));
#51320=DIRECTION('',(-1.,-0.,-0.));
#51330=DIRECTION('',(0.,1.,0.));
#51340=AXIS2_PLACEMENT_3D('',#51310,#51320,#51330);
#51350=PLANE('',#51340);
#51360=ORIENTED_EDGE('',*,*,#50370,.F.);
#51370=ORIENTED_EDGE('',*,*,#49280,.F.);
#51380=ORIENTED_EDGE('',*,*,#49940,.F.);
#51390=CARTESIAN_POINT('',(49.65,49.475,15.655));
#51400=DIRECTION('',(0.,0.,1.));
#51410=VECTOR('',#51400,1.);
#51420=LINE('',#51390,#51410);
#51430=EDGE_CURVE('',#49870,#50360,#51420,.T.);
#51440=ORIENTED_EDGE('',*,*,#51430,.F.);
#51450=EDGE_LOOP('',(#51440,#51380,#51370,#51360));
#51460=FACE_OUTER_BOUND('',#51450,.T.);
#51470=ADVANCED_FACE('',(#51460),#51350,.F.);
#51480=CARTESIAN_POINT('',(49.65,49.475,15.9));
#51490=DIRECTION('',(-0.707106781186548,0.707106781186547,-0.));
#51500=DIRECTION('',(0.707106781186547,0.707106781186548,0.));
#51510=AXIS2_PLACEMENT_3D('',#51480,#51490,#51500);
#51520=PLANE('',#51510);
#51530=ORIENTED_EDGE('',*,*,#50430,.F.);
#51540=ORIENTED_EDGE('',*,*,#51430,.T.);
#51550=ORIENTED_EDGE('',*,*,#49880,.F.);
#51560=ORIENTED_EDGE('',*,*,#50190,.F.);
#51570=EDGE_LOOP('',(#51560,#51550,#51540,#51530));
#51580=FACE_OUTER_BOUND('',#51570,.T.);
#51590=ADVANCED_FACE('',(#51580),#51520,.F.);
#51600=CARTESIAN_POINT('',(49.17,49.315,9.41));
#51610=DIRECTION('',(-0.,-1.,-0.));
#51620=DIRECTION('',(1.,0.,0.));
#51630=AXIS2_PLACEMENT_3D('',#51600,#51610,#51620);
#51640=PLANE('',#51630);
#51650=ORIENTED_EDGE('',*,*,#48590,.F.);
#51660=CARTESIAN_POINT('',(49.17,49.315,15.79));
#51670=DIRECTION('',(0.,0.,-1.));
#51680=VECTOR('',#51670,1.);
#51690=LINE('',#51660,#51680);
#51700=EDGE_CURVE('',#48520,#50520,#51690,.T.);
#51710=ORIENTED_EDGE('',*,*,#51700,.F.);
#51720=ORIENTED_EDGE('',*,*,#50530,.T.);
#51730=ORIENTED_EDGE('',*,*,#46290,.T.);
#51740=EDGE_LOOP('',(#51730,#51720,#51710,#51650));
#51750=FACE_OUTER_BOUND('',#51740,.T.);
#51760=ADVANCED_FACE('',(#51750),#51640,.T.);
#51770=CARTESIAN_POINT('',(49.29,49.2139583333333,9.41));
#51780=DIRECTION('',(-0.644094849267798,-0.764945635419075,-0.));
#51790=DIRECTION('',(0.764945635419075,-0.644094849267798,0.));
#51800=AXIS2_PLACEMENT_3D('',#51770,#51780,#51790);
#51810=PLANE('',#51800);
#51820=CARTESIAN_POINT('',(49.29,49.2139583333333,15.67));
#51830=DIRECTION('',(0.,0.,1.));
#51840=VECTOR('',#51830,1.);
#51850=LINE('',#51820,#51840);
#51860=EDGE_CURVE('',#50600,#48440,#51850,.T.);
#51870=ORIENTED_EDGE('',*,*,#51860,.T.);
#51880=ORIENTED_EDGE('',*,*,#50610,.F.);
#51890=ORIENTED_EDGE('',*,*,#51700,.T.);
#51900=ORIENTED_EDGE('',*,*,#48530,.F.);
#51910=EDGE_LOOP('',(#51900,#51890,#51880,#51870));
#51920=FACE_OUTER_BOUND('',#51910,.T.);
#51930=ADVANCED_FACE('',(#51920),#51810,.T.);
#51940=CARTESIAN_POINT('',(49.24,49.215,15.79));
#51950=DIRECTION('',(-0.0208288136818357,-0.999783056728112,-0.));
#51960=DIRECTION('',(0.999783056728112,-0.0208288136818357,-0.));
#51970=AXIS2_PLACEMENT_3D('',#51940,#51950,#51960);
#51980=PLANE('',#51970);
#51990=ORIENTED_EDGE('',*,*,#48450,.F.);
#52000=CARTESIAN_POINT('',(49.72,49.205,15.67));
#52010=DIRECTION('',(0.,0.,1.));
#52020=VECTOR('',#52010,1.);
#52030=LINE('',#52000,#52020);
#52040=EDGE_CURVE('',#50680,#48360,#52030,.T.);
#52050=ORIENTED_EDGE('',*,*,#52040,.T.);
#52060=ORIENTED_EDGE('',*,*,#50690,.F.);
#52070=ORIENTED_EDGE('',*,*,#51860,.F.);
#52080=EDGE_LOOP('',(#52070,#52060,#52050,#51990));
#52090=FACE_OUTER_BOUND('',#52080,.T.);
#52100=ADVANCED_FACE('',(#52090),#51980,.T.);
#52110=CARTESIAN_POINT('',(49.72,49.205,15.79));
#52120=DIRECTION('',(0.707106781186547,-0.707106781186548,-0.));
#52130=DIRECTION('',(0.707106781186548,0.707106781186547,0.));
#52140=AXIS2_PLACEMENT_3D('',#52110,#52120,#52130);
#52150=PLANE('',#52140);
#52160=CARTESIAN_POINT('',(49.77,49.255,15.67));
#52170=DIRECTION('',(0.,0.,1.));
#52180=VECTOR('',#52170,1.);
#52190=LINE('',#52160,#52180);
#52200=EDGE_CURVE('',#50760,#48280,#52190,.T.);
#52210=ORIENTED_EDGE('',*,*,#52200,.T.);
#52220=ORIENTED_EDGE('',*,*,#50770,.F.);
#52230=ORIENTED_EDGE('',*,*,#52040,.F.);
#52240=ORIENTED_EDGE('',*,*,#48370,.F.);
#52250=EDGE_LOOP('',(#52240,#52230,#52220,#52210));
#52260=FACE_OUTER_BOUND('',#52250,.T.);
#52270=ADVANCED_FACE('',(#52260),#52150,.T.);
#52280=CARTESIAN_POINT('',(49.77,49.255,15.79));
#52290=DIRECTION('',(1.,-1.26737788199219E-16,-0.));
#52300=DIRECTION('',(1.26737788199219E-16,1.,0.));
#52310=AXIS2_PLACEMENT_3D('',#52280,#52290,#52300);
#52320=PLANE('',#52310);
#52330=CARTESIAN_POINT('',(49.77,49.38,15.79));
#52340=DIRECTION('',(0.,0.,-1.));
#52350=VECTOR('',#52340,1.);
#52360=LINE('',#52330,#52350);
#52370=EDGE_CURVE('',#48200,#50840,#52360,.T.);
#52380=ORIENTED_EDGE('',*,*,#52370,.F.);
#52390=ORIENTED_EDGE('',*,*,#50850,.F.);
#52400=ORIENTED_EDGE('',*,*,#52200,.F.);
#52410=ORIENTED_EDGE('',*,*,#48290,.T.);
#52420=EDGE_LOOP('',(#52410,#52400,#52390,#52380));
#52430=FACE_OUTER_BOUND('',#52420,.T.);
#52440=ADVANCED_FACE('',(#52430),#52320,.T.);
#52450=CARTESIAN_POINT('',(49.81,49.38,15.79));
#52460=DIRECTION('',(-0.,-0.,-1.));
#52470=DIRECTION('',(0.,-1.,0.));
#52480=AXIS2_PLACEMENT_3D('',#52450,#52460,#52470);
#52490=CYLINDRICAL_SURFACE('',#52480,0.04);
#52500=CARTESIAN_POINT('',(49.81,49.42,15.67));
#52510=DIRECTION('',(0.,0.,1.));
#52520=VECTOR('',#52510,1.);
#52530=LINE('',#52500,#52520);
#52540=EDGE_CURVE('',#50930,#48110,#52530,.T.);
#52550=ORIENTED_EDGE('',*,*,#52540,.T.);
#52560=ORIENTED_EDGE('',*,*,#50940,.F.);
#52570=ORIENTED_EDGE('',*,*,#52370,.T.);
#52580=ORIENTED_EDGE('',*,*,#48210,.F.);
#52590=EDGE_LOOP('',(#52580,#52570,#52560,#52550));
#52600=FACE_OUTER_BOUND('',#52590,.T.);
#52610=ADVANCED_FACE('',(#52600),#52490,.F.);
#52620=CARTESIAN_POINT('',(49.81,49.42,15.79));
#52630=DIRECTION('',(1.,-0.,-0.));
#52640=DIRECTION('',(-0.,1.,0.));
#52650=AXIS2_PLACEMENT_3D('',#52620,#52630,#52640);
#52660=PLANE('',#52650);
#52670=CARTESIAN_POINT('',(49.81,49.65,15.79));
#52680=DIRECTION('',(0.,0.,-1.));
#52690=VECTOR('',#52680,1.);
#52700=LINE('',#52670,#52690);
#52710=EDGE_CURVE('',#48030,#51010,#52700,.T.);
#52720=ORIENTED_EDGE('',*,*,#52710,.F.);
#52730=ORIENTED_EDGE('',*,*,#51020,.T.);
#52740=ORIENTED_EDGE('',*,*,#52540,.F.);
#52750=ORIENTED_EDGE('',*,*,#48120,.F.);
#52760=EDGE_LOOP('',(#52750,#52740,#52730,#52720));
#52770=FACE_OUTER_BOUND('',#52760,.T.);
#52780=ADVANCED_FACE('',(#52770),#52660,.T.);
#52790=CARTESIAN_POINT('',(49.81,49.69,15.79));
#52800=DIRECTION('',(-0.,-0.,-1.));
#52810=DIRECTION('',(0.,-1.,0.));
#52820=AXIS2_PLACEMENT_3D('',#52790,#52800,#52810);
#52830=CYLINDRICAL_SURFACE('',#52820,0.04);
#52840=CARTESIAN_POINT('',(49.77,49.69,15.67));
#52850=DIRECTION('',(0.,0.,1.));
#52860=VECTOR('',#52850,1.);
#52870=LINE('',#52840,#52860);
#52880=EDGE_CURVE('',#51100,#47940,#52870,.T.);
#52890=ORIENTED_EDGE('',*,*,#52880,.T.);
#52900=ORIENTED_EDGE('',*,*,#51110,.F.);
#52910=ORIENTED_EDGE('',*,*,#52710,.T.);
#52920=ORIENTED_EDGE('',*,*,#48040,.F.);
#52930=EDGE_LOOP('',(#52920,#52910,#52900,#52890));
#52940=FACE_OUTER_BOUND('',#52930,.T.);
#52950=ADVANCED_FACE('',(#52940),#52830,.F.);
#52960=CARTESIAN_POINT('',(49.77,49.69,15.79));
#52970=DIRECTION('',(1.,-5.55111512312579E-17,-0.));
#52980=DIRECTION('',(5.55111512312579E-17,1.,0.));
#52990=AXIS2_PLACEMENT_3D('',#52960,#52970,#52980);
#53000=PLANE('',#52990);
#53010=CARTESIAN_POINT('',(49.77,49.775,15.67));
#53020=DIRECTION('',(0.,0.,1.));
#53030=VECTOR('',#53020,1.);
#53040=LINE('',#53010,#53030);
#53050=EDGE_CURVE('',#51180,#47860,#53040,.T.);
#53060=ORIENTED_EDGE('',*,*,#53050,.T.);
#53070=ORIENTED_EDGE('',*,*,#51190,.F.);
#53080=ORIENTED_EDGE('',*,*,#52880,.F.);
#53090=ORIENTED_EDGE('',*,*,#47950,.T.);
#53100=EDGE_LOOP('',(#53090,#53080,#53070,#53060));
#53110=FACE_OUTER_BOUND('',#53100,.T.);
#53120=ADVANCED_FACE('',(#53110),#53000,.T.);
#53130=CARTESIAN_POINT('',(49.77,49.775,15.79));
#53140=DIRECTION('',(0.707106781186547,0.707106781186548,-0.));
#53150=DIRECTION('',(-0.707106781186548,0.707106781186547,0.));
#53160=AXIS2_PLACEMENT_3D('',#53130,#53140,#53150);
#53170=PLANE('',#53160);
#53180=ORIENTED_EDGE('',*,*,#49420,.T.);
#53190=ORIENTED_EDGE('',*,*,#51250,.F.);
#53200=ORIENTED_EDGE('',*,*,#53050,.F.);
#53210=ORIENTED_EDGE('',*,*,#47870,.F.);
#53220=EDGE_LOOP('',(#53210,#53200,#53190,#53180));
#53230=FACE_OUTER_BOUND('',#53220,.T.);
#53240=ADVANCED_FACE('',(#53230),#53170,.T.);
#53250=CARTESIAN_POINT('',(47.56,49.605,11.70625));
#53260=DIRECTION('',(1.,3.41607084500048E-16,-0.));
#53270=DIRECTION('',(-0.,-0.,-1.));
#53280=AXIS2_PLACEMENT_3D('',#53250,#53260,#53270);
#53290=PLANE('',#53280);
#53300=ORIENTED_EDGE('',*,*,#46700,.T.);
#53310=ORIENTED_EDGE('',*,*,#45750,.T.);
#53320=CARTESIAN_POINT('',(47.56,49.545,15.55));
#53330=DIRECTION('',(0.,-1.,0.));
#53340=VECTOR('',#53330,1.);
#53350=LINE('',#53320,#53340);
#53360=CARTESIAN_POINT('',(47.56,49.545,15.55));
#53370=VERTEX_POINT('',#53360);
#53380=EDGE_CURVE('',#53370,#45660,#53350,.T.);
#53390=ORIENTED_EDGE('',*,*,#53380,.T.);
#53400=CARTESIAN_POINT('',(47.56,49.545,15.55));
#53410=DIRECTION('',(0.,0.,1.));
#53420=VECTOR('',#53410,1.);
#53430=LINE('',#53400,#53420);
#53440=EDGE_CURVE('',#53370,#46690,#53430,.T.);
#53450=ORIENTED_EDGE('',*,*,#53440,.F.);
#53460=EDGE_LOOP('',(#53450,#53390,#53310,#53300));
#53470=FACE_OUTER_BOUND('',#53460,.T.);
#53480=ADVANCED_FACE('',(#53470),#53290,.F.);
#53490=CARTESIAN_POINT('',(47.41,49.545,15.9));
#53500=DIRECTION('',(-3.41607084500048E-16,1.,-0.));
#53510=DIRECTION('',(0.,-0.,1.));
#53520=AXIS2_PLACEMENT_3D('',#53490,#53500,#53510);
#53530=PLANE('',#53520);
#53540=ORIENTED_EDGE('',*,*,#53440,.T.);
#53550=CARTESIAN_POINT('',(47.56,49.545,15.55));
#53560=DIRECTION('',(-1.,0.,0.));
#53570=VECTOR('',#53560,1.);
#53580=LINE('',#53550,#53570);
#53590=EDGE_CURVE('',#53370,#2270,#53580,.T.);
#53600=ORIENTED_EDGE('',*,*,#53590,.F.);
#53610=ORIENTED_EDGE('',*,*,#2280,.T.);
#53620=CARTESIAN_POINT('',(47.46,49.545,15.9));
#53630=DIRECTION('',(-0.70710678118651,0.,-0.707106781186585));
#53640=VECTOR('',#53630,1.);
#53650=LINE('',#53620,#53640);
#53660=EDGE_CURVE('',#46770,#2190,#53650,.T.);
#53670=ORIENTED_EDGE('',*,*,#53660,.T.);
#53680=ORIENTED_EDGE('',*,*,#46780,.T.);
#53690=EDGE_LOOP('',(#53680,#53670,#53610,#53600,#53540));
#53700=FACE_OUTER_BOUND('',#53690,.T.);
#53710=ADVANCED_FACE('',(#53700),#53530,.F.);
#53720=CARTESIAN_POINT('',(47.41,49.545,15.55));
#53730=DIRECTION('',(-0.,-0.,-1.));
#53740=DIRECTION('',(-3.41607084500048E-16,1.,0.));
#53750=AXIS2_PLACEMENT_3D('',#53720,#53730,#53740);
#53760=PLANE('',#53750);
#53770=ORIENTED_EDGE('',*,*,#2360,.T.);
#53780=ORIENTED_EDGE('',*,*,#53590,.T.);
#53790=ORIENTED_EDGE('',*,*,#53380,.F.);
#53800=ORIENTED_EDGE('',*,*,#45670,.T.);
#53810=EDGE_LOOP('',(#53800,#53790,#53780,#53770));
#53820=FACE_OUTER_BOUND('',#53810,.T.);
#53830=ADVANCED_FACE('',(#53820),#53760,.F.);
#53840=CARTESIAN_POINT('',(47.435,49.755,15.875));
#53850=DIRECTION('',(0.707106781186546,2.41552685951349E-16,
-0.707106781186549));
#53860=DIRECTION('',(-0.707106781186549,-1.96261557335472E-16,
-0.707106781186546));
#53870=AXIS2_PLACEMENT_3D('',#53840,#53850,#53860);
#53880=PLANE('',#53870);
#53890=ORIENTED_EDGE('',*,*,#53660,.F.);
#53900=ORIENTED_EDGE('',*,*,#2200,.T.);
#53910=ORIENTED_EDGE('',*,*,#28400,.F.);
#53920=ORIENTED_EDGE('',*,*,#46840,.F.);
#53930=EDGE_LOOP('',(#53920,#53910,#53900,#53890));
#53940=FACE_OUTER_BOUND('',#53930,.T.);
#53950=ADVANCED_FACE('',(#53940),#53880,.F.);
#53960=CARTESIAN_POINT('',(49.71,49.8118278313084,11.6));
#53970=DIRECTION('',(-0.,-0.,-1.));
#53980=DIRECTION('',(-1.,0.,0.));
#53990=AXIS2_PLACEMENT_3D('',#53960,#53970,#53980);
#54000=CYLINDRICAL_SURFACE('',#53990,0.1);
#54010=CARTESIAN_POINT('',(49.71,49.8118278313084,15.5466666666667));
#54020=DIRECTION('',(0.227229615606419,0.,-0.973841209741793));
#54030=DIRECTION('',(0.973841209741793,0.,0.227229615606419));
#54040=AXIS2_PLACEMENT_3D('',#54010,#54020,#54030);
#54050=ELLIPSE('',#54040,0.102686145338329,0.1);
#54060=CARTESIAN_POINT('',(49.7357662650562,49.7152043373483,
15.5526787951798));
#54070=VERTEX_POINT('',#54060);
#54080=EDGE_CURVE('',#36300,#54070,#54050,.T.);
#54090=ORIENTED_EDGE('',*,*,#54080,.T.);
#54100=ORIENTED_EDGE('',*,*,#36550,.T.);
#54110=CARTESIAN_POINT('',(49.71,49.8118278313084,9.65333333333331));
#54120=DIRECTION('',(-0.227229615606419,0.,-0.973841209741793));
#54130=DIRECTION('',(-0.973841209741793,0.,0.227229615606419));
#54140=AXIS2_PLACEMENT_3D('',#54110,#54120,#54130);
#54150=ELLIPSE('',#54140,0.102686145338329,0.1);
#54160=CARTESIAN_POINT('',(49.7357662650561,49.7152043373483,
9.64732120482021));
#54170=VERTEX_POINT('',#54160);
#54180=EDGE_CURVE('',#36480,#54170,#54150,.T.);
#54190=ORIENTED_EDGE('',*,*,#54180,.F.);
#54200=CARTESIAN_POINT('',(49.735766265056,49.7152043373483,
15.5526787951798));
#54210=DIRECTION('',(0.,0.,-1.));
#54220=VECTOR('',#54210,1.);
#54230=LINE('',#54200,#54220);
#54240=EDGE_CURVE('',#54070,#54170,#54230,.T.);
#54250=ORIENTED_EDGE('',*,*,#54240,.T.);
#54260=EDGE_LOOP('',(#54250,#54190,#54100,#54090));
#54270=FACE_OUTER_BOUND('',#54260,.T.);
#54280=ADVANCED_FACE('',(#54270),#54000,.T.);
#54290=CARTESIAN_POINT('',(49.51,49.655,12.));
#54300=DIRECTION('',(-0.257662650560332,0.966234939601246,-0.));
#54310=DIRECTION('',(-0.966234939601246,-0.257662650560332,0.));
#54320=AXIS2_PLACEMENT_3D('',#54290,#54300,#54310);
#54330=PLANE('',#54320);
#54340=CARTESIAN_POINT('',(49.7357662650563,49.7152043373484,
9.64732120482018));
#54350=DIRECTION('',(-0.942576335410044,-0.251353689442674,
0.21993447826234));
#54360=VECTOR('',#54350,1.);
#54370=LINE('',#54340,#54360);
#54380=CARTESIAN_POINT('',(49.51,49.655,9.69999999999998));
#54390=VERTEX_POINT('',#54380);
#54400=EDGE_CURVE('',#54170,#54390,#54370,.T.);
#54410=ORIENTED_EDGE('',*,*,#54400,.F.);
#54420=CARTESIAN_POINT('',(49.51,49.655,9.69999999999998));
#54430=DIRECTION('',(0.,0.,1.));
#54440=VECTOR('',#54430,1.);
#54450=LINE('',#54420,#54440);
#54460=CARTESIAN_POINT('',(49.51,49.655,15.5));
#54470=VERTEX_POINT('',#54460);
#54480=EDGE_CURVE('',#54390,#54470,#54450,.T.);
#54490=ORIENTED_EDGE('',*,*,#54480,.F.);
#54500=CARTESIAN_POINT('',(49.735766265056,49.7152043373483,
15.5526787951797));
#54510=DIRECTION('',(-0.942576335410046,-0.251353689442671,
-0.219934478262337));
#54520=VECTOR('',#54510,1.);
#54530=LINE('',#54500,#54520);
#54540=EDGE_CURVE('',#54070,#54470,#54530,.T.);
#54550=ORIENTED_EDGE('',*,*,#54540,.T.);
#54560=ORIENTED_EDGE('',*,*,#54240,.F.);
#54570=EDGE_LOOP('',(#54560,#54550,#54490,#54410));
#54580=FACE_OUTER_BOUND('',#54570,.T.);
#54590=ADVANCED_FACE('',(#54580),#54330,.F.);
#54600=CARTESIAN_POINT('',(49.66,49.5734139156542,9.66499999999998));
#54610=DIRECTION('',(0.227229615606419,-0.,0.973841209741793));
#54620=DIRECTION('',(0.973841209741793,9.00984111153462E-17,
-0.227229615606419));
#54630=AXIS2_PLACEMENT_3D('',#54600,#54610,#54620);
#54640=PLANE('',#54630);
#54650=ORIENTED_EDGE('',*,*,#54400,.T.);
#54660=ORIENTED_EDGE('',*,*,#54180,.T.);
#54670=ORIENTED_EDGE('',*,*,#36490,.F.);
#54680=CARTESIAN_POINT('',(49.51,49.415,9.69999999999998));
#54690=DIRECTION('',(0.942576335410038,-0.25135368944269,
-0.219934478262346));
#54700=VECTOR('',#54690,1.);
#54710=LINE('',#54680,#54700);
#54720=CARTESIAN_POINT('',(49.51,49.415,9.69999999999998));
#54730=VERTEX_POINT('',#54720);
#54740=EDGE_CURVE('',#54730,#36400,#54710,.T.);
#54750=ORIENTED_EDGE('',*,*,#54740,.T.);
#54760=CARTESIAN_POINT('',(49.51,49.655,9.69999999999998));
#54770=DIRECTION('',(0.,-1.,0.));
#54780=VECTOR('',#54770,1.);
#54790=LINE('',#54760,#54780);
#54800=EDGE_CURVE('',#54390,#54730,#54790,.T.);
#54810=ORIENTED_EDGE('',*,*,#54800,.T.);
#54820=EDGE_LOOP('',(#54810,#54750,#54670,#54660,#54650));
#54830=FACE_OUTER_BOUND('',#54820,.T.);
#54840=ADVANCED_FACE('',(#54830),#54640,.T.);
#54850=CARTESIAN_POINT('',(48.2,49.675,9.69999999999998));
#54860=DIRECTION('',(-0.,-0.,1.));
#54870=DIRECTION('',(1.,0.,-0.));
#54880=AXIS2_PLACEMENT_3D('',#54850,#54860,#54870);
#54890=PLANE('',#54880);
#54900=CARTESIAN_POINT('',(49.51,49.415,9.69999999999998));
#54910=DIRECTION('',(-1.,0.,0.));
#54920=VECTOR('',#54910,1.);
#54930=LINE('',#54900,#54920);
#54940=CARTESIAN_POINT('',(48.61,49.415,9.69999999999998));
#54950=VERTEX_POINT('',#54940);
#54960=EDGE_CURVE('',#54730,#54950,#54930,.T.);
#54970=ORIENTED_EDGE('',*,*,#54960,.F.);
#54980=CARTESIAN_POINT('',(48.16,49.465,9.69999999999998));
#54990=DIRECTION('',(0.993883734673618,-0.110431526074855,0.));
#55000=VECTOR('',#54990,1.);
#55010=LINE('',#54980,#55000);
#55020=CARTESIAN_POINT('',(48.16,49.465,9.69999999999998));
#55030=VERTEX_POINT('',#55020);
#55040=EDGE_CURVE('',#55030,#54950,#55010,.T.);
#55050=ORIENTED_EDGE('',*,*,#55040,.T.);
#55060=CARTESIAN_POINT('',(48.01,49.465,9.69999999999998));
#55070=DIRECTION('',(1.,0.,0.));
#55080=VECTOR('',#55070,1.);
#55090=LINE('',#55060,#55080);
#55100=CARTESIAN_POINT('',(48.01,49.465,9.69999999999998));
#55110=VERTEX_POINT('',#55100);
#55120=EDGE_CURVE('',#55110,#55030,#55090,.T.);
#55130=ORIENTED_EDGE('',*,*,#55120,.T.);
#55140=CARTESIAN_POINT('',(48.01,49.645,9.69999999999998));
#55150=DIRECTION('',(0.,-1.,0.));
#55160=VECTOR('',#55150,1.);
#55170=LINE('',#55140,#55160);
#55180=CARTESIAN_POINT('',(48.01,49.645,9.69999999999998));
#55190=VERTEX_POINT('',#55180);
#55200=EDGE_CURVE('',#55190,#55110,#55170,.T.);
#55210=ORIENTED_EDGE('',*,*,#55200,.T.);
#55220=CARTESIAN_POINT('',(48.2599995839304,49.645,9.69999999999998));
#55230=DIRECTION('',(-1.,0.,0.));
#55240=VECTOR('',#55230,1.);
#55250=LINE('',#55220,#55240);
#55260=CARTESIAN_POINT('',(48.2599995839305,49.645,9.69999999999998));
#55270=VERTEX_POINT('',#55260);
#55280=EDGE_CURVE('',#55270,#55190,#55250,.T.);
#55290=ORIENTED_EDGE('',*,*,#55280,.T.);
#55300=CARTESIAN_POINT('',(48.6099995839304,49.585,9.69999999999998));
#55310=DIRECTION('',(-0.985622254813267,0.168963815110841,0.));
#55320=VECTOR('',#55310,1.);
#55330=LINE('',#55300,#55320);
#55340=CARTESIAN_POINT('',(48.6099995839305,49.585,9.69999999999998));
#55350=VERTEX_POINT('',#55340);
#55360=EDGE_CURVE('',#55350,#55270,#55330,.T.);
#55370=ORIENTED_EDGE('',*,*,#55360,.T.);
#55380=CARTESIAN_POINT('',(49.0799995839305,49.585,9.69999999999998));
#55390=DIRECTION('',(-1.,0.,0.));
#55400=VECTOR('',#55390,1.);
#55410=LINE('',#55380,#55400);
#55420=CARTESIAN_POINT('',(49.0799995839305,49.585,9.69999999999998));
#55430=VERTEX_POINT('',#55420);
#55440=EDGE_CURVE('',#55430,#55350,#55410,.T.);
#55450=ORIENTED_EDGE('',*,*,#55440,.T.);
#55460=CARTESIAN_POINT('',(48.9839995839305,49.865,9.69999999999998));
#55470=DIRECTION('',(0.324324324324291,-0.945945945945957,0.));
#55480=VECTOR('',#55470,1.);
#55490=LINE('',#55460,#55480);
#55500=EDGE_CURVE('',#27280,#55430,#55490,.T.);
#55510=ORIENTED_EDGE('',*,*,#55500,.T.);
#55520=CARTESIAN_POINT('',(48.9839995839305,49.865,9.69999999999998));
#55530=DIRECTION('',(1.,0.,0.));
#55540=VECTOR('',#55530,1.);
#55550=LINE('',#55520,#55540);
#55560=CARTESIAN_POINT('',(49.18,49.865,9.69999999999998));
#55570=VERTEX_POINT('',#55560);
#55580=EDGE_CURVE('',#27280,#55570,#55550,.T.);
#55590=ORIENTED_EDGE('',*,*,#55580,.F.);
#55600=CARTESIAN_POINT('',(49.27,49.955,9.69999999999998));
#55610=DIRECTION('',(-0.707106781186548,-0.707106781186548,0.));
#55620=VECTOR('',#55610,1.);
#55630=LINE('',#55600,#55620);
#55640=EDGE_CURVE('',#35040,#55570,#55630,.T.);
#55650=ORIENTED_EDGE('',*,*,#55640,.T.);
#55660=ORIENTED_EDGE('',*,*,#35050,.T.);
#55670=CARTESIAN_POINT('',(49.33,49.955,9.69999999999998));
#55680=DIRECTION('',(0.,-1.,0.));
#55690=VECTOR('',#55680,1.);
#55700=LINE('',#55670,#55690);
#55710=CARTESIAN_POINT('',(49.33,49.655,9.69999999999998));
#55720=VERTEX_POINT('',#55710);
#55730=EDGE_CURVE('',#34960,#55720,#55700,.T.);
#55740=ORIENTED_EDGE('',*,*,#55730,.F.);
#55750=CARTESIAN_POINT('',(49.33,49.655,9.69999999999998));
#55760=DIRECTION('',(1.,0.,0.));
#55770=VECTOR('',#55760,1.);
#55780=LINE('',#55750,#55770);
#55790=EDGE_CURVE('',#55720,#54390,#55780,.T.);
#55800=ORIENTED_EDGE('',*,*,#55790,.F.);
#55810=ORIENTED_EDGE('',*,*,#54800,.F.);
#55820=EDGE_LOOP('',(#55810,#55800,#55740,#55660,#55650,#55590,#55510,
#55450,#55370,#55290,#55210,#55130,#55050,#54970));
#55830=FACE_OUTER_BOUND('',#55820,.T.);
#55840=ADVANCED_FACE('',(#55830),#54890,.T.);
#55850=CARTESIAN_POINT('',(49.33,49.415,12.6875));
#55860=DIRECTION('',(-0.,1.,-0.));
#55870=DIRECTION('',(1.,-0.,0.));
#55880=AXIS2_PLACEMENT_3D('',#55850,#55860,#55870);
#55890=PLANE('',#55880);
#55900=ORIENTED_EDGE('',*,*,#54960,.T.);
#55910=CARTESIAN_POINT('',(49.51,49.415,9.69999999999994));
#55920=DIRECTION('',(0.,0.,1.));
#55930=VECTOR('',#55920,1.);
#55940=LINE('',#55910,#55930);
#55950=CARTESIAN_POINT('',(49.51,49.415,15.5));
#55960=VERTEX_POINT('',#55950);
#55970=EDGE_CURVE('',#54730,#55960,#55940,.T.);
#55980=ORIENTED_EDGE('',*,*,#55970,.F.);
#55990=CARTESIAN_POINT('',(49.51,49.415,15.5));
#56000=DIRECTION('',(-1.,0.,0.));
#56010=VECTOR('',#56000,1.);
#56020=LINE('',#55990,#56010);
#56030=CARTESIAN_POINT('',(48.61,49.415,15.5));
#56040=VERTEX_POINT('',#56030);
#56050=EDGE_CURVE('',#55960,#56040,#56020,.T.);
#56060=ORIENTED_EDGE('',*,*,#56050,.F.);
#56070=CARTESIAN_POINT('',(48.61,49.415,15.5));
#56080=DIRECTION('',(0.,0.,-1.));
#56090=VECTOR('',#56080,1.);
#56100=LINE('',#56070,#56090);
#56110=EDGE_CURVE('',#56040,#54950,#56100,.T.);
#56120=ORIENTED_EDGE('',*,*,#56110,.F.);
#56130=EDGE_LOOP('',(#56120,#56060,#55980,#55900));
#56140=FACE_OUTER_BOUND('',#56130,.T.);
#56150=ADVANCED_FACE('',(#56140),#55890,.T.);
#56160=CARTESIAN_POINT('',(48.61,49.415,13.6));
#56170=DIRECTION('',(0.110431526074847,0.993883734673619,-0.));
#56180=DIRECTION('',(-0.993883734673619,0.110431526074847,0.));
#56190=AXIS2_PLACEMENT_3D('',#56160,#56170,#56180);
#56200=PLANE('',#56190);
#56210=CARTESIAN_POINT('',(48.61,49.415,15.5));
#56220=DIRECTION('',(-0.993883734673618,0.110431526074855,0.));
#56230=VECTOR('',#56220,1.);
#56240=LINE('',#56210,#56230);
#56250=CARTESIAN_POINT('',(48.1599999999999,49.465,15.5));
#56260=VERTEX_POINT('',#56250);
#56270=EDGE_CURVE('',#56040,#56260,#56240,.T.);
#56280=ORIENTED_EDGE('',*,*,#56270,.F.);
#56290=CARTESIAN_POINT('',(48.16,49.465,9.69999999999998));
#56300=DIRECTION('',(0.,0.,1.));
#56310=VECTOR('',#56300,1.);
#56320=LINE('',#56290,#56310);
#56330=EDGE_CURVE('',#55030,#56260,#56320,.T.);
#56340=ORIENTED_EDGE('',*,*,#56330,.T.);
#56350=ORIENTED_EDGE('',*,*,#55040,.F.);
#56360=ORIENTED_EDGE('',*,*,#56110,.T.);
#56370=EDGE_LOOP('',(#56360,#56350,#56340,#56280));
#56380=FACE_OUTER_BOUND('',#56370,.T.);
#56390=ADVANCED_FACE('',(#56380),#56200,.T.);
#56400=CARTESIAN_POINT('',(48.2,49.675,15.5));
#56410=DIRECTION('',(-0.,-0.,1.));
#56420=DIRECTION('',(1.,0.,-0.));
#56430=AXIS2_PLACEMENT_3D('',#56400,#56410,#56420);
#56440=PLANE('',#56430);
#56450=CARTESIAN_POINT('',(49.51,49.655,15.5));
#56460=DIRECTION('',(0.,-1.,0.));
#56470=VECTOR('',#56460,1.);
#56480=LINE('',#56450,#56470);
#56490=EDGE_CURVE('',#54470,#55960,#56480,.T.);
#56500=ORIENTED_EDGE('',*,*,#56490,.T.);
#56510=CARTESIAN_POINT('',(49.33,49.655,15.5));
#56520=DIRECTION('',(1.,0.,0.));
#56530=VECTOR('',#56520,1.);
#56540=LINE('',#56510,#56530);
#56550=CARTESIAN_POINT('',(49.33,49.655,15.5));
#56560=VERTEX_POINT('',#56550);
#56570=EDGE_CURVE('',#56560,#54470,#56540,.T.);
#56580=ORIENTED_EDGE('',*,*,#56570,.T.);
#56590=CARTESIAN_POINT('',(49.33,49.955,15.5));
#56600=DIRECTION('',(0.,-1.,0.));
#56610=VECTOR('',#56600,1.);
#56620=LINE('',#56590,#56610);
#56630=EDGE_CURVE('',#28640,#56560,#56620,.T.);
#56640=ORIENTED_EDGE('',*,*,#56630,.T.);
#56650=ORIENTED_EDGE('',*,*,#28650,.F.);
#56660=CARTESIAN_POINT('',(49.18,49.865,15.5));
#56670=DIRECTION('',(0.707106781186548,0.707106781186548,0.));
#56680=VECTOR('',#56670,1.);
#56690=LINE('',#56660,#56680);
#56700=EDGE_CURVE('',#290,#28560,#56690,.T.);
#56710=ORIENTED_EDGE('',*,*,#56700,.T.);
#56720=ORIENTED_EDGE('',*,*,#300,.T.);
#56730=CARTESIAN_POINT('',(49.0799995839305,49.585,15.5));
#56740=DIRECTION('',(-0.324324324324291,0.945945945945957,0.));
#56750=VECTOR('',#56740,1.);
#56760=LINE('',#56730,#56750);
#56770=CARTESIAN_POINT('',(49.0799995839305,49.585,15.5));
#56780=VERTEX_POINT('',#56770);
#56790=EDGE_CURVE('',#56780,#210,#56760,.T.);
#56800=ORIENTED_EDGE('',*,*,#56790,.T.);
#56810=CARTESIAN_POINT('',(49.0799995839305,49.585,15.5));
#56820=DIRECTION('',(-1.,0.,0.));
#56830=VECTOR('',#56820,1.);
#56840=LINE('',#56810,#56830);
#56850=CARTESIAN_POINT('',(48.6099995839305,49.585,15.5));
#56860=VERTEX_POINT('',#56850);
#56870=EDGE_CURVE('',#56780,#56860,#56840,.T.);
#56880=ORIENTED_EDGE('',*,*,#56870,.F.);
#56890=CARTESIAN_POINT('',(48.2599995839304,49.645,15.5));
#56900=DIRECTION('',(0.985622254813267,-0.168963815110841,0.));
#56910=VECTOR('',#56900,1.);
#56920=LINE('',#56890,#56910);
#56930=CARTESIAN_POINT('',(48.2599995839305,49.645,15.5));
#56940=VERTEX_POINT('',#56930);
#56950=EDGE_CURVE('',#56940,#56860,#56920,.T.);
#56960=ORIENTED_EDGE('',*,*,#56950,.T.);
#56970=CARTESIAN_POINT('',(48.2599995839306,49.645,15.5));
#56980=DIRECTION('',(-1.,0.,0.));
#56990=VECTOR('',#56980,1.);
#57000=LINE('',#56970,#56990);
#57010=CARTESIAN_POINT('',(48.01,49.645,15.5));
#57020=VERTEX_POINT('',#57010);
#57030=EDGE_CURVE('',#56940,#57020,#57000,.T.);
#57040=ORIENTED_EDGE('',*,*,#57030,.F.);
#57050=CARTESIAN_POINT('',(48.01,49.645,15.5));
#57060=DIRECTION('',(0.,-1.,0.));
#57070=VECTOR('',#57060,1.);
#57080=LINE('',#57050,#57070);
#57090=CARTESIAN_POINT('',(48.01,49.465,15.5));
#57100=VERTEX_POINT('',#57090);
#57110=EDGE_CURVE('',#57020,#57100,#57080,.T.);
#57120=ORIENTED_EDGE('',*,*,#57110,.F.);
#57130=CARTESIAN_POINT('',(48.01,49.465,15.5));
#57140=DIRECTION('',(1.,0.,0.));
#57150=VECTOR('',#57140,1.);
#57160=LINE('',#57130,#57150);
#57170=EDGE_CURVE('',#57100,#56260,#57160,.T.);
#57180=ORIENTED_EDGE('',*,*,#57170,.F.);
#57190=ORIENTED_EDGE('',*,*,#56270,.T.);
#57200=ORIENTED_EDGE('',*,*,#56050,.T.);
#57210=EDGE_LOOP('',(#57200,#57190,#57180,#57120,#57040,#56960,#56880,
#56800,#56720,#56710,#56650,#56640,#56580,#56500));
#57220=FACE_OUTER_BOUND('',#57210,.T.);
#57230=ADVANCED_FACE('',(#57220),#56440,.F.);
#57240=CARTESIAN_POINT('',(49.66,49.5734139156542,15.535));
#57250=DIRECTION('',(-0.227229615606419,-0.,0.973841209741793));
#57260=DIRECTION('',(0.973841209741793,9.00984111153462E-17,
0.227229615606419));
#57270=AXIS2_PLACEMENT_3D('',#57240,#57250,#57260);
#57280=PLANE('',#57270);
#57290=ORIENTED_EDGE('',*,*,#56490,.F.);
#57300=CARTESIAN_POINT('',(49.51,49.415,15.5));
#57310=DIRECTION('',(0.942576335410044,-0.251353689442669,
0.219934478262347));
#57320=VECTOR('',#57310,1.);
#57330=LINE('',#57300,#57320);
#57340=EDGE_CURVE('',#55960,#36320,#57330,.T.);
#57350=ORIENTED_EDGE('',*,*,#57340,.F.);
#57360=ORIENTED_EDGE('',*,*,#36330,.T.);
#57370=ORIENTED_EDGE('',*,*,#54080,.F.);
#57380=ORIENTED_EDGE('',*,*,#54540,.F.);
#57390=EDGE_LOOP('',(#57380,#57370,#57360,#57350,#57290));
#57400=FACE_OUTER_BOUND('',#57390,.T.);
#57410=ADVANCED_FACE('',(#57400),#57280,.F.);
#57420=CARTESIAN_POINT('',(49.81,49.335,11.6));
#57430=DIRECTION('',(0.257662650560332,0.966234939601246,-0.));
#57440=DIRECTION('',(0.966234939601246,-0.257662650560332,0.));
#57450=AXIS2_PLACEMENT_3D('',#57420,#57430,#57440);
#57460=PLANE('',#57450);
#57470=ORIENTED_EDGE('',*,*,#57340,.T.);
#57480=ORIENTED_EDGE('',*,*,#55970,.T.);
#57490=ORIENTED_EDGE('',*,*,#54740,.F.);
#57500=ORIENTED_EDGE('',*,*,#36410,.F.);
#57510=EDGE_LOOP('',(#57500,#57490,#57480,#57470));
#57520=FACE_OUTER_BOUND('',#57510,.T.);
#57530=ADVANCED_FACE('',(#57520),#57460,.T.);
#57540=CARTESIAN_POINT('',(49.33,49.655,14.4));
#57550=DIRECTION('',(1.5419764230905E-16,-1.,-0.));
#57560=DIRECTION('',(-1.,-1.5419764230905E-16,0.));
#57570=AXIS2_PLACEMENT_3D('',#57540,#57550,#57560);
#57580=PLANE('',#57570);
#57590=ORIENTED_EDGE('',*,*,#55790,.T.);
#57600=CARTESIAN_POINT('',(49.33,49.655,15.5));
#57610=DIRECTION('',(0.,0.,-1.));
#57620=VECTOR('',#57610,1.);
#57630=LINE('',#57600,#57620);
#57640=EDGE_CURVE('',#56560,#55720,#57630,.T.);
#57650=ORIENTED_EDGE('',*,*,#57640,.T.);
#57660=ORIENTED_EDGE('',*,*,#56570,.F.);
#57670=ORIENTED_EDGE('',*,*,#54480,.T.);
#57680=EDGE_LOOP('',(#57670,#57660,#57650,#57590));
#57690=FACE_OUTER_BOUND('',#57680,.T.);
#57700=ADVANCED_FACE('',(#57690),#57580,.T.);
#57710=CARTESIAN_POINT('',(49.33,49.795,12.));
#57720=DIRECTION('',(-1.,-0.,-0.));
#57730=DIRECTION('',(0.,-1.,0.));
#57740=AXIS2_PLACEMENT_3D('',#57710,#57720,#57730);
#57750=PLANE('',#57740);
#57760=ORIENTED_EDGE('',*,*,#55730,.T.);
#57770=ORIENTED_EDGE('',*,*,#34970,.F.);
#57780=CARTESIAN_POINT('',(49.33,49.745,10.0625));
#57790=DIRECTION('',(0.,1.,0.));
#57800=VECTOR('',#57790,1.);
#57810=LINE('',#57780,#57800);
#57820=CARTESIAN_POINT('',(49.33,49.745,10.0625));
#57830=VERTEX_POINT('',#57820);
#57840=EDGE_CURVE('',#57830,#34880,#57810,.T.);
#57850=ORIENTED_EDGE('',*,*,#57840,.T.);
#57860=CARTESIAN_POINT('',(49.33,49.745,10.3375));
#57870=DIRECTION('',(0.,0.,-1.));
#57880=VECTOR('',#57870,1.);
#57890=LINE('',#57860,#57880);
#57900=CARTESIAN_POINT('',(49.33,49.745,10.3375));
#57910=VERTEX_POINT('',#57900);
#57920=EDGE_CURVE('',#57910,#57830,#57890,.T.);
#57930=ORIENTED_EDGE('',*,*,#57920,.T.);
#57940=CARTESIAN_POINT('',(49.33,49.745,10.3375));
#57950=DIRECTION('',(0.,1.,0.));
#57960=VECTOR('',#57950,1.);
#57970=LINE('',#57940,#57960);
#57980=EDGE_CURVE('',#57910,#34480,#57970,.T.);
#57990=ORIENTED_EDGE('',*,*,#57980,.F.);
#58000=ORIENTED_EDGE('',*,*,#34490,.F.);
#58010=CARTESIAN_POINT('',(49.33,49.745,10.4625));
#58020=DIRECTION('',(0.,1.,0.));
#58030=VECTOR('',#58020,1.);
#58040=LINE('',#58010,#58030);
#58050=CARTESIAN_POINT('',(49.33,49.745,10.4625));
#58060=VERTEX_POINT('',#58050);
#58070=EDGE_CURVE('',#58060,#34400,#58040,.T.);
#58080=ORIENTED_EDGE('',*,*,#58070,.T.);
#58090=CARTESIAN_POINT('',(49.33,49.745,10.7375));
#58100=DIRECTION('',(0.,0.,-1.));
#58110=VECTOR('',#58100,1.);
#58120=LINE('',#58090,#58110);
#58130=CARTESIAN_POINT('',(49.33,49.745,10.7375));
#58140=VERTEX_POINT('',#58130);
#58150=EDGE_CURVE('',#58140,#58060,#58120,.T.);
#58160=ORIENTED_EDGE('',*,*,#58150,.T.);
#58170=CARTESIAN_POINT('',(49.33,49.745,10.7375));
#58180=DIRECTION('',(0.,1.,0.));
#58190=VECTOR('',#58180,1.);
#58200=LINE('',#58170,#58190);
#58210=EDGE_CURVE('',#58140,#34000,#58200,.T.);
#58220=ORIENTED_EDGE('',*,*,#58210,.F.);
#58230=ORIENTED_EDGE('',*,*,#34010,.F.);
#58240=CARTESIAN_POINT('',(49.33,49.745,10.8625));
#58250=DIRECTION('',(0.,1.,0.));
#58260=VECTOR('',#58250,1.);
#58270=LINE('',#58240,#58260);
#58280=CARTESIAN_POINT('',(49.33,49.745,10.8625));
#58290=VERTEX_POINT('',#58280);
#58300=EDGE_CURVE('',#58290,#33920,#58270,.T.);
#58310=ORIENTED_EDGE('',*,*,#58300,.T.);
#58320=CARTESIAN_POINT('',(49.33,49.745,11.1375));
#58330=DIRECTION('',(0.,0.,-1.));
#58340=VECTOR('',#58330,1.);
#58350=LINE('',#58320,#58340);
#58360=CARTESIAN_POINT('',(49.33,49.745,11.1375));
#58370=VERTEX_POINT('',#58360);
#58380=EDGE_CURVE('',#58370,#58290,#58350,.T.);
#58390=ORIENTED_EDGE('',*,*,#58380,.T.);
#58400=CARTESIAN_POINT('',(49.33,49.745,11.1375));
#58410=DIRECTION('',(0.,1.,0.));
#58420=VECTOR('',#58410,1.);
#58430=LINE('',#58400,#58420);
#58440=EDGE_CURVE('',#58370,#33520,#58430,.T.);
#58450=ORIENTED_EDGE('',*,*,#58440,.F.);
#58460=ORIENTED_EDGE('',*,*,#33530,.T.);
#58470=CARTESIAN_POINT('',(49.33,49.745,11.2625));
#58480=DIRECTION('',(0.,1.,0.));
#58490=VECTOR('',#58480,1.);
#58500=LINE('',#58470,#58490);
#58510=CARTESIAN_POINT('',(49.33,49.745,11.2625));
#58520=VERTEX_POINT('',#58510);
#58530=EDGE_CURVE('',#58520,#33440,#58500,.T.);
#58540=ORIENTED_EDGE('',*,*,#58530,.T.);
#58550=CARTESIAN_POINT('',(49.33,49.745,11.2625));
#58560=DIRECTION('',(0.,0.,1.));
#58570=VECTOR('',#58560,1.);
#58580=LINE('',#58550,#58570);
#58590=CARTESIAN_POINT('',(49.33,49.745,11.5375));
#58600=VERTEX_POINT('',#58590);
#58610=EDGE_CURVE('',#58520,#58600,#58580,.T.);
#58620=ORIENTED_EDGE('',*,*,#58610,.F.);
#58630=CARTESIAN_POINT('',(49.33,49.745,11.5375));
#58640=DIRECTION('',(0.,1.,0.));
#58650=VECTOR('',#58640,1.);
#58660=LINE('',#58630,#58650);
#58670=EDGE_CURVE('',#58600,#33040,#58660,.T.);
#58680=ORIENTED_EDGE('',*,*,#58670,.F.);
#58690=ORIENTED_EDGE('',*,*,#33050,.T.);
#58700=CARTESIAN_POINT('',(49.33,49.745,11.6625));
#58710=DIRECTION('',(0.,1.,0.));
#58720=VECTOR('',#58710,1.);
#58730=LINE('',#58700,#58720);
#58740=CARTESIAN_POINT('',(49.33,49.745,11.6625));
#58750=VERTEX_POINT('',#58740);
#58760=EDGE_CURVE('',#58750,#32960,#58730,.T.);
#58770=ORIENTED_EDGE('',*,*,#58760,.T.);
#58780=CARTESIAN_POINT('',(49.33,49.745,11.6625));
#58790=DIRECTION('',(0.,0.,1.));
#58800=VECTOR('',#58790,1.);
#58810=LINE('',#58780,#58800);
#58820=CARTESIAN_POINT('',(49.33,49.745,11.9375));
#58830=VERTEX_POINT('',#58820);
#58840=EDGE_CURVE('',#58750,#58830,#58810,.T.);
#58850=ORIENTED_EDGE('',*,*,#58840,.F.);
#58860=CARTESIAN_POINT('',(49.33,49.745,11.9375));
#58870=DIRECTION('',(0.,1.,0.));
#58880=VECTOR('',#58870,1.);
#58890=LINE('',#58860,#58880);
#58900=EDGE_CURVE('',#58830,#32560,#58890,.T.);
#58910=ORIENTED_EDGE('',*,*,#58900,.F.);
#58920=ORIENTED_EDGE('',*,*,#32570,.F.);
#58930=CARTESIAN_POINT('',(49.33,49.745,12.0625));
#58940=DIRECTION('',(0.,1.,0.));
#58950=VECTOR('',#58940,1.);
#58960=LINE('',#58930,#58950);
#58970=CARTESIAN_POINT('',(49.33,49.745,12.0625));
#58980=VERTEX_POINT('',#58970);
#58990=EDGE_CURVE('',#58980,#32480,#58960,.T.);
#59000=ORIENTED_EDGE('',*,*,#58990,.T.);
#59010=CARTESIAN_POINT('',(49.33,49.745,12.3375));
#59020=DIRECTION('',(0.,0.,-1.));
#59030=VECTOR('',#59020,1.);
#59040=LINE('',#59010,#59030);
#59050=CARTESIAN_POINT('',(49.33,49.745,12.3375));
#59060=VERTEX_POINT('',#59050);
#59070=EDGE_CURVE('',#59060,#58980,#59040,.T.);
#59080=ORIENTED_EDGE('',*,*,#59070,.T.);
#59090=CARTESIAN_POINT('',(49.33,49.745,12.3375));
#59100=DIRECTION('',(0.,1.,0.));
#59110=VECTOR('',#59100,1.);
#59120=LINE('',#59090,#59110);
#59130=EDGE_CURVE('',#59060,#32080,#59120,.T.);
#59140=ORIENTED_EDGE('',*,*,#59130,.F.);
#59150=ORIENTED_EDGE('',*,*,#32090,.F.);
#59160=CARTESIAN_POINT('',(49.33,49.745,12.4625));
#59170=DIRECTION('',(0.,1.,0.));
#59180=VECTOR('',#59170,1.);
#59190=LINE('',#59160,#59180);
#59200=CARTESIAN_POINT('',(49.33,49.745,12.4625));
#59210=VERTEX_POINT('',#59200);
#59220=EDGE_CURVE('',#59210,#32000,#59190,.T.);
#59230=ORIENTED_EDGE('',*,*,#59220,.T.);
#59240=CARTESIAN_POINT('',(49.33,49.745,12.7375));
#59250=DIRECTION('',(0.,0.,-1.));
#59260=VECTOR('',#59250,1.);
#59270=LINE('',#59240,#59260);
#59280=CARTESIAN_POINT('',(49.33,49.745,12.7375));
#59290=VERTEX_POINT('',#59280);
#59300=EDGE_CURVE('',#59290,#59210,#59270,.T.);
#59310=ORIENTED_EDGE('',*,*,#59300,.T.);
#59320=CARTESIAN_POINT('',(49.33,49.745,12.7375));
#59330=DIRECTION('',(0.,1.,0.));
#59340=VECTOR('',#59330,1.);
#59350=LINE('',#59320,#59340);
#59360=EDGE_CURVE('',#59290,#31600,#59350,.T.);
#59370=ORIENTED_EDGE('',*,*,#59360,.F.);
#59380=ORIENTED_EDGE('',*,*,#31610,.T.);
#59390=CARTESIAN_POINT('',(49.33,49.745,12.8625));
#59400=DIRECTION('',(0.,1.,0.));
#59410=VECTOR('',#59400,1.);
#59420=LINE('',#59390,#59410);
#59430=CARTESIAN_POINT('',(49.33,49.745,12.8625));
#59440=VERTEX_POINT('',#59430);
#59450=EDGE_CURVE('',#59440,#31520,#59420,.T.);
#59460=ORIENTED_EDGE('',*,*,#59450,.T.);
#59470=CARTESIAN_POINT('',(49.33,49.745,12.8625));
#59480=DIRECTION('',(0.,0.,1.));
#59490=VECTOR('',#59480,1.);
#59500=LINE('',#59470,#59490);
#59510=CARTESIAN_POINT('',(49.33,49.745,13.1375));
#59520=VERTEX_POINT('',#59510);
#59530=EDGE_CURVE('',#59440,#59520,#59500,.T.);
#59540=ORIENTED_EDGE('',*,*,#59530,.F.);
#59550=CARTESIAN_POINT('',(49.33,49.745,13.1375));
#59560=DIRECTION('',(0.,1.,0.));
#59570=VECTOR('',#59560,1.);
#59580=LINE('',#59550,#59570);
#59590=EDGE_CURVE('',#59520,#31120,#59580,.T.);
#59600=ORIENTED_EDGE('',*,*,#59590,.F.);
#59610=ORIENTED_EDGE('',*,*,#31130,.T.);
#59620=CARTESIAN_POINT('',(49.33,49.745,13.2625));
#59630=DIRECTION('',(0.,1.,0.));
#59640=VECTOR('',#59630,1.);
#59650=LINE('',#59620,#59640);
#59660=CARTESIAN_POINT('',(49.33,49.745,13.2625));
#59670=VERTEX_POINT('',#59660);
#59680=EDGE_CURVE('',#59670,#31040,#59650,.T.);
#59690=ORIENTED_EDGE('',*,*,#59680,.T.);
#59700=CARTESIAN_POINT('',(49.33,49.745,13.5375));
#59710=DIRECTION('',(0.,0.,-1.));
#59720=VECTOR('',#59710,1.);
#59730=LINE('',#59700,#59720);
#59740=CARTESIAN_POINT('',(49.33,49.745,13.5375));
#59750=VERTEX_POINT('',#59740);
#59760=EDGE_CURVE('',#59750,#59670,#59730,.T.);
#59770=ORIENTED_EDGE('',*,*,#59760,.T.);
#59780=CARTESIAN_POINT('',(49.33,49.745,13.5375));
#59790=DIRECTION('',(0.,1.,0.));
#59800=VECTOR('',#59790,1.);
#59810=LINE('',#59780,#59800);
#59820=EDGE_CURVE('',#59750,#30640,#59810,.T.);
#59830=ORIENTED_EDGE('',*,*,#59820,.F.);
#59840=ORIENTED_EDGE('',*,*,#30650,.F.);
#59850=CARTESIAN_POINT('',(49.33,49.745,13.6625));
#59860=DIRECTION('',(0.,1.,0.));
#59870=VECTOR('',#59860,1.);
#59880=LINE('',#59850,#59870);
#59890=CARTESIAN_POINT('',(49.33,49.745,13.6625));
#59900=VERTEX_POINT('',#59890);
#59910=EDGE_CURVE('',#59900,#30560,#59880,.T.);
#59920=ORIENTED_EDGE('',*,*,#59910,.T.);
#59930=CARTESIAN_POINT('',(49.33,49.745,13.9375));
#59940=DIRECTION('',(0.,0.,-1.));
#59950=VECTOR('',#59940,1.);
#59960=LINE('',#59930,#59950);
#59970=CARTESIAN_POINT('',(49.33,49.745,13.9375));
#59980=VERTEX_POINT('',#59970);
#59990=EDGE_CURVE('',#59980,#59900,#59960,.T.);
#60000=ORIENTED_EDGE('',*,*,#59990,.T.);
#60010=CARTESIAN_POINT('',(49.33,49.745,13.9375));
#60020=DIRECTION('',(0.,1.,0.));
#60030=VECTOR('',#60020,1.);
#60040=LINE('',#60010,#60030);
#60050=EDGE_CURVE('',#59980,#30160,#60040,.T.);
#60060=ORIENTED_EDGE('',*,*,#60050,.F.);
#60070=ORIENTED_EDGE('',*,*,#30170,.F.);
#60080=CARTESIAN_POINT('',(49.33,49.745,14.0625));
#60090=DIRECTION('',(0.,1.,0.));
#60100=VECTOR('',#60090,1.);
#60110=LINE('',#60080,#60100);
#60120=CARTESIAN_POINT('',(49.33,49.745,14.0625));
#60130=VERTEX_POINT('',#60120);
#60140=EDGE_CURVE('',#60130,#30080,#60110,.T.);
#60150=ORIENTED_EDGE('',*,*,#60140,.T.);
#60160=CARTESIAN_POINT('',(49.33,49.745,14.0625));
#60170=DIRECTION('',(0.,0.,1.));
#60180=VECTOR('',#60170,1.);
#60190=LINE('',#60160,#60180);
#60200=CARTESIAN_POINT('',(49.33,49.745,14.3375));
#60210=VERTEX_POINT('',#60200);
#60220=EDGE_CURVE('',#60130,#60210,#60190,.T.);
#60230=ORIENTED_EDGE('',*,*,#60220,.F.);
#60240=CARTESIAN_POINT('',(49.33,49.745,14.3375));
#60250=DIRECTION('',(0.,1.,0.));
#60260=VECTOR('',#60250,1.);
#60270=LINE('',#60240,#60260);
#60280=EDGE_CURVE('',#60210,#29680,#60270,.T.);
#60290=ORIENTED_EDGE('',*,*,#60280,.F.);
#60300=ORIENTED_EDGE('',*,*,#29690,.T.);
#60310=CARTESIAN_POINT('',(49.33,49.745,14.4625));
#60320=DIRECTION('',(0.,1.,0.));
#60330=VECTOR('',#60320,1.);
#60340=LINE('',#60310,#60330);
#60350=CARTESIAN_POINT('',(49.33,49.745,14.4625));
#60360=VERTEX_POINT('',#60350);
#60370=EDGE_CURVE('',#60360,#29600,#60340,.T.);
#60380=ORIENTED_EDGE('',*,*,#60370,.T.);
#60390=CARTESIAN_POINT('',(49.33,49.745,14.4625));
#60400=DIRECTION('',(0.,0.,1.));
#60410=VECTOR('',#60400,1.);
#60420=LINE('',#60390,#60410);
#60430=CARTESIAN_POINT('',(49.33,49.745,14.7375));
#60440=VERTEX_POINT('',#60430);
#60450=EDGE_CURVE('',#60360,#60440,#60420,.T.);
#60460=ORIENTED_EDGE('',*,*,#60450,.F.);
#60470=CARTESIAN_POINT('',(49.33,49.745,14.7375));
#60480=DIRECTION('',(0.,1.,0.));
#60490=VECTOR('',#60480,1.);
#60500=LINE('',#60470,#60490);
#60510=EDGE_CURVE('',#60440,#29200,#60500,.T.);
#60520=ORIENTED_EDGE('',*,*,#60510,.F.);
#60530=ORIENTED_EDGE('',*,*,#29210,.T.);
#60540=CARTESIAN_POINT('',(49.33,49.745,14.8625));
#60550=DIRECTION('',(0.,1.,0.));
#60560=VECTOR('',#60550,1.);
#60570=LINE('',#60540,#60560);
#60580=CARTESIAN_POINT('',(49.33,49.745,14.8625));
#60590=VERTEX_POINT('',#60580);
#60600=EDGE_CURVE('',#60590,#29120,#60570,.T.);
#60610=ORIENTED_EDGE('',*,*,#60600,.T.);
#60620=CARTESIAN_POINT('',(49.33,49.745,14.8625));
#60630=DIRECTION('',(0.,0.,1.));
#60640=VECTOR('',#60630,1.);
#60650=LINE('',#60620,#60640);
#60660=CARTESIAN_POINT('',(49.33,49.745,15.1375));
#60670=VERTEX_POINT('',#60660);
#60680=EDGE_CURVE('',#60590,#60670,#60650,.T.);
#60690=ORIENTED_EDGE('',*,*,#60680,.F.);
#60700=CARTESIAN_POINT('',(49.33,49.745,15.1375));
#60710=DIRECTION('',(0.,1.,0.));
#60720=VECTOR('',#60710,1.);
#60730=LINE('',#60700,#60720);
#60740=EDGE_CURVE('',#60670,#28720,#60730,.T.);
#60750=ORIENTED_EDGE('',*,*,#60740,.F.);
#60760=ORIENTED_EDGE('',*,*,#28730,.T.);
#60770=ORIENTED_EDGE('',*,*,#56630,.F.);
#60780=ORIENTED_EDGE('',*,*,#57640,.F.);
#60790=EDGE_LOOP('',(#60780,#60770,#60760,#60750,#60690,#60610,#60530,
#60520,#60460,#60380,#60300,#60290,#60230,#60150,#60070,#60060,#60000,
#59920,#59840,#59830,#59770,#59690,#59610,#59600,#59540,#59460,#59380,
#59370,#59310,#59230,#59150,#59140,#59080,#59000,#58920,#58910,#58850,
#58770,#58690,#58680,#58620,#58540,#58460,#58450,#58390,#58310,#58230,
#58220,#58160,#58080,#58000,#57990,#57930,#57850,#57770,#57760));
#60800=FACE_OUTER_BOUND('',#60790,.T.);
#60810=ADVANCED_FACE('',(#60800),#57750,.T.);
#60820=CARTESIAN_POINT('',(49.355,49.88,10.0875));
#60830=DIRECTION('',(-0.707106781186548,-0.,0.707106781186548));
#60840=DIRECTION('',(-0.707106781186548,0.,-0.707106781186548));
#60850=AXIS2_PLACEMENT_3D('',#60820,#60830,#60840);
#60860=PLANE('',#60850);
#60870=CARTESIAN_POINT('',(49.38,49.795,10.1125));
#60880=DIRECTION('',(-0.577350269189728,-0.577350269189564,
-0.577350269189585));
#60890=VECTOR('',#60880,1.);
#60900=LINE('',#60870,#60890);
#60910=CARTESIAN_POINT('',(49.38,49.795,10.1125));
#60920=VERTEX_POINT('',#60910);
#60930=EDGE_CURVE('',#60920,#57830,#60900,.T.);
#60940=ORIENTED_EDGE('',*,*,#60930,.F.);
#60950=ORIENTED_EDGE('',*,*,#57840,.F.);
#60960=ORIENTED_EDGE('',*,*,#34890,.F.);
#60970=CARTESIAN_POINT('',(49.38,49.795,10.1125));
#60980=DIRECTION('',(0.,1.,0.));
#60990=VECTOR('',#60980,1.);
#61000=LINE('',#60970,#60990);
#61010=EDGE_CURVE('',#60920,#34800,#61000,.T.);
#61020=ORIENTED_EDGE('',*,*,#61010,.T.);
#61030=EDGE_LOOP('',(#61020,#60960,#60950,#60940));
#61040=FACE_OUTER_BOUND('',#61030,.T.);
#61050=ADVANCED_FACE('',(#61040),#60860,.T.);
#61060=CARTESIAN_POINT('',(48.2,49.675,10.1125));
#61070=DIRECTION('',(-0.,-0.,1.));
#61080=DIRECTION('',(1.,0.,-0.));
#61090=AXIS2_PLACEMENT_3D('',#61060,#61070,#61080);
#61100=PLANE('',#61090);
#61110=ORIENTED_EDGE('',*,*,#34810,.T.);
#61120=CARTESIAN_POINT('',(49.44,49.795,10.1125));
#61130=DIRECTION('',(0.,1.,0.));
#61140=VECTOR('',#61130,1.);
#61150=LINE('',#61120,#61140);
#61160=CARTESIAN_POINT('',(49.44,49.795,10.1125));
#61170=VERTEX_POINT('',#61160);
#61180=EDGE_CURVE('',#61170,#34720,#61150,.T.);
#61190=ORIENTED_EDGE('',*,*,#61180,.T.);
#61200=CARTESIAN_POINT('',(49.38,49.795,10.1125));
#61210=DIRECTION('',(1.,0.,0.));
#61220=VECTOR('',#61210,1.);
#61230=LINE('',#61200,#61220);
#61240=EDGE_CURVE('',#60920,#61170,#61230,.T.);
#61250=ORIENTED_EDGE('',*,*,#61240,.T.);
#61260=ORIENTED_EDGE('',*,*,#61010,.F.);
#61270=EDGE_LOOP('',(#61260,#61250,#61190,#61110));
#61280=FACE_OUTER_BOUND('',#61270,.T.);
#61290=ADVANCED_FACE('',(#61280),#61100,.T.);
#61300=CARTESIAN_POINT('',(49.44,49.855,10.2));
#61310=DIRECTION('',(-1.,-0.,-0.));
#61320=DIRECTION('',(0.,1.,0.));
#61330=AXIS2_PLACEMENT_3D('',#61300,#61310,#61320);
#61340=PLANE('',#61330);
#61350=CARTESIAN_POINT('',(49.44,49.795,10.2875));
#61360=DIRECTION('',(0.,0.,-1.));
#61370=VECTOR('',#61360,1.);
#61380=LINE('',#61350,#61370);
#61390=CARTESIAN_POINT('',(49.44,49.795,10.2875));
#61400=VERTEX_POINT('',#61390);
#61410=CARTESIAN_POINT('',(49.44,49.795,10.275));
#61420=VERTEX_POINT('',#61410);
#61430=EDGE_CURVE('',#61400,#61420,#61380,.T.);
#61440=ORIENTED_EDGE('',*,*,#61430,.F.);
#61450=CARTESIAN_POINT('',(49.44,49.795,10.275));
#61460=DIRECTION('',(0.,1.,0.));
#61470=VECTOR('',#61460,1.);
#61480=LINE('',#61450,#61470);
#61490=CARTESIAN_POINT('',(49.44,49.8908565314309,10.275));
#61500=VERTEX_POINT('',#61490);
#61510=EDGE_CURVE('',#61420,#61500,#61480,.T.);
#61520=ORIENTED_EDGE('',*,*,#61510,.F.);
#61530=CARTESIAN_POINT('',(49.44,49.8908565314309,10.275));
#61540=DIRECTION('',(0.,0.,-1.));
#61550=VECTOR('',#61540,1.);
#61560=LINE('',#61530,#61550);
#61570=CARTESIAN_POINT('',(49.44,49.8908565314309,10.125));
#61580=VERTEX_POINT('',#61570);
#61590=EDGE_CURVE('',#61500,#61580,#61560,.T.);
#61600=ORIENTED_EDGE('',*,*,#61590,.F.);
#61610=CARTESIAN_POINT('',(49.44,49.795,10.125));
#61620=DIRECTION('',(0.,1.,0.));
#61630=VECTOR('',#61620,1.);
#61640=LINE('',#61610,#61630);
#61650=CARTESIAN_POINT('',(49.44,49.795,10.125));
#61660=VERTEX_POINT('',#61650);
#61670=EDGE_CURVE('',#61660,#61580,#61640,.T.);
#61680=ORIENTED_EDGE('',*,*,#61670,.T.);
#61690=CARTESIAN_POINT('',(49.44,49.795,10.125));
#61700=DIRECTION('',(0.,0.,-1.));
#61710=VECTOR('',#61700,1.);
#61720=LINE('',#61690,#61710);
#61730=EDGE_CURVE('',#61660,#61170,#61720,.T.);
#61740=ORIENTED_EDGE('',*,*,#61730,.F.);
#61750=ORIENTED_EDGE('',*,*,#61180,.F.);
#61760=ORIENTED_EDGE('',*,*,#34730,.F.);
#61770=CARTESIAN_POINT('',(49.44,49.795,10.2875));
#61780=DIRECTION('',(0.,1.,0.));
#61790=VECTOR('',#61780,1.);
#61800=LINE('',#61770,#61790);
#61810=EDGE_CURVE('',#61400,#34640,#61800,.T.);
#61820=ORIENTED_EDGE('',*,*,#61810,.T.);
#61830=EDGE_LOOP('',(#61820,#61760,#61750,#61740,#61680,#61600,#61520,
#61440));
#61840=FACE_OUTER_BOUND('',#61830,.T.);
#61850=ADVANCED_FACE('',(#61840),#61340,.T.);
#61860=CARTESIAN_POINT('',(48.2,49.675,10.2875));
#61870=DIRECTION('',(-0.,-0.,1.));
#61880=DIRECTION('',(1.,0.,-0.));
#61890=AXIS2_PLACEMENT_3D('',#61860,#61870,#61880);
#61900=PLANE('',#61890);
#61910=CARTESIAN_POINT('',(49.38,49.795,10.2875));
#61920=DIRECTION('',(1.,0.,0.));
#61930=VECTOR('',#61920,1.);
#61940=LINE('',#61910,#61930);
#61950=CARTESIAN_POINT('',(49.38,49.795,10.2875));
#61960=VERTEX_POINT('',#61950);
#61970=EDGE_CURVE('',#61960,#61400,#61940,.T.);
#61980=ORIENTED_EDGE('',*,*,#61970,.F.);
#61990=ORIENTED_EDGE('',*,*,#61810,.F.);
#62000=ORIENTED_EDGE('',*,*,#34650,.F.);
#62010=CARTESIAN_POINT('',(49.38,49.795,10.2875));
#62020=DIRECTION('',(0.,1.,0.));
#62030=VECTOR('',#62020,1.);
#62040=LINE('',#62010,#62030);
#62050=EDGE_CURVE('',#61960,#34560,#62040,.T.);
#62060=ORIENTED_EDGE('',*,*,#62050,.T.);
#62070=EDGE_LOOP('',(#62060,#62000,#61990,#61980));
#62080=FACE_OUTER_BOUND('',#62070,.T.);
#62090=ADVANCED_FACE('',(#62080),#61900,.F.);
#62100=CARTESIAN_POINT('',(49.355,49.88,10.3125));
#62110=DIRECTION('',(0.707106781186548,-0.,0.707106781186548));
#62120=DIRECTION('',(-0.707106781186548,0.,0.707106781186548));
#62130=AXIS2_PLACEMENT_3D('',#62100,#62110,#62120);
#62140=PLANE('',#62130);
#62150=ORIENTED_EDGE('',*,*,#34570,.F.);
#62160=ORIENTED_EDGE('',*,*,#57980,.T.);
#62170=CARTESIAN_POINT('',(49.38,49.795,10.2875));
#62180=DIRECTION('',(-0.577350269189653,-0.577350269189571,
0.577350269189653));
#62190=VECTOR('',#62180,1.);
#62200=LINE('',#62170,#62190);
#62210=EDGE_CURVE('',#61960,#57910,#62200,.T.);
#62220=ORIENTED_EDGE('',*,*,#62210,.T.);
#62230=ORIENTED_EDGE('',*,*,#62050,.F.);
#62240=EDGE_LOOP('',(#62230,#62220,#62160,#62150));
#62250=FACE_OUTER_BOUND('',#62240,.T.);
#62260=ADVANCED_FACE('',(#62250),#62140,.F.);
#62270=CARTESIAN_POINT('',(49.355,49.77,10.2));
#62280=DIRECTION('',(-0.707106781186547,0.707106781186548,-0.));
#62290=DIRECTION('',(-0.707106781186548,-0.707106781186547,0.));
#62300=AXIS2_PLACEMENT_3D('',#62270,#62280,#62290);
#62310=PLANE('',#62300);
#62320=ORIENTED_EDGE('',*,*,#62210,.F.);
#62330=ORIENTED_EDGE('',*,*,#57920,.F.);
#62340=ORIENTED_EDGE('',*,*,#60930,.T.);
#62350=CARTESIAN_POINT('',(49.38,49.795,10.125));
#62360=DIRECTION('',(0.,0.,-1.));
#62370=VECTOR('',#62360,1.);
#62380=LINE('',#62350,#62370);
#62390=CARTESIAN_POINT('',(49.38,49.795,10.125));
#62400=VERTEX_POINT('',#62390);
#62410=EDGE_CURVE('',#62400,#60920,#62380,.T.);
#62420=ORIENTED_EDGE('',*,*,#62410,.T.);
#62430=CARTESIAN_POINT('',(49.38,49.795,10.125));
#62440=DIRECTION('',(0.,0.,1.));
#62450=VECTOR('',#62440,1.);
#62460=LINE('',#62430,#62450);
#62470=CARTESIAN_POINT('',(49.38,49.795,10.275));
#62480=VERTEX_POINT('',#62470);
#62490=EDGE_CURVE('',#62400,#62480,#62460,.T.);
#62500=ORIENTED_EDGE('',*,*,#62490,.F.);
#62510=CARTESIAN_POINT('',(49.38,49.795,10.2875));
#62520=DIRECTION('',(0.,0.,-1.));
#62530=VECTOR('',#62520,1.);
#62540=LINE('',#62510,#62530);
#62550=EDGE_CURVE('',#61960,#62480,#62540,.T.);
#62560=ORIENTED_EDGE('',*,*,#62550,.T.);
#62570=EDGE_LOOP('',(#62560,#62500,#62420,#62340,#62330,#62320));
#62580=FACE_OUTER_BOUND('',#62570,.T.);
#62590=ADVANCED_FACE('',(#62580),#62310,.T.);
#62600=CARTESIAN_POINT('',(49.67,49.795,10.2));
#62610=DIRECTION('',(-8.16340459283203E-17,1.,-0.));
#62620=DIRECTION('',(1.,8.16340459283203E-17,0.));
#62630=AXIS2_PLACEMENT_3D('',#62600,#62610,#62620);
#62640=PLANE('',#62630);
#62650=CARTESIAN_POINT('',(49.38,49.795,10.275));
#62660=DIRECTION('',(1.,0.,0.));
#62670=VECTOR('',#62660,1.);
#62680=LINE('',#62650,#62670);
#62690=EDGE_CURVE('',#62480,#61420,#62680,.T.);
#62700=ORIENTED_EDGE('',*,*,#62690,.F.);
#62710=ORIENTED_EDGE('',*,*,#61430,.T.);
#62720=ORIENTED_EDGE('',*,*,#61970,.T.);
#62730=ORIENTED_EDGE('',*,*,#62550,.F.);
#62740=EDGE_LOOP('',(#62730,#62720,#62710,#62700));
#62750=FACE_OUTER_BOUND('',#62740,.T.);
#62760=ADVANCED_FACE('',(#62750),#62640,.T.);
#62770=CARTESIAN_POINT('',(48.0687715809733,49.745,10.275));
#62780=DIRECTION('',(-0.,-0.,1.));
#62790=DIRECTION('',(1.,0.,-0.));
#62800=AXIS2_PLACEMENT_3D('',#62770,#62780,#62790);
#62810=PLANE('',#62800);
#62820=ORIENTED_EDGE('',*,*,#61510,.T.);
#62830=ORIENTED_EDGE('',*,*,#62690,.T.);
#62840=CARTESIAN_POINT('',(49.38,49.795,10.275));
#62850=DIRECTION('',(-1.,0.,0.));
#62860=VECTOR('',#62850,1.);
#62870=LINE('',#62840,#62860);
#62880=CARTESIAN_POINT('',(49.0079995839305,49.795,10.275));
#62890=VERTEX_POINT('',#62880);
#62900=EDGE_CURVE('',#62480,#62890,#62870,.T.);
#62910=ORIENTED_EDGE('',*,*,#62900,.F.);
#62920=CARTESIAN_POINT('',(48.9599995839305,49.935,10.275));
#62930=DIRECTION('',(0.324324324324291,-0.945945945945957,0.));
#62940=VECTOR('',#62930,1.);
#62950=LINE('',#62920,#62940);
#62960=CARTESIAN_POINT('',(48.9599995839305,49.935,10.275));
#62970=VERTEX_POINT('',#62960);
#62980=EDGE_CURVE('',#62970,#62890,#62950,.T.);
#62990=ORIENTED_EDGE('',*,*,#62980,.T.);
#63000=CARTESIAN_POINT('',(48.9599995839305,49.935,10.275));
#63010=DIRECTION('',(1.,0.,0.));
#63020=VECTOR('',#63010,1.);
#63030=LINE('',#63000,#63020);
#63040=CARTESIAN_POINT('',(49.38,49.935,10.275));
#63050=VERTEX_POINT('',#63040);
#63060=EDGE_CURVE('',#62970,#63050,#63030,.T.);
#63070=ORIENTED_EDGE('',*,*,#63060,.F.);
#63080=CARTESIAN_POINT('',(49.42,49.895,10.275));
#63090=DIRECTION('',(-0.707106781186548,0.707106781186548,0.));
#63100=VECTOR('',#63090,1.);
#63110=LINE('',#63080,#63100);
#63120=CARTESIAN_POINT('',(49.42,49.895,10.275));
#63130=VERTEX_POINT('',#63120);
#63140=EDGE_CURVE('',#63130,#63050,#63110,.T.);
#63150=ORIENTED_EDGE('',*,*,#63140,.T.);
#63160=CARTESIAN_POINT('',(49.44,49.8908565314309,10.275));
#63170=DIRECTION('',(-0.979206593891497,0.202865587223197,0.));
#63180=VECTOR('',#63170,1.);
#63190=LINE('',#63160,#63180);
#63200=EDGE_CURVE('',#61500,#63130,#63190,.T.);
#63210=ORIENTED_EDGE('',*,*,#63200,.T.);
#63220=EDGE_LOOP('',(#63210,#63150,#63070,#62990,#62910,#62830,#62820));
#63230=FACE_OUTER_BOUND('',#63220,.T.);
#63240=ADVANCED_FACE('',(#63230),#62810,.T.);
#63250=CARTESIAN_POINT('',(49.42,49.895,10.125));
#63260=DIRECTION('',(0.202865587223184,0.9792065938915,-0.));
#63270=DIRECTION('',(-0.9792065938915,0.202865587223184,0.));
#63280=AXIS2_PLACEMENT_3D('',#63250,#63260,#63270);
#63290=PLANE('',#63280);
#63300=ORIENTED_EDGE('',*,*,#61590,.T.);
#63310=ORIENTED_EDGE('',*,*,#63200,.F.);
#63320=CARTESIAN_POINT('',(49.42,49.895,10.275));
#63330=DIRECTION('',(0.,0.,-1.));
#63340=VECTOR('',#63330,1.);
#63350=LINE('',#63320,#63340);
#63360=CARTESIAN_POINT('',(49.42,49.895,10.125));
#63370=VERTEX_POINT('',#63360);
#63380=EDGE_CURVE('',#63130,#63370,#63350,.T.);
#63390=ORIENTED_EDGE('',*,*,#63380,.F.);
#63400=CARTESIAN_POINT('',(49.42,49.895,10.125));
#63410=DIRECTION('',(0.979206593891497,-0.202865587223197,0.));
#63420=VECTOR('',#63410,1.);
#63430=LINE('',#63400,#63420);
#63440=EDGE_CURVE('',#63370,#61580,#63430,.T.);
#63450=ORIENTED_EDGE('',*,*,#63440,.F.);
#63460=EDGE_LOOP('',(#63450,#63390,#63310,#63300));
#63470=FACE_OUTER_BOUND('',#63460,.T.);
#63480=ADVANCED_FACE('',(#63470),#63290,.T.);
#63490=CARTESIAN_POINT('',(48.0687715809733,49.745,10.125));
#63500=DIRECTION('',(-0.,-0.,1.));
#63510=DIRECTION('',(1.,0.,-0.));
#63520=AXIS2_PLACEMENT_3D('',#63490,#63500,#63510);
#63530=PLANE('',#63520);
#63540=CARTESIAN_POINT('',(49.0079995839305,49.795,10.125));
#63550=DIRECTION('',(-0.324324324324291,0.945945945945957,0.));
#63560=VECTOR('',#63550,1.);
#63570=LINE('',#63540,#63560);
#63580=CARTESIAN_POINT('',(49.0079995839305,49.795,10.125));
#63590=VERTEX_POINT('',#63580);
#63600=CARTESIAN_POINT('',(48.9599995839305,49.935,10.125));
#63610=VERTEX_POINT('',#63600);
#63620=EDGE_CURVE('',#63590,#63610,#63570,.T.);
#63630=ORIENTED_EDGE('',*,*,#63620,.T.);
#63640=CARTESIAN_POINT('',(49.38,49.795,10.125));
#63650=DIRECTION('',(-1.,0.,0.));
#63660=VECTOR('',#63650,1.);
#63670=LINE('',#63640,#63660);
#63680=EDGE_CURVE('',#62400,#63590,#63670,.T.);
#63690=ORIENTED_EDGE('',*,*,#63680,.T.);
#63700=CARTESIAN_POINT('',(49.38,49.795,10.125));
#63710=DIRECTION('',(1.,0.,0.));
#63720=VECTOR('',#63710,1.);
#63730=LINE('',#63700,#63720);
#63740=EDGE_CURVE('',#62400,#61660,#63730,.T.);
#63750=ORIENTED_EDGE('',*,*,#63740,.F.);
#63760=ORIENTED_EDGE('',*,*,#61670,.F.);
#63770=ORIENTED_EDGE('',*,*,#63440,.T.);
#63780=CARTESIAN_POINT('',(49.38,49.935,10.125));
#63790=DIRECTION('',(0.707106781186548,-0.707106781186548,0.));
#63800=VECTOR('',#63790,1.);
#63810=LINE('',#63780,#63800);
#63820=CARTESIAN_POINT('',(49.38,49.935,10.125));
#63830=VERTEX_POINT('',#63820);
#63840=EDGE_CURVE('',#63830,#63370,#63810,.T.);
#63850=ORIENTED_EDGE('',*,*,#63840,.T.);
#63860=CARTESIAN_POINT('',(48.9599995839305,49.935,10.125));
#63870=DIRECTION('',(1.,0.,0.));
#63880=VECTOR('',#63870,1.);
#63890=LINE('',#63860,#63880);
#63900=EDGE_CURVE('',#63610,#63830,#63890,.T.);
#63910=ORIENTED_EDGE('',*,*,#63900,.T.);
#63920=EDGE_LOOP('',(#63910,#63850,#63770,#63760,#63750,#63690,#63630));
#63930=FACE_OUTER_BOUND('',#63920,.T.);
#63940=ADVANCED_FACE('',(#63930),#63530,.F.);
#63950=CARTESIAN_POINT('',(48.7246525758108,49.935,12.675));
#63960=DIRECTION('',(-2.92163953848725E-16,-1.,-0.));
#63970=DIRECTION('',(-1.,2.92163953848725E-16,0.));
#63980=AXIS2_PLACEMENT_3D('',#63950,#63960,#63970);
#63990=PLANE('',#63980);
#64000=CARTESIAN_POINT('',(48.9599995839305,49.935,12.925));
#64010=DIRECTION('',(1.,0.,0.));
#64020=VECTOR('',#64010,1.);
#64030=LINE('',#64000,#64020);
#64040=CARTESIAN_POINT('',(48.9599995839305,49.935,12.925));
#64050=VERTEX_POINT('',#64040);
#64060=CARTESIAN_POINT('',(49.38,49.935,12.925));
#64070=VERTEX_POINT('',#64060);
#64080=EDGE_CURVE('',#64050,#64070,#64030,.T.);
#64090=ORIENTED_EDGE('',*,*,#64080,.F.);
#64100=CARTESIAN_POINT('',(49.38,49.935,12.925));
#64110=DIRECTION('',(0.,0.,1.));
#64120=VECTOR('',#64110,1.);
#64130=LINE('',#64100,#64120);
#64140=CARTESIAN_POINT('',(49.38,49.935,13.075));
#64150=VERTEX_POINT('',#64140);
#64160=EDGE_CURVE('',#64070,#64150,#64130,.T.);
#64170=ORIENTED_EDGE('',*,*,#64160,.F.);
#64180=CARTESIAN_POINT('',(48.9599995839305,49.935,13.075));
#64190=DIRECTION('',(1.,0.,0.));
#64200=VECTOR('',#64190,1.);
#64210=LINE('',#64180,#64200);
#64220=CARTESIAN_POINT('',(48.9599995839305,49.935,13.075));
#64230=VERTEX_POINT('',#64220);
#64240=EDGE_CURVE('',#64230,#64150,#64210,.T.);
#64250=ORIENTED_EDGE('',*,*,#64240,.T.);
#64260=CARTESIAN_POINT('',(48.9599995839305,49.935,13.075));
#64270=DIRECTION('',(0.,0.,1.));
#64280=VECTOR('',#64270,1.);
#64290=LINE('',#64260,#64280);
#64300=CARTESIAN_POINT('',(48.9599995839305,49.935,13.325));
#64310=VERTEX_POINT('',#64300);
#64320=EDGE_CURVE('',#64230,#64310,#64290,.T.);
#64330=ORIENTED_EDGE('',*,*,#64320,.F.);
#64340=CARTESIAN_POINT('',(48.9599995839305,49.935,13.325));
#64350=DIRECTION('',(1.,0.,0.));
#64360=VECTOR('',#64350,1.);
#64370=LINE('',#64340,#64360);
#64380=CARTESIAN_POINT('',(49.38,49.935,13.325));
#64390=VERTEX_POINT('',#64380);
#64400=EDGE_CURVE('',#64310,#64390,#64370,.T.);
#64410=ORIENTED_EDGE('',*,*,#64400,.F.);
#64420=CARTESIAN_POINT('',(49.38,49.935,13.325));
#64430=DIRECTION('',(0.,0.,1.));
#64440=VECTOR('',#64430,1.);
#64450=LINE('',#64420,#64440);
#64460=CARTESIAN_POINT('',(49.38,49.935,13.475));
#64470=VERTEX_POINT('',#64460);
#64480=EDGE_CURVE('',#64390,#64470,#64450,.T.);
#64490=ORIENTED_EDGE('',*,*,#64480,.F.);
#64500=CARTESIAN_POINT('',(48.9599995839305,49.935,13.475));
#64510=DIRECTION('',(1.,0.,0.));
#64520=VECTOR('',#64510,1.);
#64530=LINE('',#64500,#64520);
#64540=CARTESIAN_POINT('',(48.9599995839305,49.935,13.475));
#64550=VERTEX_POINT('',#64540);
#64560=EDGE_CURVE('',#64550,#64470,#64530,.T.);
#64570=ORIENTED_EDGE('',*,*,#64560,.T.);
#64580=CARTESIAN_POINT('',(48.9599995839305,49.935,13.475));
#64590=DIRECTION('',(0.,0.,1.));
#64600=VECTOR('',#64590,1.);
#64610=LINE('',#64580,#64600);
#64620=CARTESIAN_POINT('',(48.9599995839305,49.935,13.725));
#64630=VERTEX_POINT('',#64620);
#64640=EDGE_CURVE('',#64550,#64630,#64610,.T.);
#64650=ORIENTED_EDGE('',*,*,#64640,.F.);
#64660=CARTESIAN_POINT('',(48.9599995839305,49.935,13.725));
#64670=DIRECTION('',(1.,0.,0.));
#64680=VECTOR('',#64670,1.);
#64690=LINE('',#64660,#64680);
#64700=CARTESIAN_POINT('',(49.38,49.935,13.725));
#64710=VERTEX_POINT('',#64700);
#64720=EDGE_CURVE('',#64630,#64710,#64690,.T.);
#64730=ORIENTED_EDGE('',*,*,#64720,.F.);
#64740=CARTESIAN_POINT('',(49.38,49.935,13.725));
#64750=DIRECTION('',(0.,0.,1.));
#64760=VECTOR('',#64750,1.);
#64770=LINE('',#64740,#64760);
#64780=CARTESIAN_POINT('',(49.38,49.935,13.875));
#64790=VERTEX_POINT('',#64780);
#64800=EDGE_CURVE('',#64710,#64790,#64770,.T.);
#64810=ORIENTED_EDGE('',*,*,#64800,.F.);
#64820=CARTESIAN_POINT('',(48.9599995839305,49.935,13.875));
#64830=DIRECTION('',(1.,0.,0.));
#64840=VECTOR('',#64830,1.);
#64850=LINE('',#64820,#64840);
#64860=CARTESIAN_POINT('',(48.9599995839305,49.935,13.875));
#64870=VERTEX_POINT('',#64860);
#64880=EDGE_CURVE('',#64870,#64790,#64850,.T.);
#64890=ORIENTED_EDGE('',*,*,#64880,.T.);
#64900=CARTESIAN_POINT('',(48.9599995839305,49.935,13.875));
#64910=DIRECTION('',(0.,0.,1.));
#64920=VECTOR('',#64910,1.);
#64930=LINE('',#64900,#64920);
#64940=CARTESIAN_POINT('',(48.9599995839305,49.935,14.125));
#64950=VERTEX_POINT('',#64940);
#64960=EDGE_CURVE('',#64870,#64950,#64930,.T.);
#64970=ORIENTED_EDGE('',*,*,#64960,.F.);
#64980=CARTESIAN_POINT('',(48.9599995839305,49.935,14.125));
#64990=DIRECTION('',(1.,0.,0.));
#65000=VECTOR('',#64990,1.);
#65010=LINE('',#64980,#65000);
#65020=CARTESIAN_POINT('',(49.38,49.935,14.125));
#65030=VERTEX_POINT('',#65020);
#65040=EDGE_CURVE('',#64950,#65030,#65010,.T.);
#65050=ORIENTED_EDGE('',*,*,#65040,.F.);
#65060=CARTESIAN_POINT('',(49.38,49.935,14.125));
#65070=DIRECTION('',(0.,0.,1.));
#65080=VECTOR('',#65070,1.);
#65090=LINE('',#65060,#65080);
#65100=CARTESIAN_POINT('',(49.38,49.935,14.275));
#65110=VERTEX_POINT('',#65100);
#65120=EDGE_CURVE('',#65030,#65110,#65090,.T.);
#65130=ORIENTED_EDGE('',*,*,#65120,.F.);
#65140=CARTESIAN_POINT('',(48.9599995839305,49.935,14.275));
#65150=DIRECTION('',(1.,0.,0.));
#65160=VECTOR('',#65150,1.);
#65170=LINE('',#65140,#65160);
#65180=CARTESIAN_POINT('',(48.9599995839305,49.935,14.275));
#65190=VERTEX_POINT('',#65180);
#65200=EDGE_CURVE('',#65190,#65110,#65170,.T.);
#65210=ORIENTED_EDGE('',*,*,#65200,.T.);
#65220=CARTESIAN_POINT('',(48.9599995839305,49.935,14.275));
#65230=DIRECTION('',(0.,0.,1.));
#65240=VECTOR('',#65230,1.);
#65250=LINE('',#65220,#65240);
#65260=CARTESIAN_POINT('',(48.9599995839305,49.935,14.525));
#65270=VERTEX_POINT('',#65260);
#65280=EDGE_CURVE('',#65190,#65270,#65250,.T.);
#65290=ORIENTED_EDGE('',*,*,#65280,.F.);
#65300=CARTESIAN_POINT('',(48.9599995839305,49.935,14.525));
#65310=DIRECTION('',(1.,0.,0.));
#65320=VECTOR('',#65310,1.);
#65330=LINE('',#65300,#65320);
#65340=CARTESIAN_POINT('',(49.38,49.935,14.525));
#65350=VERTEX_POINT('',#65340);
#65360=EDGE_CURVE('',#65270,#65350,#65330,.T.);
#65370=ORIENTED_EDGE('',*,*,#65360,.F.);
#65380=CARTESIAN_POINT('',(49.38,49.935,14.525));
#65390=DIRECTION('',(0.,0.,1.));
#65400=VECTOR('',#65390,1.);
#65410=LINE('',#65380,#65400);
#65420=CARTESIAN_POINT('',(49.38,49.935,14.675));
#65430=VERTEX_POINT('',#65420);
#65440=EDGE_CURVE('',#65350,#65430,#65410,.T.);
#65450=ORIENTED_EDGE('',*,*,#65440,.F.);
#65460=CARTESIAN_POINT('',(48.9599995839305,49.935,14.675));
#65470=DIRECTION('',(1.,0.,0.));
#65480=VECTOR('',#65470,1.);
#65490=LINE('',#65460,#65480);
#65500=CARTESIAN_POINT('',(48.9599995839305,49.935,14.675));
#65510=VERTEX_POINT('',#65500);
#65520=EDGE_CURVE('',#65510,#65430,#65490,.T.);
#65530=ORIENTED_EDGE('',*,*,#65520,.T.);
#65540=CARTESIAN_POINT('',(48.9599995839305,49.935,14.675));
#65550=DIRECTION('',(0.,0.,1.));
#65560=VECTOR('',#65550,1.);
#65570=LINE('',#65540,#65560);
#65580=CARTESIAN_POINT('',(48.9599995839305,49.935,14.925));
#65590=VERTEX_POINT('',#65580);
#65600=EDGE_CURVE('',#65510,#65590,#65570,.T.);
#65610=ORIENTED_EDGE('',*,*,#65600,.F.);
#65620=CARTESIAN_POINT('',(48.9599995839305,49.935,14.925));
#65630=DIRECTION('',(1.,0.,0.));
#65640=VECTOR('',#65630,1.);
#65650=LINE('',#65620,#65640);
#65660=CARTESIAN_POINT('',(49.38,49.935,14.925));
#65670=VERTEX_POINT('',#65660);
#65680=EDGE_CURVE('',#65590,#65670,#65650,.T.);
#65690=ORIENTED_EDGE('',*,*,#65680,.F.);
#65700=CARTESIAN_POINT('',(49.38,49.935,14.925));
#65710=DIRECTION('',(0.,0.,1.));
#65720=VECTOR('',#65710,1.);
#65730=LINE('',#65700,#65720);
#65740=CARTESIAN_POINT('',(49.38,49.935,15.075));
#65750=VERTEX_POINT('',#65740);
#65760=EDGE_CURVE('',#65670,#65750,#65730,.T.);
#65770=ORIENTED_EDGE('',*,*,#65760,.F.);
#65780=CARTESIAN_POINT('',(48.9599995839305,49.935,15.075));
#65790=DIRECTION('',(1.,0.,0.));
#65800=VECTOR('',#65790,1.);
#65810=LINE('',#65780,#65800);
#65820=CARTESIAN_POINT('',(48.9599995839305,49.935,15.075));
#65830=VERTEX_POINT('',#65820);
#65840=EDGE_CURVE('',#65830,#65750,#65810,.T.);
#65850=ORIENTED_EDGE('',*,*,#65840,.T.);
#65860=CARTESIAN_POINT('',(48.9599995839305,49.935,15.075));
#65870=DIRECTION('',(0.,0.,1.));
#65880=VECTOR('',#65870,1.);
#65890=LINE('',#65860,#65880);
#65900=EDGE_CURVE('',#65830,#1640,#65890,.T.);
#65910=ORIENTED_EDGE('',*,*,#65900,.F.);
#65920=ORIENTED_EDGE('',*,*,#1650,.T.);
#65930=CARTESIAN_POINT('',(48.5899995839305,49.935,9.69999999999998));
#65940=DIRECTION('',(0.,0.,1.));
#65950=VECTOR('',#65940,1.);
#65960=LINE('',#65930,#65950);
#65970=EDGE_CURVE('',#27440,#1560,#65960,.T.);
#65980=ORIENTED_EDGE('',*,*,#65970,.T.);
#65990=ORIENTED_EDGE('',*,*,#27450,.F.);
#66000=CARTESIAN_POINT('',(48.9599995839305,49.935,10.125));
#66010=DIRECTION('',(0.,0.,-1.));
#66020=VECTOR('',#66010,1.);
#66030=LINE('',#66000,#66020);
#66040=EDGE_CURVE('',#63610,#27360,#66030,.T.);
#66050=ORIENTED_EDGE('',*,*,#66040,.T.);
#66060=ORIENTED_EDGE('',*,*,#63900,.F.);
#66070=CARTESIAN_POINT('',(49.38,49.935,10.275));
#66080=DIRECTION('',(0.,0.,-1.));
#66090=VECTOR('',#66080,1.);
#66100=LINE('',#66070,#66090);
#66110=EDGE_CURVE('',#63050,#63830,#66100,.T.);
#66120=ORIENTED_EDGE('',*,*,#66110,.T.);
#66130=ORIENTED_EDGE('',*,*,#63060,.T.);
#66140=CARTESIAN_POINT('',(48.9599995839305,49.935,10.525));
#66150=DIRECTION('',(0.,0.,-1.));
#66160=VECTOR('',#66150,1.);
#66170=LINE('',#66140,#66160);
#66180=CARTESIAN_POINT('',(48.9599995839305,49.935,10.525));
#66190=VERTEX_POINT('',#66180);
#66200=EDGE_CURVE('',#66190,#62970,#66170,.T.);
#66210=ORIENTED_EDGE('',*,*,#66200,.T.);
#66220=CARTESIAN_POINT('',(48.9599995839305,49.935,10.525));
#66230=DIRECTION('',(1.,0.,0.));
#66240=VECTOR('',#66230,1.);
#66250=LINE('',#66220,#66240);
#66260=CARTESIAN_POINT('',(49.38,49.935,10.525));
#66270=VERTEX_POINT('',#66260);
#66280=EDGE_CURVE('',#66190,#66270,#66250,.T.);
#66290=ORIENTED_EDGE('',*,*,#66280,.F.);
#66300=CARTESIAN_POINT('',(49.38,49.935,10.675));
#66310=DIRECTION('',(0.,0.,-1.));
#66320=VECTOR('',#66310,1.);
#66330=LINE('',#66300,#66320);
#66340=CARTESIAN_POINT('',(49.38,49.935,10.675));
#66350=VERTEX_POINT('',#66340);
#66360=EDGE_CURVE('',#66350,#66270,#66330,.T.);
#66370=ORIENTED_EDGE('',*,*,#66360,.T.);
#66380=CARTESIAN_POINT('',(48.9599995839305,49.935,10.675));
#66390=DIRECTION('',(1.,0.,0.));
#66400=VECTOR('',#66390,1.);
#66410=LINE('',#66380,#66400);
#66420=CARTESIAN_POINT('',(48.9599995839305,49.935,10.675));
#66430=VERTEX_POINT('',#66420);
#66440=EDGE_CURVE('',#66430,#66350,#66410,.T.);
#66450=ORIENTED_EDGE('',*,*,#66440,.T.);
#66460=CARTESIAN_POINT('',(48.9599995839305,49.935,10.925));
#66470=DIRECTION('',(0.,0.,-1.));
#66480=VECTOR('',#66470,1.);
#66490=LINE('',#66460,#66480);
#66500=CARTESIAN_POINT('',(48.9599995839305,49.935,10.925));
#66510=VERTEX_POINT('',#66500);
#66520=EDGE_CURVE('',#66510,#66430,#66490,.T.);
#66530=ORIENTED_EDGE('',*,*,#66520,.T.);
#66540=CARTESIAN_POINT('',(48.9599995839305,49.935,10.925));
#66550=DIRECTION('',(1.,0.,0.));
#66560=VECTOR('',#66550,1.);
#66570=LINE('',#66540,#66560);
#66580=CARTESIAN_POINT('',(49.38,49.935,10.925));
#66590=VERTEX_POINT('',#66580);
#66600=EDGE_CURVE('',#66510,#66590,#66570,.T.);
#66610=ORIENTED_EDGE('',*,*,#66600,.F.);
#66620=CARTESIAN_POINT('',(49.38,49.935,11.075));
#66630=DIRECTION('',(0.,0.,-1.));
#66640=VECTOR('',#66630,1.);
#66650=LINE('',#66620,#66640);
#66660=CARTESIAN_POINT('',(49.38,49.935,11.075));
#66670=VERTEX_POINT('',#66660);
#66680=EDGE_CURVE('',#66670,#66590,#66650,.T.);
#66690=ORIENTED_EDGE('',*,*,#66680,.T.);
#66700=CARTESIAN_POINT('',(48.9599995839305,49.935,11.075));
#66710=DIRECTION('',(1.,0.,0.));
#66720=VECTOR('',#66710,1.);
#66730=LINE('',#66700,#66720);
#66740=CARTESIAN_POINT('',(48.9599995839305,49.935,11.075));
#66750=VERTEX_POINT('',#66740);
#66760=EDGE_CURVE('',#66750,#66670,#66730,.T.);
#66770=ORIENTED_EDGE('',*,*,#66760,.T.);
#66780=CARTESIAN_POINT('',(48.9599995839305,49.935,11.325));
#66790=DIRECTION('',(0.,0.,-1.));
#66800=VECTOR('',#66790,1.);
#66810=LINE('',#66780,#66800);
#66820=CARTESIAN_POINT('',(48.9599995839305,49.935,11.325));
#66830=VERTEX_POINT('',#66820);
#66840=EDGE_CURVE('',#66830,#66750,#66810,.T.);
#66850=ORIENTED_EDGE('',*,*,#66840,.T.);
#66860=CARTESIAN_POINT('',(48.9599995839305,49.935,11.325));
#66870=DIRECTION('',(1.,0.,0.));
#66880=VECTOR('',#66870,1.);
#66890=LINE('',#66860,#66880);
#66900=CARTESIAN_POINT('',(49.38,49.935,11.325));
#66910=VERTEX_POINT('',#66900);
#66920=EDGE_CURVE('',#66830,#66910,#66890,.T.);
#66930=ORIENTED_EDGE('',*,*,#66920,.F.);
#66940=CARTESIAN_POINT('',(49.38,49.935,11.475));
#66950=DIRECTION('',(0.,0.,-1.));
#66960=VECTOR('',#66950,1.);
#66970=LINE('',#66940,#66960);
#66980=CARTESIAN_POINT('',(49.38,49.935,11.475));
#66990=VERTEX_POINT('',#66980);
#67000=EDGE_CURVE('',#66990,#66910,#66970,.T.);
#67010=ORIENTED_EDGE('',*,*,#67000,.T.);
#67020=CARTESIAN_POINT('',(48.9599995839305,49.935,11.475));
#67030=DIRECTION('',(1.,0.,0.));
#67040=VECTOR('',#67030,1.);
#67050=LINE('',#67020,#67040);
#67060=CARTESIAN_POINT('',(48.9599995839305,49.935,11.475));
#67070=VERTEX_POINT('',#67060);
#67080=EDGE_CURVE('',#67070,#66990,#67050,.T.);
#67090=ORIENTED_EDGE('',*,*,#67080,.T.);
#67100=CARTESIAN_POINT('',(48.9599995839305,49.935,11.725));
#67110=DIRECTION('',(0.,0.,-1.));
#67120=VECTOR('',#67110,1.);
#67130=LINE('',#67100,#67120);
#67140=CARTESIAN_POINT('',(48.9599995839305,49.935,11.725));
#67150=VERTEX_POINT('',#67140);
#67160=EDGE_CURVE('',#67150,#67070,#67130,.T.);
#67170=ORIENTED_EDGE('',*,*,#67160,.T.);
#67180=CARTESIAN_POINT('',(48.9599995839305,49.935,11.725));
#67190=DIRECTION('',(1.,0.,0.));
#67200=VECTOR('',#67190,1.);
#67210=LINE('',#67180,#67200);
#67220=CARTESIAN_POINT('',(49.38,49.935,11.725));
#67230=VERTEX_POINT('',#67220);
#67240=EDGE_CURVE('',#67150,#67230,#67210,.T.);
#67250=ORIENTED_EDGE('',*,*,#67240,.F.);
#67260=CARTESIAN_POINT('',(49.38,49.935,11.875));
#67270=DIRECTION('',(0.,0.,-1.));
#67280=VECTOR('',#67270,1.);
#67290=LINE('',#67260,#67280);
#67300=CARTESIAN_POINT('',(49.38,49.935,11.875));
#67310=VERTEX_POINT('',#67300);
#67320=EDGE_CURVE('',#67310,#67230,#67290,.T.);
#67330=ORIENTED_EDGE('',*,*,#67320,.T.);
#67340=CARTESIAN_POINT('',(48.9599995839305,49.935,11.875));
#67350=DIRECTION('',(1.,0.,0.));
#67360=VECTOR('',#67350,1.);
#67370=LINE('',#67340,#67360);
#67380=CARTESIAN_POINT('',(48.9599995839305,49.935,11.875));
#67390=VERTEX_POINT('',#67380);
#67400=EDGE_CURVE('',#67390,#67310,#67370,.T.);
#67410=ORIENTED_EDGE('',*,*,#67400,.T.);
#67420=CARTESIAN_POINT('',(48.9599995839305,49.935,12.125));
#67430=DIRECTION('',(0.,0.,-1.));
#67440=VECTOR('',#67430,1.);
#67450=LINE('',#67420,#67440);
#67460=CARTESIAN_POINT('',(48.9599995839305,49.935,12.125));
#67470=VERTEX_POINT('',#67460);
#67480=EDGE_CURVE('',#67470,#67390,#67450,.T.);
#67490=ORIENTED_EDGE('',*,*,#67480,.T.);
#67500=CARTESIAN_POINT('',(48.9599995839305,49.935,12.125));
#67510=DIRECTION('',(1.,0.,0.));
#67520=VECTOR('',#67510,1.);
#67530=LINE('',#67500,#67520);
#67540=CARTESIAN_POINT('',(49.38,49.935,12.125));
#67550=VERTEX_POINT('',#67540);
#67560=EDGE_CURVE('',#67470,#67550,#67530,.T.);
#67570=ORIENTED_EDGE('',*,*,#67560,.F.);
#67580=CARTESIAN_POINT('',(49.38,49.935,12.275));
#67590=DIRECTION('',(0.,0.,-1.));
#67600=VECTOR('',#67590,1.);
#67610=LINE('',#67580,#67600);
#67620=CARTESIAN_POINT('',(49.38,49.935,12.275));
#67630=VERTEX_POINT('',#67620);
#67640=EDGE_CURVE('',#67630,#67550,#67610,.T.);
#67650=ORIENTED_EDGE('',*,*,#67640,.T.);
#67660=CARTESIAN_POINT('',(48.9599995839305,49.935,12.275));
#67670=DIRECTION('',(1.,0.,0.));
#67680=VECTOR('',#67670,1.);
#67690=LINE('',#67660,#67680);
#67700=CARTESIAN_POINT('',(48.9599995839305,49.935,12.275));
#67710=VERTEX_POINT('',#67700);
#67720=EDGE_CURVE('',#67710,#67630,#67690,.T.);
#67730=ORIENTED_EDGE('',*,*,#67720,.T.);
#67740=CARTESIAN_POINT('',(48.9599995839305,49.935,12.525));
#67750=DIRECTION('',(0.,0.,-1.));
#67760=VECTOR('',#67750,1.);
#67770=LINE('',#67740,#67760);
#67780=CARTESIAN_POINT('',(48.9599995839305,49.935,12.525));
#67790=VERTEX_POINT('',#67780);
#67800=EDGE_CURVE('',#67790,#67710,#67770,.T.);
#67810=ORIENTED_EDGE('',*,*,#67800,.T.);
#67820=CARTESIAN_POINT('',(48.9599995839305,49.935,12.525));
#67830=DIRECTION('',(1.,0.,0.));
#67840=VECTOR('',#67830,1.);
#67850=LINE('',#67820,#67840);
#67860=CARTESIAN_POINT('',(49.38,49.935,12.525));
#67870=VERTEX_POINT('',#67860);
#67880=EDGE_CURVE('',#67790,#67870,#67850,.T.);
#67890=ORIENTED_EDGE('',*,*,#67880,.F.);
#67900=CARTESIAN_POINT('',(49.38,49.935,12.525));
#67910=DIRECTION('',(0.,0.,1.));
#67920=VECTOR('',#67910,1.);
#67930=LINE('',#67900,#67920);
#67940=CARTESIAN_POINT('',(49.38,49.935,12.675));
#67950=VERTEX_POINT('',#67940);
#67960=EDGE_CURVE('',#67870,#67950,#67930,.T.);
#67970=ORIENTED_EDGE('',*,*,#67960,.F.);
#67980=CARTESIAN_POINT('',(48.9599995839305,49.935,12.675));
#67990=DIRECTION('',(1.,0.,0.));
#68000=VECTOR('',#67990,1.);
#68010=LINE('',#67980,#68000);
#68020=CARTESIAN_POINT('',(48.9599995839305,49.935,12.675));
#68030=VERTEX_POINT('',#68020);
#68040=EDGE_CURVE('',#68030,#67950,#68010,.T.);
#68050=ORIENTED_EDGE('',*,*,#68040,.T.);
#68060=CARTESIAN_POINT('',(48.9599995839305,49.935,12.675));
#68070=DIRECTION('',(0.,0.,1.));
#68080=VECTOR('',#68070,1.);
#68090=LINE('',#68060,#68080);
#68100=EDGE_CURVE('',#68030,#64050,#68090,.T.);
#68110=ORIENTED_EDGE('',*,*,#68100,.F.);
#68120=EDGE_LOOP('',(#68110,#68050,#67970,#67890,#67810,#67730,#67650,
#67570,#67490,#67410,#67330,#67250,#67170,#67090,#67010,#66930,#66850,
#66770,#66690,#66610,#66530,#66450,#66370,#66290,#66210,#66130,#66120,
#66060,#66050,#65990,#65980,#65920,#65910,#65850,#65770,#65690,#65610,
#65530,#65450,#65370,#65290,#65210,#65130,#65050,#64970,#64890,#64810,
#64730,#64650,#64570,#64490,#64410,#64330,#64250,#64170,#64090));
#68130=FACE_OUTER_BOUND('',#68120,.T.);
#68140=ADVANCED_FACE('',(#68130),#63990,.F.);
#68150=CARTESIAN_POINT('',(49.0081126064497,49.7946703509857,12.5));
#68160=DIRECTION('',(-0.945945945945946,-0.324324324324325,-0.));
#68170=DIRECTION('',(0.324324324324325,-0.945945945945946,0.));
#68180=AXIS2_PLACEMENT_3D('',#68150,#68160,#68170);
#68190=PLANE('',#68180);
#68200=CARTESIAN_POINT('',(49.0079995839305,49.795,12.525));
#68210=DIRECTION('',(-0.324324324324291,0.945945945945957,0.));
#68220=VECTOR('',#68210,1.);
#68230=LINE('',#68200,#68220);
#68240=CARTESIAN_POINT('',(49.0079995839305,49.795,12.525));
#68250=VERTEX_POINT('',#68240);
#68260=EDGE_CURVE('',#68250,#67790,#68230,.T.);
#68270=ORIENTED_EDGE('',*,*,#68260,.F.);
#68280=ORIENTED_EDGE('',*,*,#67800,.F.);
#68290=CARTESIAN_POINT('',(48.9599995839305,49.935,12.275));
#68300=DIRECTION('',(0.324324324324291,-0.945945945945957,0.));
#68310=VECTOR('',#68300,1.);
#68320=LINE('',#68290,#68310);
#68330=CARTESIAN_POINT('',(49.0079995839305,49.795,12.275));
#68340=VERTEX_POINT('',#68330);
#68350=EDGE_CURVE('',#67710,#68340,#68320,.T.);
#68360=ORIENTED_EDGE('',*,*,#68350,.F.);
#68370=CARTESIAN_POINT('',(49.0079995839305,49.795,12.125));
#68380=DIRECTION('',(0.,0.,1.));
#68390=VECTOR('',#68380,1.);
#68400=LINE('',#68370,#68390);
#68410=CARTESIAN_POINT('',(49.0079995839305,49.795,12.125));
#68420=VERTEX_POINT('',#68410);
#68430=EDGE_CURVE('',#68420,#68340,#68400,.T.);
#68440=ORIENTED_EDGE('',*,*,#68430,.T.);
#68450=CARTESIAN_POINT('',(49.0079995839305,49.795,12.125));
#68460=DIRECTION('',(-0.324324324324291,0.945945945945957,0.));
#68470=VECTOR('',#68460,1.);
#68480=LINE('',#68450,#68470);
#68490=EDGE_CURVE('',#68420,#67470,#68480,.T.);
#68500=ORIENTED_EDGE('',*,*,#68490,.F.);
#68510=ORIENTED_EDGE('',*,*,#67480,.F.);
#68520=CARTESIAN_POINT('',(48.9599995839305,49.935,11.875));
#68530=DIRECTION('',(0.324324324324291,-0.945945945945957,0.));
#68540=VECTOR('',#68530,1.);
#68550=LINE('',#68520,#68540);
#68560=CARTESIAN_POINT('',(49.0079995839305,49.795,11.875));
#68570=VERTEX_POINT('',#68560);
#68580=EDGE_CURVE('',#67390,#68570,#68550,.T.);
#68590=ORIENTED_EDGE('',*,*,#68580,.F.);
#68600=CARTESIAN_POINT('',(49.0079995839305,49.795,11.725));
#68610=DIRECTION('',(0.,0.,1.));
#68620=VECTOR('',#68610,1.);
#68630=LINE('',#68600,#68620);
#68640=CARTESIAN_POINT('',(49.0079995839305,49.795,11.725));
#68650=VERTEX_POINT('',#68640);
#68660=EDGE_CURVE('',#68650,#68570,#68630,.T.);
#68670=ORIENTED_EDGE('',*,*,#68660,.T.);
#68680=CARTESIAN_POINT('',(49.0079995839305,49.795,11.725));
#68690=DIRECTION('',(-0.324324324324291,0.945945945945957,0.));
#68700=VECTOR('',#68690,1.);
#68710=LINE('',#68680,#68700);
#68720=EDGE_CURVE('',#68650,#67150,#68710,.T.);
#68730=ORIENTED_EDGE('',*,*,#68720,.F.);
#68740=ORIENTED_EDGE('',*,*,#67160,.F.);
#68750=CARTESIAN_POINT('',(48.9599995839305,49.935,11.475));
#68760=DIRECTION('',(0.324324324324291,-0.945945945945957,0.));
#68770=VECTOR('',#68760,1.);
#68780=LINE('',#68750,#68770);
#68790=CARTESIAN_POINT('',(49.0079995839305,49.795,11.475));
#68800=VERTEX_POINT('',#68790);
#68810=EDGE_CURVE('',#67070,#68800,#68780,.T.);
#68820=ORIENTED_EDGE('',*,*,#68810,.F.);
#68830=CARTESIAN_POINT('',(49.0079995839305,49.795,11.325));
#68840=DIRECTION('',(0.,0.,1.));
#68850=VECTOR('',#68840,1.);
#68860=LINE('',#68830,#68850);
#68870=CARTESIAN_POINT('',(49.0079995839305,49.795,11.325));
#68880=VERTEX_POINT('',#68870);
#68890=EDGE_CURVE('',#68880,#68800,#68860,.T.);
#68900=ORIENTED_EDGE('',*,*,#68890,.T.);
#68910=CARTESIAN_POINT('',(49.0079995839305,49.795,11.325));
#68920=DIRECTION('',(-0.324324324324291,0.945945945945957,0.));
#68930=VECTOR('',#68920,1.);
#68940=LINE('',#68910,#68930);
#68950=EDGE_CURVE('',#68880,#66830,#68940,.T.);
#68960=ORIENTED_EDGE('',*,*,#68950,.F.);
#68970=ORIENTED_EDGE('',*,*,#66840,.F.);
#68980=CARTESIAN_POINT('',(48.9599995839305,49.935,11.075));
#68990=DIRECTION('',(0.324324324324291,-0.945945945945957,0.));
#69000=VECTOR('',#68990,1.);
#69010=LINE('',#68980,#69000);
#69020=CARTESIAN_POINT('',(49.0079995839305,49.795,11.075));
#69030=VERTEX_POINT('',#69020);
#69040=EDGE_CURVE('',#66750,#69030,#69010,.T.);
#69050=ORIENTED_EDGE('',*,*,#69040,.F.);
#69060=CARTESIAN_POINT('',(49.0079995839305,49.795,10.925));
#69070=DIRECTION('',(0.,0.,1.));
#69080=VECTOR('',#69070,1.);
#69090=LINE('',#69060,#69080);
#69100=CARTESIAN_POINT('',(49.0079995839305,49.795,10.925));
#69110=VERTEX_POINT('',#69100);
#69120=EDGE_CURVE('',#69110,#69030,#69090,.T.);
#69130=ORIENTED_EDGE('',*,*,#69120,.T.);
#69140=CARTESIAN_POINT('',(49.0079995839305,49.795,10.925));
#69150=DIRECTION('',(-0.324324324324291,0.945945945945957,0.));
#69160=VECTOR('',#69150,1.);
#69170=LINE('',#69140,#69160);
#69180=EDGE_CURVE('',#69110,#66510,#69170,.T.);
#69190=ORIENTED_EDGE('',*,*,#69180,.F.);
#69200=ORIENTED_EDGE('',*,*,#66520,.F.);
#69210=CARTESIAN_POINT('',(48.9599995839305,49.935,10.675));
#69220=DIRECTION('',(0.324324324324291,-0.945945945945957,0.));
#69230=VECTOR('',#69220,1.);
#69240=LINE('',#69210,#69230);
#69250=CARTESIAN_POINT('',(49.0079995839305,49.795,10.675));
#69260=VERTEX_POINT('',#69250);
#69270=EDGE_CURVE('',#66430,#69260,#69240,.T.);
#69280=ORIENTED_EDGE('',*,*,#69270,.F.);
#69290=CARTESIAN_POINT('',(49.0079995839305,49.795,10.525));
#69300=DIRECTION('',(0.,0.,1.));
#69310=VECTOR('',#69300,1.);
#69320=LINE('',#69290,#69310);
#69330=CARTESIAN_POINT('',(49.0079995839305,49.795,10.525));
#69340=VERTEX_POINT('',#69330);
#69350=EDGE_CURVE('',#69340,#69260,#69320,.T.);
#69360=ORIENTED_EDGE('',*,*,#69350,.T.);
#69370=CARTESIAN_POINT('',(49.0079995839305,49.795,10.525));
#69380=DIRECTION('',(-0.324324324324291,0.945945945945957,0.));
#69390=VECTOR('',#69380,1.);
#69400=LINE('',#69370,#69390);
#69410=EDGE_CURVE('',#69340,#66190,#69400,.T.);
#69420=ORIENTED_EDGE('',*,*,#69410,.F.);
#69430=ORIENTED_EDGE('',*,*,#66200,.F.);
#69440=ORIENTED_EDGE('',*,*,#62980,.F.);
#69450=CARTESIAN_POINT('',(49.0079995839305,49.795,10.125));
#69460=DIRECTION('',(0.,0.,1.));
#69470=VECTOR('',#69460,1.);
#69480=LINE('',#69450,#69470);
#69490=EDGE_CURVE('',#63590,#62890,#69480,.T.);
#69500=ORIENTED_EDGE('',*,*,#69490,.T.);
#69510=ORIENTED_EDGE('',*,*,#63620,.F.);
#69520=ORIENTED_EDGE('',*,*,#66040,.F.);
#69530=ORIENTED_EDGE('',*,*,#27370,.F.);
#69540=ORIENTED_EDGE('',*,*,#55500,.F.);
#69550=CARTESIAN_POINT('',(49.0799995839305,49.585,15.5));
#69560=DIRECTION('',(0.,0.,-1.));
#69570=VECTOR('',#69560,1.);
#69580=LINE('',#69550,#69570);
#69590=EDGE_CURVE('',#56780,#55430,#69580,.T.);
#69600=ORIENTED_EDGE('',*,*,#69590,.T.);
#69610=ORIENTED_EDGE('',*,*,#56790,.F.);
#69620=ORIENTED_EDGE('',*,*,#1710,.F.);
#69630=ORIENTED_EDGE('',*,*,#65900,.T.);
#69640=CARTESIAN_POINT('',(48.9599995839305,49.935,15.075));
#69650=DIRECTION('',(0.324324324324291,-0.945945945945957,0.));
#69660=VECTOR('',#69650,1.);
#69670=LINE('',#69640,#69660);
#69680=CARTESIAN_POINT('',(49.0079995839305,49.795,15.075));
#69690=VERTEX_POINT('',#69680);
#69700=EDGE_CURVE('',#65830,#69690,#69670,.T.);
#69710=ORIENTED_EDGE('',*,*,#69700,.F.);
#69720=CARTESIAN_POINT('',(49.0079995839305,49.795,15.075));
#69730=DIRECTION('',(0.,0.,-1.));
#69740=VECTOR('',#69730,1.);
#69750=LINE('',#69720,#69740);
#69760=CARTESIAN_POINT('',(49.0079995839305,49.795,14.925));
#69770=VERTEX_POINT('',#69760);
#69780=EDGE_CURVE('',#69690,#69770,#69750,.T.);
#69790=ORIENTED_EDGE('',*,*,#69780,.F.);
#69800=CARTESIAN_POINT('',(49.0079995839305,49.795,14.925));
#69810=DIRECTION('',(-0.324324324324291,0.945945945945957,0.));
#69820=VECTOR('',#69810,1.);
#69830=LINE('',#69800,#69820);
#69840=EDGE_CURVE('',#69770,#65590,#69830,.T.);
#69850=ORIENTED_EDGE('',*,*,#69840,.F.);
#69860=ORIENTED_EDGE('',*,*,#65600,.T.);
#69870=CARTESIAN_POINT('',(48.9599995839305,49.935,14.675));
#69880=DIRECTION('',(0.324324324324291,-0.945945945945957,0.));
#69890=VECTOR('',#69880,1.);
#69900=LINE('',#69870,#69890);
#69910=CARTESIAN_POINT('',(49.0079995839305,49.795,14.675));
#69920=VERTEX_POINT('',#69910);
#69930=EDGE_CURVE('',#65510,#69920,#69900,.T.);
#69940=ORIENTED_EDGE('',*,*,#69930,.F.);
#69950=CARTESIAN_POINT('',(49.0079995839305,49.795,14.675));
#69960=DIRECTION('',(0.,0.,-1.));
#69970=VECTOR('',#69960,1.);
#69980=LINE('',#69950,#69970);
#69990=CARTESIAN_POINT('',(49.0079995839305,49.795,14.525));
#70000=VERTEX_POINT('',#69990);
#70010=EDGE_CURVE('',#69920,#70000,#69980,.T.);
#70020=ORIENTED_EDGE('',*,*,#70010,.F.);
#70030=CARTESIAN_POINT('',(49.0079995839305,49.795,14.525));
#70040=DIRECTION('',(-0.324324324324291,0.945945945945957,0.));
#70050=VECTOR('',#70040,1.);
#70060=LINE('',#70030,#70050);
#70070=EDGE_CURVE('',#70000,#65270,#70060,.T.);
#70080=ORIENTED_EDGE('',*,*,#70070,.F.);
#70090=ORIENTED_EDGE('',*,*,#65280,.T.);
#70100=CARTESIAN_POINT('',(48.9599995839305,49.935,14.275));
#70110=DIRECTION('',(0.324324324324291,-0.945945945945957,0.));
#70120=VECTOR('',#70110,1.);
#70130=LINE('',#70100,#70120);
#70140=CARTESIAN_POINT('',(49.0079995839305,49.795,14.275));
#70150=VERTEX_POINT('',#70140);
#70160=EDGE_CURVE('',#65190,#70150,#70130,.T.);
#70170=ORIENTED_EDGE('',*,*,#70160,.F.);
#70180=CARTESIAN_POINT('',(49.0079995839305,49.795,14.275));
#70190=DIRECTION('',(0.,0.,-1.));
#70200=VECTOR('',#70190,1.);
#70210=LINE('',#70180,#70200);
#70220=CARTESIAN_POINT('',(49.0079995839305,49.795,14.125));
#70230=VERTEX_POINT('',#70220);
#70240=EDGE_CURVE('',#70150,#70230,#70210,.T.);
#70250=ORIENTED_EDGE('',*,*,#70240,.F.);
#70260=CARTESIAN_POINT('',(49.0079995839305,49.795,14.125));
#70270=DIRECTION('',(-0.324324324324291,0.945945945945957,0.));
#70280=VECTOR('',#70270,1.);
#70290=LINE('',#70260,#70280);
#70300=EDGE_CURVE('',#70230,#64950,#70290,.T.);
#70310=ORIENTED_EDGE('',*,*,#70300,.F.);
#70320=ORIENTED_EDGE('',*,*,#64960,.T.);
#70330=CARTESIAN_POINT('',(48.9599995839305,49.935,13.875));
#70340=DIRECTION('',(0.324324324324291,-0.945945945945957,0.));
#70350=VECTOR('',#70340,1.);
#70360=LINE('',#70330,#70350);
#70370=CARTESIAN_POINT('',(49.0079995839305,49.795,13.875));
#70380=VERTEX_POINT('',#70370);
#70390=EDGE_CURVE('',#64870,#70380,#70360,.T.);
#70400=ORIENTED_EDGE('',*,*,#70390,.F.);
#70410=CARTESIAN_POINT('',(49.0079995839305,49.795,13.875));
#70420=DIRECTION('',(0.,0.,-1.));
#70430=VECTOR('',#70420,1.);
#70440=LINE('',#70410,#70430);
#70450=CARTESIAN_POINT('',(49.0079995839305,49.795,13.725));
#70460=VERTEX_POINT('',#70450);
#70470=EDGE_CURVE('',#70380,#70460,#70440,.T.);
#70480=ORIENTED_EDGE('',*,*,#70470,.F.);
#70490=CARTESIAN_POINT('',(49.0079995839305,49.795,13.725));
#70500=DIRECTION('',(-0.324324324324291,0.945945945945957,0.));
#70510=VECTOR('',#70500,1.);
#70520=LINE('',#70490,#70510);
#70530=EDGE_CURVE('',#70460,#64630,#70520,.T.);
#70540=ORIENTED_EDGE('',*,*,#70530,.F.);
#70550=ORIENTED_EDGE('',*,*,#64640,.T.);
#70560=CARTESIAN_POINT('',(48.9599995839305,49.935,13.475));
#70570=DIRECTION('',(0.324324324324291,-0.945945945945957,0.));
#70580=VECTOR('',#70570,1.);
#70590=LINE('',#70560,#70580);
#70600=CARTESIAN_POINT('',(49.0079995839305,49.795,13.475));
#70610=VERTEX_POINT('',#70600);
#70620=EDGE_CURVE('',#64550,#70610,#70590,.T.);
#70630=ORIENTED_EDGE('',*,*,#70620,.F.);
#70640=CARTESIAN_POINT('',(49.0079995839305,49.795,13.475));
#70650=DIRECTION('',(0.,0.,-1.));
#70660=VECTOR('',#70650,1.);
#70670=LINE('',#70640,#70660);
#70680=CARTESIAN_POINT('',(49.0079995839305,49.795,13.325));
#70690=VERTEX_POINT('',#70680);
#70700=EDGE_CURVE('',#70610,#70690,#70670,.T.);
#70710=ORIENTED_EDGE('',*,*,#70700,.F.);
#70720=CARTESIAN_POINT('',(49.0079995839305,49.795,13.325));
#70730=DIRECTION('',(-0.324324324324291,0.945945945945957,0.));
#70740=VECTOR('',#70730,1.);
#70750=LINE('',#70720,#70740);
#70760=EDGE_CURVE('',#70690,#64310,#70750,.T.);
#70770=ORIENTED_EDGE('',*,*,#70760,.F.);
#70780=ORIENTED_EDGE('',*,*,#64320,.T.);
#70790=CARTESIAN_POINT('',(48.9599995839305,49.935,13.075));
#70800=DIRECTION('',(0.324324324324291,-0.945945945945957,0.));
#70810=VECTOR('',#70800,1.);
#70820=LINE('',#70790,#70810);
#70830=CARTESIAN_POINT('',(49.0079995839305,49.795,13.075));
#70840=VERTEX_POINT('',#70830);
#70850=EDGE_CURVE('',#64230,#70840,#70820,.T.);
#70860=ORIENTED_EDGE('',*,*,#70850,.F.);
#70870=CARTESIAN_POINT('',(49.0079995839305,49.795,13.075));
#70880=DIRECTION('',(0.,0.,-1.));
#70890=VECTOR('',#70880,1.);
#70900=LINE('',#70870,#70890);
#70910=CARTESIAN_POINT('',(49.0079995839305,49.795,12.925));
#70920=VERTEX_POINT('',#70910);
#70930=EDGE_CURVE('',#70840,#70920,#70900,.T.);
#70940=ORIENTED_EDGE('',*,*,#70930,.F.);
#70950=CARTESIAN_POINT('',(49.0079995839305,49.795,12.925));
#70960=DIRECTION('',(-0.324324324324291,0.945945945945957,0.));
#70970=VECTOR('',#70960,1.);
#70980=LINE('',#70950,#70970);
#70990=EDGE_CURVE('',#70920,#64050,#70980,.T.);
#71000=ORIENTED_EDGE('',*,*,#70990,.F.);
#71010=ORIENTED_EDGE('',*,*,#68100,.T.);
#71020=CARTESIAN_POINT('',(48.9599995839305,49.935,12.675));
#71030=DIRECTION('',(0.324324324324291,-0.945945945945957,0.));
#71040=VECTOR('',#71030,1.);
#71050=LINE('',#71020,#71040);
#71060=CARTESIAN_POINT('',(49.0079995839305,49.795,12.675));
#71070=VERTEX_POINT('',#71060);
#71080=EDGE_CURVE('',#68030,#71070,#71050,.T.);
#71090=ORIENTED_EDGE('',*,*,#71080,.F.);
#71100=CARTESIAN_POINT('',(49.0079995839305,49.795,12.675));
#71110=DIRECTION('',(0.,0.,-1.));
#71120=VECTOR('',#71110,1.);
#71130=LINE('',#71100,#71120);
#71140=EDGE_CURVE('',#71070,#68250,#71130,.T.);
#71150=ORIENTED_EDGE('',*,*,#71140,.F.);
#71160=EDGE_LOOP('',(#71150,#71090,#71010,#71000,#70940,#70860,#70780,
#70770,#70710,#70630,#70550,#70540,#70480,#70400,#70320,#70310,#70250,
#70170,#70090,#70080,#70020,#69940,#69860,#69850,#69790,#69710,#69630,
#69620,#69610,#69600,#69540,#69530,#69520,#69510,#69500,#69440,#69430,
#69420,#69360,#69280,#69200,#69190,#69130,#69050,#68970,#68960,#68900,
#68820,#68740,#68730,#68670,#68590,#68510,#68500,#68440,#68360,#68280,
#68270));
#71170=FACE_OUTER_BOUND('',#71160,.T.);
#71180=ADVANCED_FACE('',(#71170),#68190,.F.);
#71190=CARTESIAN_POINT('',(49.59,49.795,12.525));
#71200=DIRECTION('',(-1.73472347597681E-16,-1.,-0.));
#71210=DIRECTION('',(1.,-1.73472347597681E-16,0.));
#71220=AXIS2_PLACEMENT_3D('',#71190,#71200,#71210);
#71230=PLANE('',#71220);
#71240=ORIENTED_EDGE('',*,*,#71140,.T.);
#71250=CARTESIAN_POINT('',(49.38,49.795,12.675));
#71260=DIRECTION('',(-1.,0.,0.));
#71270=VECTOR('',#71260,1.);
#71280=LINE('',#71250,#71270);
#71290=CARTESIAN_POINT('',(49.38,49.795,12.675));
#71300=VERTEX_POINT('',#71290);
#71310=EDGE_CURVE('',#71300,#71070,#71280,.T.);
#71320=ORIENTED_EDGE('',*,*,#71310,.T.);
#71330=CARTESIAN_POINT('',(49.38,49.795,12.525));
#71340=DIRECTION('',(0.,0.,1.));
#71350=VECTOR('',#71340,1.);
#71360=LINE('',#71330,#71350);
#71370=CARTESIAN_POINT('',(49.38,49.795,12.525));
#71380=VERTEX_POINT('',#71370);
#71390=EDGE_CURVE('',#71380,#71300,#71360,.T.);
#71400=ORIENTED_EDGE('',*,*,#71390,.T.);
#71410=CARTESIAN_POINT('',(49.38,49.795,12.525));
#71420=DIRECTION('',(-1.,0.,0.));
#71430=VECTOR('',#71420,1.);
#71440=LINE('',#71410,#71430);
#71450=EDGE_CURVE('',#71380,#68250,#71440,.T.);
#71460=ORIENTED_EDGE('',*,*,#71450,.F.);
#71470=EDGE_LOOP('',(#71460,#71400,#71320,#71240));
#71480=FACE_OUTER_BOUND('',#71470,.T.);
#71490=ADVANCED_FACE('',(#71480),#71230,.T.);
#71500=CARTESIAN_POINT('',(48.0687715809733,49.745,12.525));
#71510=DIRECTION('',(-0.,-0.,1.));
#71520=DIRECTION('',(1.,0.,-0.));
#71530=AXIS2_PLACEMENT_3D('',#71500,#71510,#71520);
#71540=PLANE('',#71530);
#71550=ORIENTED_EDGE('',*,*,#68260,.T.);
#71560=ORIENTED_EDGE('',*,*,#71450,.T.);
#71570=CARTESIAN_POINT('',(49.44,49.795,12.525));
#71580=DIRECTION('',(-1.,0.,0.));
#71590=VECTOR('',#71580,1.);
#71600=LINE('',#71570,#71590);
#71610=CARTESIAN_POINT('',(49.44,49.795,12.525));
#71620=VERTEX_POINT('',#71610);
#71630=EDGE_CURVE('',#71620,#71380,#71600,.T.);
#71640=ORIENTED_EDGE('',*,*,#71630,.T.);
#71650=CARTESIAN_POINT('',(49.44,49.795,12.525));
#71660=DIRECTION('',(0.,1.,0.));
#71670=VECTOR('',#71660,1.);
#71680=LINE('',#71650,#71670);
#71690=CARTESIAN_POINT('',(49.44,49.8908565314309,12.525));
#71700=VERTEX_POINT('',#71690);
#71710=EDGE_CURVE('',#71620,#71700,#71680,.T.);
#71720=ORIENTED_EDGE('',*,*,#71710,.F.);
#71730=CARTESIAN_POINT('',(49.42,49.895,12.525));
#71740=DIRECTION('',(0.979206593891497,-0.202865587223197,0.));
#71750=VECTOR('',#71740,1.);
#71760=LINE('',#71730,#71750);
#71770=CARTESIAN_POINT('',(49.42,49.895,12.525));
#71780=VERTEX_POINT('',#71770);
#71790=EDGE_CURVE('',#71780,#71700,#71760,.T.);
#71800=ORIENTED_EDGE('',*,*,#71790,.T.);
#71810=CARTESIAN_POINT('',(49.38,49.935,12.525));
#71820=DIRECTION('',(0.707106781186548,-0.707106781186548,0.));
#71830=VECTOR('',#71820,1.);
#71840=LINE('',#71810,#71830);
#71850=EDGE_CURVE('',#67870,#71780,#71840,.T.);
#71860=ORIENTED_EDGE('',*,*,#71850,.T.);
#71870=ORIENTED_EDGE('',*,*,#67880,.T.);
#71880=EDGE_LOOP('',(#71870,#71860,#71800,#71720,#71640,#71560,#71550));
#71890=FACE_OUTER_BOUND('',#71880,.T.);
#71900=ADVANCED_FACE('',(#71890),#71540,.F.);
#71910=CARTESIAN_POINT('',(49.67,49.795,12.6));
#71920=DIRECTION('',(8.16340459283203E-17,-1.,-0.));
#71930=DIRECTION('',(1.,8.16340459283203E-17,0.));
#71940=AXIS2_PLACEMENT_3D('',#71910,#71920,#71930);
#71950=PLANE('',#71940);
#71960=ORIENTED_EDGE('',*,*,#71630,.F.);
#71970=CARTESIAN_POINT('',(49.38,49.795,12.525));
#71980=DIRECTION('',(0.,0.,-1.));
#71990=VECTOR('',#71980,1.);
#72000=LINE('',#71970,#71990);
#72010=CARTESIAN_POINT('',(49.38,49.795,12.5125));
#72020=VERTEX_POINT('',#72010);
#72030=EDGE_CURVE('',#71380,#72020,#72000,.T.);
#72040=ORIENTED_EDGE('',*,*,#72030,.F.);
#72050=CARTESIAN_POINT('',(49.38,49.795,12.5125));
#72060=DIRECTION('',(1.,0.,0.));
#72070=VECTOR('',#72060,1.);
#72080=LINE('',#72050,#72070);
#72090=CARTESIAN_POINT('',(49.44,49.795,12.5125));
#72100=VERTEX_POINT('',#72090);
#72110=EDGE_CURVE('',#72020,#72100,#72080,.T.);
#72120=ORIENTED_EDGE('',*,*,#72110,.F.);
#72130=CARTESIAN_POINT('',(49.44,49.795,12.525));
#72140=DIRECTION('',(0.,0.,-1.));
#72150=VECTOR('',#72140,1.);
#72160=LINE('',#72130,#72150);
#72170=EDGE_CURVE('',#71620,#72100,#72160,.T.);
#72180=ORIENTED_EDGE('',*,*,#72170,.T.);
#72190=EDGE_LOOP('',(#72180,#72120,#72040,#71960));
#72200=FACE_OUTER_BOUND('',#72190,.T.);
#72210=ADVANCED_FACE('',(#72200),#71950,.F.);
#72220=CARTESIAN_POINT('',(49.44,49.855,12.6));
#72230=DIRECTION('',(1.,-0.,-0.));
#72240=DIRECTION('',(-0.,1.,0.));
#72250=AXIS2_PLACEMENT_3D('',#72220,#72230,#72240);
#72260=PLANE('',#72250);
#72270=ORIENTED_EDGE('',*,*,#71710,.T.);
#72280=ORIENTED_EDGE('',*,*,#72170,.F.);
#72290=CARTESIAN_POINT('',(49.44,49.795,12.5125));
#72300=DIRECTION('',(0.,1.,0.));
#72310=VECTOR('',#72300,1.);
#72320=LINE('',#72290,#72310);
#72330=EDGE_CURVE('',#72100,#31840,#72320,.T.);
#72340=ORIENTED_EDGE('',*,*,#72330,.F.);
#72350=ORIENTED_EDGE('',*,*,#31850,.F.);
#72360=CARTESIAN_POINT('',(49.44,49.795,12.6875));
#72370=DIRECTION('',(0.,1.,0.));
#72380=VECTOR('',#72370,1.);
#72390=LINE('',#72360,#72380);
#72400=CARTESIAN_POINT('',(49.44,49.795,12.6875));
#72410=VERTEX_POINT('',#72400);
#72420=EDGE_CURVE('',#72410,#31760,#72390,.T.);
#72430=ORIENTED_EDGE('',*,*,#72420,.T.);
#72440=CARTESIAN_POINT('',(49.44,49.795,12.675));
#72450=DIRECTION('',(0.,0.,1.));
#72460=VECTOR('',#72450,1.);
#72470=LINE('',#72440,#72460);
#72480=CARTESIAN_POINT('',(49.44,49.795,12.675));
#72490=VERTEX_POINT('',#72480);
#72500=EDGE_CURVE('',#72490,#72410,#72470,.T.);
#72510=ORIENTED_EDGE('',*,*,#72500,.T.);
#72520=CARTESIAN_POINT('',(49.44,49.795,12.675));
#72530=DIRECTION('',(0.,1.,0.));
#72540=VECTOR('',#72530,1.);
#72550=LINE('',#72520,#72540);
#72560=CARTESIAN_POINT('',(49.44,49.8908565314309,12.675));
#72570=VERTEX_POINT('',#72560);
#72580=EDGE_CURVE('',#72490,#72570,#72550,.T.);
#72590=ORIENTED_EDGE('',*,*,#72580,.F.);
#72600=CARTESIAN_POINT('',(49.44,49.8908565314309,12.525));
#72610=DIRECTION('',(0.,0.,1.));
#72620=VECTOR('',#72610,1.);
#72630=LINE('',#72600,#72620);
#72640=EDGE_CURVE('',#71700,#72570,#72630,.T.);
#72650=ORIENTED_EDGE('',*,*,#72640,.T.);
#72660=EDGE_LOOP('',(#72650,#72590,#72510,#72430,#72350,#72340,#72280,
#72270));
#72670=FACE_OUTER_BOUND('',#72660,.T.);
#72680=ADVANCED_FACE('',(#72670),#72260,.F.);
#72690=CARTESIAN_POINT('',(49.42,49.895,12.525));
#72700=DIRECTION('',(0.202865587223184,0.9792065938915,-0.));
#72710=DIRECTION('',(-0.9792065938915,0.202865587223184,0.));
#72720=AXIS2_PLACEMENT_3D('',#72690,#72700,#72710);
#72730=PLANE('',#72720);
#72740=ORIENTED_EDGE('',*,*,#72640,.F.);
#72750=CARTESIAN_POINT('',(49.44,49.8908565314309,12.675));
#72760=DIRECTION('',(-0.979206593891497,0.202865587223197,0.));
#72770=VECTOR('',#72760,1.);
#72780=LINE('',#72750,#72770);
#72790=CARTESIAN_POINT('',(49.42,49.895,12.675));
#72800=VERTEX_POINT('',#72790);
#72810=EDGE_CURVE('',#72570,#72800,#72780,.T.);
#72820=ORIENTED_EDGE('',*,*,#72810,.F.);
#72830=CARTESIAN_POINT('',(49.42,49.895,12.675));
#72840=DIRECTION('',(0.,0.,-1.));
#72850=VECTOR('',#72840,1.);
#72860=LINE('',#72830,#72850);
#72870=EDGE_CURVE('',#72800,#71780,#72860,.T.);
#72880=ORIENTED_EDGE('',*,*,#72870,.F.);
#72890=ORIENTED_EDGE('',*,*,#71790,.F.);
#72900=EDGE_LOOP('',(#72890,#72880,#72820,#72740));
#72910=FACE_OUTER_BOUND('',#72900,.T.);
#72920=ADVANCED_FACE('',(#72910),#72730,.T.);
#72930=CARTESIAN_POINT('',(48.0687715809733,49.745,12.675));
#72940=DIRECTION('',(-0.,-0.,1.));
#72950=DIRECTION('',(1.,0.,-0.));
#72960=AXIS2_PLACEMENT_3D('',#72930,#72940,#72950);
#72970=PLANE('',#72960);
#72980=ORIENTED_EDGE('',*,*,#68040,.F.);
#72990=CARTESIAN_POINT('',(49.42,49.895,12.675));
#73000=DIRECTION('',(-0.707106781186548,0.707106781186548,0.));
#73010=VECTOR('',#73000,1.);
#73020=LINE('',#72990,#73010);
#73030=EDGE_CURVE('',#72800,#67950,#73020,.T.);
#73040=ORIENTED_EDGE('',*,*,#73030,.T.);
#73050=ORIENTED_EDGE('',*,*,#72810,.T.);
#73060=ORIENTED_EDGE('',*,*,#72580,.T.);
#73070=CARTESIAN_POINT('',(49.44,49.795,12.675));
#73080=DIRECTION('',(-1.,0.,0.));
#73090=VECTOR('',#73080,1.);
#73100=LINE('',#73070,#73090);
#73110=EDGE_CURVE('',#72490,#71300,#73100,.T.);
#73120=ORIENTED_EDGE('',*,*,#73110,.F.);
#73130=ORIENTED_EDGE('',*,*,#71310,.F.);
#73140=ORIENTED_EDGE('',*,*,#71080,.T.);
#73150=EDGE_LOOP('',(#73140,#73130,#73120,#73060,#73050,#73040,#72980));
#73160=FACE_OUTER_BOUND('',#73150,.T.);
#73170=ADVANCED_FACE('',(#73160),#72970,.T.);
#73180=CARTESIAN_POINT('',(49.38,49.935,12.675));
#73190=DIRECTION('',(-0.707106781186548,-0.707106781186548,-0.));
#73200=DIRECTION('',(-0.707106781186548,0.707106781186548,0.));
#73210=AXIS2_PLACEMENT_3D('',#73180,#73190,#73200);
#73220=PLANE('',#73210);
#73230=ORIENTED_EDGE('',*,*,#73030,.F.);
#73240=ORIENTED_EDGE('',*,*,#67960,.T.);
#73250=ORIENTED_EDGE('',*,*,#71850,.F.);
#73260=ORIENTED_EDGE('',*,*,#72870,.T.);
#73270=EDGE_LOOP('',(#73260,#73250,#73240,#73230));
#73280=FACE_OUTER_BOUND('',#73270,.T.);
#73290=ADVANCED_FACE('',(#73280),#73220,.F.);
#73300=CARTESIAN_POINT('',(49.67,49.795,12.6));
#73310=DIRECTION('',(-8.16340459283203E-17,1.,-0.));
#73320=DIRECTION('',(1.,8.16340459283203E-17,0.));
#73330=AXIS2_PLACEMENT_3D('',#73300,#73310,#73320);
#73340=PLANE('',#73330);
#73350=ORIENTED_EDGE('',*,*,#72500,.F.);
#73360=CARTESIAN_POINT('',(49.38,49.795,12.6875));
#73370=DIRECTION('',(1.,0.,0.));
#73380=VECTOR('',#73370,1.);
#73390=LINE('',#73360,#73380);
#73400=CARTESIAN_POINT('',(49.38,49.795,12.6875));
#73410=VERTEX_POINT('',#73400);
#73420=EDGE_CURVE('',#73410,#72410,#73390,.T.);
#73430=ORIENTED_EDGE('',*,*,#73420,.T.);
#73440=CARTESIAN_POINT('',(49.38,49.795,12.675));
#73450=DIRECTION('',(0.,0.,1.));
#73460=VECTOR('',#73450,1.);
#73470=LINE('',#73440,#73460);
#73480=EDGE_CURVE('',#71300,#73410,#73470,.T.);
#73490=ORIENTED_EDGE('',*,*,#73480,.T.);
#73500=ORIENTED_EDGE('',*,*,#73110,.T.);
#73510=EDGE_LOOP('',(#73500,#73490,#73430,#73350));
#73520=FACE_OUTER_BOUND('',#73510,.T.);
#73530=ADVANCED_FACE('',(#73520),#73340,.T.);
#73540=CARTESIAN_POINT('',(48.2,49.675,12.6875));
#73550=DIRECTION('',(-0.,-0.,1.));
#73560=DIRECTION('',(1.,0.,-0.));
#73570=AXIS2_PLACEMENT_3D('',#73540,#73550,#73560);
#73580=PLANE('',#73570);
#73590=CARTESIAN_POINT('',(49.38,49.795,12.6875));
#73600=DIRECTION('',(0.,1.,0.));
#73610=VECTOR('',#73600,1.);
#73620=LINE('',#73590,#73610);
#73630=EDGE_CURVE('',#73410,#31680,#73620,.T.);
#73640=ORIENTED_EDGE('',*,*,#73630,.T.);
#73650=ORIENTED_EDGE('',*,*,#73420,.F.);
#73660=ORIENTED_EDGE('',*,*,#72420,.F.);
#73670=ORIENTED_EDGE('',*,*,#31770,.F.);
#73680=EDGE_LOOP('',(#73670,#73660,#73650,#73640));
#73690=FACE_OUTER_BOUND('',#73680,.T.);
#73700=ADVANCED_FACE('',(#73690),#73580,.F.);
#73710=CARTESIAN_POINT('',(49.355,49.88,12.7125));
#73720=DIRECTION('',(0.707106781186547,-0.,0.707106781186548));
#73730=DIRECTION('',(-0.707106781186548,0.,0.707106781186547));
#73740=AXIS2_PLACEMENT_3D('',#73710,#73720,#73730);
#73750=PLANE('',#73740);
#73760=ORIENTED_EDGE('',*,*,#73630,.F.);
#73770=ORIENTED_EDGE('',*,*,#31690,.F.);
#73780=ORIENTED_EDGE('',*,*,#59360,.T.);
#73790=CARTESIAN_POINT('',(49.33,49.745,12.7375));
#73800=DIRECTION('',(0.577350269189687,0.577350269189523,
-0.577350269189667));
#73810=VECTOR('',#73800,1.);
#73820=LINE('',#73790,#73810);
#73830=EDGE_CURVE('',#59290,#73410,#73820,.T.);
#73840=ORIENTED_EDGE('',*,*,#73830,.F.);
#73850=EDGE_LOOP('',(#73840,#73780,#73770,#73760));
#73860=FACE_OUTER_BOUND('',#73850,.T.);
#73870=ADVANCED_FACE('',(#73860),#73750,.F.);
#73880=CARTESIAN_POINT('',(49.355,49.77,12.6));
#73890=DIRECTION('',(0.707106781186547,-0.707106781186548,-0.));
#73900=DIRECTION('',(-0.707106781186548,-0.707106781186547,0.));
#73910=AXIS2_PLACEMENT_3D('',#73880,#73890,#73900);
#73920=PLANE('',#73910);
#73930=CARTESIAN_POINT('',(49.33,49.745,12.4625));
#73940=DIRECTION('',(0.577350269189667,0.577350269189585,
0.577350269189626));
#73950=VECTOR('',#73940,1.);
#73960=LINE('',#73930,#73950);
#73970=EDGE_CURVE('',#59210,#72020,#73960,.T.);
#73980=ORIENTED_EDGE('',*,*,#73970,.F.);
#73990=ORIENTED_EDGE('',*,*,#72030,.T.);
#74000=ORIENTED_EDGE('',*,*,#71390,.F.);
#74010=ORIENTED_EDGE('',*,*,#73480,.F.);
#74020=ORIENTED_EDGE('',*,*,#73830,.T.);
#74030=ORIENTED_EDGE('',*,*,#59300,.F.);
#74040=EDGE_LOOP('',(#74030,#74020,#74010,#74000,#73990,#73980));
#74050=FACE_OUTER_BOUND('',#74040,.T.);
#74060=ADVANCED_FACE('',(#74050),#73920,.F.);
#74070=CARTESIAN_POINT('',(49.355,49.88,12.4875));
#74080=DIRECTION('',(-0.707106781186547,-0.,0.707106781186548));
#74090=DIRECTION('',(-0.707106781186548,0.,-0.707106781186547));
#74100=AXIS2_PLACEMENT_3D('',#74070,#74080,#74090);
#74110=PLANE('',#74100);
#74120=ORIENTED_EDGE('',*,*,#73970,.T.);
#74130=ORIENTED_EDGE('',*,*,#59220,.F.);
#74140=ORIENTED_EDGE('',*,*,#32010,.F.);
#74150=CARTESIAN_POINT('',(49.38,49.795,12.5125));
#74160=DIRECTION('',(0.,1.,0.));
#74170=VECTOR('',#74160,1.);
#74180=LINE('',#74150,#74170);
#74190=EDGE_CURVE('',#72020,#31920,#74180,.T.);
#74200=ORIENTED_EDGE('',*,*,#74190,.T.);
#74210=EDGE_LOOP('',(#74200,#74140,#74130,#74120));
#74220=FACE_OUTER_BOUND('',#74210,.T.);
#74230=ADVANCED_FACE('',(#74220),#74110,.T.);
#74240=CARTESIAN_POINT('',(48.2,49.675,12.5125));
#74250=DIRECTION('',(-0.,-0.,1.));
#74260=DIRECTION('',(1.,0.,-0.));
#74270=AXIS2_PLACEMENT_3D('',#74240,#74250,#74260);
#74280=PLANE('',#74270);
#74290=ORIENTED_EDGE('',*,*,#31930,.T.);
#74300=ORIENTED_EDGE('',*,*,#72330,.T.);
#74310=ORIENTED_EDGE('',*,*,#72110,.T.);
#74320=ORIENTED_EDGE('',*,*,#74190,.F.);
#74330=EDGE_LOOP('',(#74320,#74310,#74300,#74290));
#74340=FACE_OUTER_BOUND('',#74330,.T.);
#74350=ADVANCED_FACE('',(#74340),#74280,.T.);
#74360=CARTESIAN_POINT('',(48.0687715809733,49.745,12.275));
#74370=DIRECTION('',(-0.,-0.,1.));
#74380=DIRECTION('',(1.,0.,-0.));
#74390=AXIS2_PLACEMENT_3D('',#74360,#74370,#74380);
#74400=PLANE('',#74390);
#74410=CARTESIAN_POINT('',(49.44,49.795,12.275));
#74420=DIRECTION('',(0.,1.,0.));
#74430=VECTOR('',#74420,1.);
#74440=LINE('',#74410,#74430);
#74450=CARTESIAN_POINT('',(49.44,49.795,12.275));
#74460=VERTEX_POINT('',#74450);
#74470=CARTESIAN_POINT('',(49.44,49.8908565314309,12.275));
#74480=VERTEX_POINT('',#74470);
#74490=EDGE_CURVE('',#74460,#74480,#74440,.T.);
#74500=ORIENTED_EDGE('',*,*,#74490,.T.);
#74510=CARTESIAN_POINT('',(49.38,49.795,12.275));
#74520=DIRECTION('',(1.,0.,0.));
#74530=VECTOR('',#74520,1.);
#74540=LINE('',#74510,#74530);
#74550=CARTESIAN_POINT('',(49.38,49.795,12.275));
#74560=VERTEX_POINT('',#74550);
#74570=EDGE_CURVE('',#74560,#74460,#74540,.T.);
#74580=ORIENTED_EDGE('',*,*,#74570,.T.);
#74590=CARTESIAN_POINT('',(49.38,49.795,12.275));
#74600=DIRECTION('',(-1.,0.,0.));
#74610=VECTOR('',#74600,1.);
#74620=LINE('',#74590,#74610);
#74630=EDGE_CURVE('',#74560,#68340,#74620,.T.);
#74640=ORIENTED_EDGE('',*,*,#74630,.F.);
#74650=ORIENTED_EDGE('',*,*,#68350,.T.);
#74660=ORIENTED_EDGE('',*,*,#67720,.F.);
#74670=CARTESIAN_POINT('',(49.42,49.895,12.275));
#74680=DIRECTION('',(-0.707106781186548,0.707106781186548,0.));
#74690=VECTOR('',#74680,1.);
#74700=LINE('',#74670,#74690);
#74710=CARTESIAN_POINT('',(49.42,49.895,12.275));
#74720=VERTEX_POINT('',#74710);
#74730=EDGE_CURVE('',#74720,#67630,#74700,.T.);
#74740=ORIENTED_EDGE('',*,*,#74730,.T.);
#74750=CARTESIAN_POINT('',(49.44,49.8908565314309,12.275));
#74760=DIRECTION('',(-0.979206593891497,0.202865587223197,0.));
#74770=VECTOR('',#74760,1.);
#74780=LINE('',#74750,#74770);
#74790=EDGE_CURVE('',#74480,#74720,#74780,.T.);
#74800=ORIENTED_EDGE('',*,*,#74790,.T.);
#74810=EDGE_LOOP('',(#74800,#74740,#74660,#74650,#74640,#74580,#74500));
#74820=FACE_OUTER_BOUND('',#74810,.T.);
#74830=ADVANCED_FACE('',(#74820),#74400,.T.);
#74840=CARTESIAN_POINT('',(49.42,49.895,12.125));
#74850=DIRECTION('',(0.202865587223184,0.9792065938915,-0.));
#74860=DIRECTION('',(-0.9792065938915,0.202865587223184,0.));
#74870=AXIS2_PLACEMENT_3D('',#74840,#74850,#74860);
#74880=PLANE('',#74870);
#74890=CARTESIAN_POINT('',(49.44,49.8908565314309,12.275));
#74900=DIRECTION('',(0.,0.,-1.));
#74910=VECTOR('',#74900,1.);
#74920=LINE('',#74890,#74910);
#74930=CARTESIAN_POINT('',(49.44,49.8908565314309,12.125));
#74940=VERTEX_POINT('',#74930);
#74950=EDGE_CURVE('',#74480,#74940,#74920,.T.);
#74960=ORIENTED_EDGE('',*,*,#74950,.T.);
#74970=ORIENTED_EDGE('',*,*,#74790,.F.);
#74980=CARTESIAN_POINT('',(49.42,49.895,12.275));
#74990=DIRECTION('',(0.,0.,-1.));
#75000=VECTOR('',#74990,1.);
#75010=LINE('',#74980,#75000);
#75020=CARTESIAN_POINT('',(49.42,49.895,12.125));
#75030=VERTEX_POINT('',#75020);
#75040=EDGE_CURVE('',#74720,#75030,#75010,.T.);
#75050=ORIENTED_EDGE('',*,*,#75040,.F.);
#75060=CARTESIAN_POINT('',(49.42,49.895,12.125));
#75070=DIRECTION('',(0.979206593891497,-0.202865587223197,0.));
#75080=VECTOR('',#75070,1.);
#75090=LINE('',#75060,#75080);
#75100=EDGE_CURVE('',#75030,#74940,#75090,.T.);
#75110=ORIENTED_EDGE('',*,*,#75100,.F.);
#75120=EDGE_LOOP('',(#75110,#75050,#74970,#74960));
#75130=FACE_OUTER_BOUND('',#75120,.T.);
#75140=ADVANCED_FACE('',(#75130),#74880,.T.);
#75150=CARTESIAN_POINT('',(48.0687715809733,49.745,12.125));
#75160=DIRECTION('',(-0.,-0.,1.));
#75170=DIRECTION('',(1.,0.,-0.));
#75180=AXIS2_PLACEMENT_3D('',#75150,#75160,#75170);
#75190=PLANE('',#75180);
#75200=CARTESIAN_POINT('',(49.44,49.795,12.125));
#75210=DIRECTION('',(0.,1.,0.));
#75220=VECTOR('',#75210,1.);
#75230=LINE('',#75200,#75220);
#75240=CARTESIAN_POINT('',(49.44,49.795,12.125));
#75250=VERTEX_POINT('',#75240);
#75260=EDGE_CURVE('',#75250,#74940,#75230,.T.);
#75270=ORIENTED_EDGE('',*,*,#75260,.F.);
#75280=ORIENTED_EDGE('',*,*,#75100,.T.);
#75290=CARTESIAN_POINT('',(49.38,49.935,12.125));
#75300=DIRECTION('',(0.707106781186548,-0.707106781186548,0.));
#75310=VECTOR('',#75300,1.);
#75320=LINE('',#75290,#75310);
#75330=EDGE_CURVE('',#67550,#75030,#75320,.T.);
#75340=ORIENTED_EDGE('',*,*,#75330,.T.);
#75350=ORIENTED_EDGE('',*,*,#67560,.T.);
#75360=ORIENTED_EDGE('',*,*,#68490,.T.);
#75370=CARTESIAN_POINT('',(49.38,49.795,12.125));
#75380=DIRECTION('',(-1.,0.,0.));
#75390=VECTOR('',#75380,1.);
#75400=LINE('',#75370,#75390);
#75410=CARTESIAN_POINT('',(49.38,49.795,12.125));
#75420=VERTEX_POINT('',#75410);
#75430=EDGE_CURVE('',#75420,#68420,#75400,.T.);
#75440=ORIENTED_EDGE('',*,*,#75430,.T.);
#75450=CARTESIAN_POINT('',(49.38,49.795,12.125));
#75460=DIRECTION('',(1.,0.,0.));
#75470=VECTOR('',#75460,1.);
#75480=LINE('',#75450,#75470);
#75490=EDGE_CURVE('',#75420,#75250,#75480,.T.);
#75500=ORIENTED_EDGE('',*,*,#75490,.F.);
#75510=EDGE_LOOP('',(#75500,#75440,#75360,#75350,#75340,#75280,#75270));
#75520=FACE_OUTER_BOUND('',#75510,.T.);
#75530=ADVANCED_FACE('',(#75520),#75190,.F.);
#75540=CARTESIAN_POINT('',(49.67,49.795,12.2));
#75550=DIRECTION('',(-8.16340459283203E-17,1.,-0.));
#75560=DIRECTION('',(1.,8.16340459283203E-17,0.));
#75570=AXIS2_PLACEMENT_3D('',#75540,#75550,#75560);
#75580=PLANE('',#75570);
#75590=ORIENTED_EDGE('',*,*,#75490,.T.);
#75600=CARTESIAN_POINT('',(49.38,49.795,12.125));
#75610=DIRECTION('',(0.,0.,-1.));
#75620=VECTOR('',#75610,1.);
#75630=LINE('',#75600,#75620);
#75640=CARTESIAN_POINT('',(49.38,49.795,12.1125));
#75650=VERTEX_POINT('',#75640);
#75660=EDGE_CURVE('',#75420,#75650,#75630,.T.);
#75670=ORIENTED_EDGE('',*,*,#75660,.F.);
#75680=CARTESIAN_POINT('',(49.38,49.795,12.1125));
#75690=DIRECTION('',(1.,0.,0.));
#75700=VECTOR('',#75690,1.);
#75710=LINE('',#75680,#75700);
#75720=CARTESIAN_POINT('',(49.44,49.795,12.1125));
#75730=VERTEX_POINT('',#75720);
#75740=EDGE_CURVE('',#75650,#75730,#75710,.T.);
#75750=ORIENTED_EDGE('',*,*,#75740,.F.);
#75760=CARTESIAN_POINT('',(49.44,49.795,12.125));
#75770=DIRECTION('',(0.,0.,-1.));
#75780=VECTOR('',#75770,1.);
#75790=LINE('',#75760,#75780);
#75800=EDGE_CURVE('',#75250,#75730,#75790,.T.);
#75810=ORIENTED_EDGE('',*,*,#75800,.T.);
#75820=EDGE_LOOP('',(#75810,#75750,#75670,#75590));
#75830=FACE_OUTER_BOUND('',#75820,.T.);
#75840=ADVANCED_FACE('',(#75830),#75580,.T.);
#75850=CARTESIAN_POINT('',(49.44,49.855,12.2));
#75860=DIRECTION('',(-1.,-0.,-0.));
#75870=DIRECTION('',(0.,1.,0.));
#75880=AXIS2_PLACEMENT_3D('',#75850,#75860,#75870);
#75890=PLANE('',#75880);
#75900=CARTESIAN_POINT('',(49.44,49.795,12.2875));
#75910=DIRECTION('',(0.,0.,-1.));
#75920=VECTOR('',#75910,1.);
#75930=LINE('',#75900,#75920);
#75940=CARTESIAN_POINT('',(49.44,49.795,12.2875));
#75950=VERTEX_POINT('',#75940);
#75960=EDGE_CURVE('',#75950,#74460,#75930,.T.);
#75970=ORIENTED_EDGE('',*,*,#75960,.F.);
#75980=ORIENTED_EDGE('',*,*,#74490,.F.);
#75990=ORIENTED_EDGE('',*,*,#74950,.F.);
#76000=ORIENTED_EDGE('',*,*,#75260,.T.);
#76010=ORIENTED_EDGE('',*,*,#75800,.F.);
#76020=CARTESIAN_POINT('',(49.44,49.795,12.1125));
#76030=DIRECTION('',(0.,1.,0.));
#76040=VECTOR('',#76030,1.);
#76050=LINE('',#76020,#76040);
#76060=EDGE_CURVE('',#75730,#32320,#76050,.T.);
#76070=ORIENTED_EDGE('',*,*,#76060,.F.);
#76080=ORIENTED_EDGE('',*,*,#32330,.F.);
#76090=CARTESIAN_POINT('',(49.44,49.795,12.2875));
#76100=DIRECTION('',(0.,1.,0.));
#76110=VECTOR('',#76100,1.);
#76120=LINE('',#76090,#76110);
#76130=EDGE_CURVE('',#75950,#32240,#76120,.T.);
#76140=ORIENTED_EDGE('',*,*,#76130,.T.);
#76150=EDGE_LOOP('',(#76140,#76080,#76070,#76010,#76000,#75990,#75980,
#75970));
#76160=FACE_OUTER_BOUND('',#76150,.T.);
#76170=ADVANCED_FACE('',(#76160),#75890,.T.);
#76180=CARTESIAN_POINT('',(48.2,49.675,12.2875));
#76190=DIRECTION('',(-0.,-0.,1.));
#76200=DIRECTION('',(1.,0.,-0.));
#76210=AXIS2_PLACEMENT_3D('',#76180,#76190,#76200);
#76220=PLANE('',#76210);
#76230=CARTESIAN_POINT('',(49.38,49.795,12.2875));
#76240=DIRECTION('',(1.,0.,0.));
#76250=VECTOR('',#76240,1.);
#76260=LINE('',#76230,#76250);
#76270=CARTESIAN_POINT('',(49.38,49.795,12.2875));
#76280=VERTEX_POINT('',#76270);
#76290=EDGE_CURVE('',#76280,#75950,#76260,.T.);
#76300=ORIENTED_EDGE('',*,*,#76290,.F.);
#76310=ORIENTED_EDGE('',*,*,#76130,.F.);
#76320=ORIENTED_EDGE('',*,*,#32250,.F.);
#76330=CARTESIAN_POINT('',(49.38,49.795,12.2875));
#76340=DIRECTION('',(0.,1.,0.));
#76350=VECTOR('',#76340,1.);
#76360=LINE('',#76330,#76350);
#76370=EDGE_CURVE('',#76280,#32160,#76360,.T.);
#76380=ORIENTED_EDGE('',*,*,#76370,.T.);
#76390=EDGE_LOOP('',(#76380,#76320,#76310,#76300));
#76400=FACE_OUTER_BOUND('',#76390,.T.);
#76410=ADVANCED_FACE('',(#76400),#76220,.F.);
#76420=CARTESIAN_POINT('',(49.355,49.88,12.3125));
#76430=DIRECTION('',(0.707106781186547,-0.,0.707106781186548));
#76440=DIRECTION('',(-0.707106781186548,0.,0.707106781186547));
#76450=AXIS2_PLACEMENT_3D('',#76420,#76430,#76440);
#76460=PLANE('',#76450);
#76470=ORIENTED_EDGE('',*,*,#32170,.F.);
#76480=ORIENTED_EDGE('',*,*,#59130,.T.);
#76490=CARTESIAN_POINT('',(49.38,49.795,12.2875));
#76500=DIRECTION('',(-0.577350269189667,-0.577350269189585,
0.577350269189626));
#76510=VECTOR('',#76500,1.);
#76520=LINE('',#76490,#76510);
#76530=EDGE_CURVE('',#76280,#59060,#76520,.T.);
#76540=ORIENTED_EDGE('',*,*,#76530,.T.);
#76550=ORIENTED_EDGE('',*,*,#76370,.F.);
#76560=EDGE_LOOP('',(#76550,#76540,#76480,#76470));
#76570=FACE_OUTER_BOUND('',#76560,.T.);
#76580=ADVANCED_FACE('',(#76570),#76460,.F.);
#76590=CARTESIAN_POINT('',(49.355,49.77,12.2));
#76600=DIRECTION('',(-0.707106781186547,0.707106781186548,-0.));
#76610=DIRECTION('',(-0.707106781186548,-0.707106781186547,0.));
#76620=AXIS2_PLACEMENT_3D('',#76590,#76600,#76610);
#76630=PLANE('',#76620);
#76640=ORIENTED_EDGE('',*,*,#59070,.F.);
#76650=CARTESIAN_POINT('',(49.33,49.745,12.0625));
#76660=DIRECTION('',(0.577350269189653,0.577350269189571,
0.577350269189653));
#76670=VECTOR('',#76660,1.);
#76680=LINE('',#76650,#76670);
#76690=EDGE_CURVE('',#58980,#75650,#76680,.T.);
#76700=ORIENTED_EDGE('',*,*,#76690,.F.);
#76710=ORIENTED_EDGE('',*,*,#75660,.T.);
#76720=CARTESIAN_POINT('',(49.38,49.795,12.125));
#76730=DIRECTION('',(0.,0.,1.));
#76740=VECTOR('',#76730,1.);
#76750=LINE('',#76720,#76740);
#76760=EDGE_CURVE('',#75420,#74560,#76750,.T.);
#76770=ORIENTED_EDGE('',*,*,#76760,.F.);
#76780=CARTESIAN_POINT('',(49.38,49.795,12.2875));
#76790=DIRECTION('',(0.,0.,-1.));
#76800=VECTOR('',#76790,1.);
#76810=LINE('',#76780,#76800);
#76820=EDGE_CURVE('',#76280,#74560,#76810,.T.);
#76830=ORIENTED_EDGE('',*,*,#76820,.T.);
#76840=ORIENTED_EDGE('',*,*,#76530,.F.);
#76850=EDGE_LOOP('',(#76840,#76830,#76770,#76710,#76700,#76640));
#76860=FACE_OUTER_BOUND('',#76850,.T.);
#76870=ADVANCED_FACE('',(#76860),#76630,.T.);
#76880=CARTESIAN_POINT('',(49.355,49.88,12.0875));
#76890=DIRECTION('',(-0.707106781186548,-0.,0.707106781186548));
#76900=DIRECTION('',(-0.707106781186548,0.,-0.707106781186548));
#76910=AXIS2_PLACEMENT_3D('',#76880,#76890,#76900);
#76920=PLANE('',#76910);
#76930=ORIENTED_EDGE('',*,*,#76690,.T.);
#76940=ORIENTED_EDGE('',*,*,#58990,.F.);
#76950=ORIENTED_EDGE('',*,*,#32490,.F.);
#76960=CARTESIAN_POINT('',(49.38,49.795,12.1125));
#76970=DIRECTION('',(0.,1.,0.));
#76980=VECTOR('',#76970,1.);
#76990=LINE('',#76960,#76980);
#77000=EDGE_CURVE('',#75650,#32400,#76990,.T.);
#77010=ORIENTED_EDGE('',*,*,#77000,.T.);
#77020=EDGE_LOOP('',(#77010,#76950,#76940,#76930));
#77030=FACE_OUTER_BOUND('',#77020,.T.);
#77040=ADVANCED_FACE('',(#77030),#76920,.T.);
#77050=CARTESIAN_POINT('',(48.2,49.675,12.1125));
#77060=DIRECTION('',(-0.,-0.,1.));
#77070=DIRECTION('',(1.,0.,-0.));
#77080=AXIS2_PLACEMENT_3D('',#77050,#77060,#77070);
#77090=PLANE('',#77080);
#77100=ORIENTED_EDGE('',*,*,#32410,.T.);
#77110=ORIENTED_EDGE('',*,*,#76060,.T.);
#77120=ORIENTED_EDGE('',*,*,#75740,.T.);
#77130=ORIENTED_EDGE('',*,*,#77000,.F.);
#77140=EDGE_LOOP('',(#77130,#77120,#77110,#77100));
#77150=FACE_OUTER_BOUND('',#77140,.T.);
#77160=ADVANCED_FACE('',(#77150),#77090,.T.);
#77170=CARTESIAN_POINT('',(49.59,49.795,12.125));
#77180=DIRECTION('',(-1.73472347597681E-16,-1.,-0.));
#77190=DIRECTION('',(1.,-1.73472347597681E-16,0.));
#77200=AXIS2_PLACEMENT_3D('',#77170,#77180,#77190);
#77210=PLANE('',#77200);
#77220=ORIENTED_EDGE('',*,*,#68430,.F.);
#77230=ORIENTED_EDGE('',*,*,#74630,.T.);
#77240=ORIENTED_EDGE('',*,*,#76760,.T.);
#77250=ORIENTED_EDGE('',*,*,#75430,.F.);
#77260=EDGE_LOOP('',(#77250,#77240,#77230,#77220));
#77270=FACE_OUTER_BOUND('',#77260,.T.);
#77280=ADVANCED_FACE('',(#77270),#77210,.T.);
#77290=CARTESIAN_POINT('',(49.67,49.795,12.2));
#77300=DIRECTION('',(-8.16340459283203E-17,1.,-0.));
#77310=DIRECTION('',(1.,8.16340459283203E-17,0.));
#77320=AXIS2_PLACEMENT_3D('',#77290,#77300,#77310);
#77330=PLANE('',#77320);
#77340=ORIENTED_EDGE('',*,*,#75960,.T.);
#77350=ORIENTED_EDGE('',*,*,#76290,.T.);
#77360=ORIENTED_EDGE('',*,*,#76820,.F.);
#77370=ORIENTED_EDGE('',*,*,#74570,.F.);
#77380=EDGE_LOOP('',(#77370,#77360,#77350,#77340));
#77390=FACE_OUTER_BOUND('',#77380,.T.);
#77400=ADVANCED_FACE('',(#77390),#77330,.T.);
#77410=CARTESIAN_POINT('',(49.38,49.935,12.125));
#77420=DIRECTION('',(0.707106781186548,0.707106781186548,-0.));
#77430=DIRECTION('',(-0.707106781186548,0.707106781186548,0.));
#77440=AXIS2_PLACEMENT_3D('',#77410,#77420,#77430);
#77450=PLANE('',#77440);
#77460=ORIENTED_EDGE('',*,*,#75040,.T.);
#77470=ORIENTED_EDGE('',*,*,#74730,.F.);
#77480=ORIENTED_EDGE('',*,*,#67640,.F.);
#77490=ORIENTED_EDGE('',*,*,#75330,.F.);
#77500=EDGE_LOOP('',(#77490,#77480,#77470,#77460));
#77510=FACE_OUTER_BOUND('',#77500,.T.);
#77520=ADVANCED_FACE('',(#77510),#77450,.T.);
#77530=CARTESIAN_POINT('',(48.0687715809733,49.745,11.875));
#77540=DIRECTION('',(-0.,-0.,1.));
#77550=DIRECTION('',(1.,0.,-0.));
#77560=AXIS2_PLACEMENT_3D('',#77530,#77540,#77550);
#77570=PLANE('',#77560);
#77580=ORIENTED_EDGE('',*,*,#68580,.T.);
#77590=ORIENTED_EDGE('',*,*,#67400,.F.);
#77600=CARTESIAN_POINT('',(49.42,49.895,11.875));
#77610=DIRECTION('',(-0.707106781186548,0.707106781186548,0.));
#77620=VECTOR('',#77610,1.);
#77630=LINE('',#77600,#77620);
#77640=CARTESIAN_POINT('',(49.42,49.895,11.875));
#77650=VERTEX_POINT('',#77640);
#77660=EDGE_CURVE('',#77650,#67310,#77630,.T.);
#77670=ORIENTED_EDGE('',*,*,#77660,.T.);
#77680=CARTESIAN_POINT('',(49.44,49.8908565314309,11.875));
#77690=DIRECTION('',(-0.979206593891497,0.202865587223197,0.));
#77700=VECTOR('',#77690,1.);
#77710=LINE('',#77680,#77700);
#77720=CARTESIAN_POINT('',(49.44,49.8908565314309,11.875));
#77730=VERTEX_POINT('',#77720);
#77740=EDGE_CURVE('',#77730,#77650,#77710,.T.);
#77750=ORIENTED_EDGE('',*,*,#77740,.T.);
#77760=CARTESIAN_POINT('',(49.44,49.8908565314309,11.875));
#77770=DIRECTION('',(0.,-1.,0.));
#77780=VECTOR('',#77770,1.);
#77790=LINE('',#77760,#77780);
#77800=CARTESIAN_POINT('',(49.44,49.795,11.875));
#77810=VERTEX_POINT('',#77800);
#77820=EDGE_CURVE('',#77730,#77810,#77790,.T.);
#77830=ORIENTED_EDGE('',*,*,#77820,.F.);
#77840=CARTESIAN_POINT('',(49.44,49.795,11.875));
#77850=DIRECTION('',(-1.,0.,0.));
#77860=VECTOR('',#77850,1.);
#77870=LINE('',#77840,#77860);
#77880=CARTESIAN_POINT('',(49.38,49.795,11.875));
#77890=VERTEX_POINT('',#77880);
#77900=EDGE_CURVE('',#77810,#77890,#77870,.T.);
#77910=ORIENTED_EDGE('',*,*,#77900,.F.);
#77920=CARTESIAN_POINT('',(49.38,49.795,11.875));
#77930=DIRECTION('',(-1.,0.,0.));
#77940=VECTOR('',#77930,1.);
#77950=LINE('',#77920,#77940);
#77960=EDGE_CURVE('',#77890,#68570,#77950,.T.);
#77970=ORIENTED_EDGE('',*,*,#77960,.F.);
#77980=EDGE_LOOP('',(#77970,#77910,#77830,#77750,#77670,#77590,#77580));
#77990=FACE_OUTER_BOUND('',#77980,.T.);
#78000=ADVANCED_FACE('',(#77990),#77570,.T.);
#78010=CARTESIAN_POINT('',(49.59,49.795,11.725));
#78020=DIRECTION('',(-1.73472347597681E-16,-1.,-0.));
#78030=DIRECTION('',(1.,-1.73472347597681E-16,0.));
#78040=AXIS2_PLACEMENT_3D('',#78010,#78020,#78030);
#78050=PLANE('',#78040);
#78060=CARTESIAN_POINT('',(49.38,49.795,11.875));
#78070=DIRECTION('',(0.,0.,-1.));
#78080=VECTOR('',#78070,1.);
#78090=LINE('',#78060,#78080);
#78100=CARTESIAN_POINT('',(49.38,49.795,11.725));
#78110=VERTEX_POINT('',#78100);
#78120=EDGE_CURVE('',#77890,#78110,#78090,.T.);
#78130=ORIENTED_EDGE('',*,*,#78120,.F.);
#78140=CARTESIAN_POINT('',(49.38,49.795,11.725));
#78150=DIRECTION('',(-1.,0.,0.));
#78160=VECTOR('',#78150,1.);
#78170=LINE('',#78140,#78160);
#78180=EDGE_CURVE('',#78110,#68650,#78170,.T.);
#78190=ORIENTED_EDGE('',*,*,#78180,.F.);
#78200=ORIENTED_EDGE('',*,*,#68660,.F.);
#78210=ORIENTED_EDGE('',*,*,#77960,.T.);
#78220=EDGE_LOOP('',(#78210,#78200,#78190,#78130));
#78230=FACE_OUTER_BOUND('',#78220,.T.);
#78240=ADVANCED_FACE('',(#78230),#78050,.T.);
#78250=CARTESIAN_POINT('',(49.355,49.77,11.8));
#78260=DIRECTION('',(0.707106781186547,-0.707106781186548,-0.));
#78270=DIRECTION('',(-0.707106781186548,-0.707106781186547,0.));
#78280=AXIS2_PLACEMENT_3D('',#78250,#78260,#78270);
#78290=PLANE('',#78280);
#78300=CARTESIAN_POINT('',(49.38,49.795,11.8875));
#78310=DIRECTION('',(0.,0.,-1.));
#78320=VECTOR('',#78310,1.);
#78330=LINE('',#78300,#78320);
#78340=CARTESIAN_POINT('',(49.38,49.795,11.8875));
#78350=VERTEX_POINT('',#78340);
#78360=EDGE_CURVE('',#78350,#77890,#78330,.T.);
#78370=ORIENTED_EDGE('',*,*,#78360,.T.);
#78380=CARTESIAN_POINT('',(49.38,49.795,11.8875));
#78390=DIRECTION('',(-0.577350269189626,-0.577350269189626,
0.577350269189626));
#78400=VECTOR('',#78390,1.);
#78410=LINE('',#78380,#78400);
#78420=EDGE_CURVE('',#78350,#58830,#78410,.T.);
#78430=ORIENTED_EDGE('',*,*,#78420,.F.);
#78440=ORIENTED_EDGE('',*,*,#58840,.T.);
#78450=CARTESIAN_POINT('',(49.38,49.795,11.7125));
#78460=DIRECTION('',(-0.577350269189687,-0.577350269189523,
-0.577350269189667));
#78470=VECTOR('',#78460,1.);
#78480=LINE('',#78450,#78470);
#78490=CARTESIAN_POINT('',(49.38,49.795,11.7125));
#78500=VERTEX_POINT('',#78490);
#78510=EDGE_CURVE('',#78500,#58750,#78480,.T.);
#78520=ORIENTED_EDGE('',*,*,#78510,.T.);
#78530=CARTESIAN_POINT('',(49.38,49.795,11.725));
#78540=DIRECTION('',(0.,0.,-1.));
#78550=VECTOR('',#78540,1.);
#78560=LINE('',#78530,#78550);
#78570=EDGE_CURVE('',#78110,#78500,#78560,.T.);
#78580=ORIENTED_EDGE('',*,*,#78570,.T.);
#78590=ORIENTED_EDGE('',*,*,#78120,.T.);
#78600=EDGE_LOOP('',(#78590,#78580,#78520,#78440,#78430,#78370));
#78610=FACE_OUTER_BOUND('',#78600,.T.);
#78620=ADVANCED_FACE('',(#78610),#78290,.F.);
#78630=CARTESIAN_POINT('',(49.67,49.795,11.8));
#78640=DIRECTION('',(8.16340459283203E-17,-1.,-0.));
#78650=DIRECTION('',(1.,8.16340459283203E-17,0.));
#78660=AXIS2_PLACEMENT_3D('',#78630,#78640,#78650);
#78670=PLANE('',#78660);
#78680=CARTESIAN_POINT('',(49.38,49.795,11.8875));
#78690=DIRECTION('',(1.,0.,0.));
#78700=VECTOR('',#78690,1.);
#78710=LINE('',#78680,#78700);
#78720=CARTESIAN_POINT('',(49.44,49.795,11.8875));
#78730=VERTEX_POINT('',#78720);
#78740=EDGE_CURVE('',#78350,#78730,#78710,.T.);
#78750=ORIENTED_EDGE('',*,*,#78740,.T.);
#78760=ORIENTED_EDGE('',*,*,#78360,.F.);
#78770=ORIENTED_EDGE('',*,*,#77900,.T.);
#78780=CARTESIAN_POINT('',(49.44,49.795,11.8875));
#78790=DIRECTION('',(0.,0.,-1.));
#78800=VECTOR('',#78790,1.);
#78810=LINE('',#78780,#78800);
#78820=EDGE_CURVE('',#78730,#77810,#78810,.T.);
#78830=ORIENTED_EDGE('',*,*,#78820,.T.);
#78840=EDGE_LOOP('',(#78830,#78770,#78760,#78750));
#78850=FACE_OUTER_BOUND('',#78840,.T.);
#78860=ADVANCED_FACE('',(#78850),#78670,.F.);
#78870=CARTESIAN_POINT('',(49.44,49.855,11.8));
#78880=DIRECTION('',(1.,-0.,-0.));
#78890=DIRECTION('',(-0.,1.,0.));
#78900=AXIS2_PLACEMENT_3D('',#78870,#78880,#78890);
#78910=PLANE('',#78900);
#78920=CARTESIAN_POINT('',(49.44,49.795,11.7125));
#78930=DIRECTION('',(0.,1.,0.));
#78940=VECTOR('',#78930,1.);
#78950=LINE('',#78920,#78940);
#78960=CARTESIAN_POINT('',(49.44,49.795,11.7125));
#78970=VERTEX_POINT('',#78960);
#78980=EDGE_CURVE('',#78970,#32800,#78950,.T.);
#78990=ORIENTED_EDGE('',*,*,#78980,.F.);
#79000=ORIENTED_EDGE('',*,*,#32810,.T.);
#79010=CARTESIAN_POINT('',(49.44,49.795,11.8875));
#79020=DIRECTION('',(0.,1.,0.));
#79030=VECTOR('',#79020,1.);
#79040=LINE('',#79010,#79030);
#79050=EDGE_CURVE('',#78730,#32720,#79040,.T.);
#79060=ORIENTED_EDGE('',*,*,#79050,.T.);
#79070=ORIENTED_EDGE('',*,*,#78820,.F.);
#79080=ORIENTED_EDGE('',*,*,#77820,.T.);
#79090=CARTESIAN_POINT('',(49.44,49.8908565314309,11.725));
#79100=DIRECTION('',(0.,0.,1.));
#79110=VECTOR('',#79100,1.);
#79120=LINE('',#79090,#79110);
#79130=CARTESIAN_POINT('',(49.44,49.8908565314309,11.725));
#79140=VERTEX_POINT('',#79130);
#79150=EDGE_CURVE('',#79140,#77730,#79120,.T.);
#79160=ORIENTED_EDGE('',*,*,#79150,.T.);
#79170=CARTESIAN_POINT('',(49.44,49.8908565314309,11.725));
#79180=DIRECTION('',(0.,-1.,0.));
#79190=VECTOR('',#79180,1.);
#79200=LINE('',#79170,#79190);
#79210=CARTESIAN_POINT('',(49.44,49.795,11.725));
#79220=VERTEX_POINT('',#79210);
#79230=EDGE_CURVE('',#79140,#79220,#79200,.T.);
#79240=ORIENTED_EDGE('',*,*,#79230,.F.);
#79250=CARTESIAN_POINT('',(49.44,49.795,11.725));
#79260=DIRECTION('',(0.,0.,-1.));
#79270=VECTOR('',#79260,1.);
#79280=LINE('',#79250,#79270);
#79290=EDGE_CURVE('',#79220,#78970,#79280,.T.);
#79300=ORIENTED_EDGE('',*,*,#79290,.F.);
#79310=EDGE_LOOP('',(#79300,#79240,#79160,#79080,#79070,#79060,#79000,
#78990));
#79320=FACE_OUTER_BOUND('',#79310,.T.);
#79330=ADVANCED_FACE('',(#79320),#78910,.F.);
#79340=CARTESIAN_POINT('',(49.67,49.795,11.8));
#79350=DIRECTION('',(8.16340459283203E-17,-1.,-0.));
#79360=DIRECTION('',(1.,8.16340459283203E-17,0.));
#79370=AXIS2_PLACEMENT_3D('',#79340,#79350,#79360);
#79380=PLANE('',#79370);
#79390=CARTESIAN_POINT('',(49.44,49.795,11.725));
#79400=DIRECTION('',(-1.,0.,0.));
#79410=VECTOR('',#79400,1.);
#79420=LINE('',#79390,#79410);
#79430=EDGE_CURVE('',#79220,#78110,#79420,.T.);
#79440=ORIENTED_EDGE('',*,*,#79430,.F.);
#79450=ORIENTED_EDGE('',*,*,#78570,.F.);
#79460=CARTESIAN_POINT('',(49.38,49.795,11.7125));
#79470=DIRECTION('',(1.,0.,0.));
#79480=VECTOR('',#79470,1.);
#79490=LINE('',#79460,#79480);
#79500=EDGE_CURVE('',#78500,#78970,#79490,.T.);
#79510=ORIENTED_EDGE('',*,*,#79500,.F.);
#79520=ORIENTED_EDGE('',*,*,#79290,.T.);
#79530=EDGE_LOOP('',(#79520,#79510,#79450,#79440));
#79540=FACE_OUTER_BOUND('',#79530,.T.);
#79550=ADVANCED_FACE('',(#79540),#79380,.F.);
#79560=CARTESIAN_POINT('',(48.0687715809733,49.745,11.725));
#79570=DIRECTION('',(-0.,-0.,1.));
#79580=DIRECTION('',(1.,0.,-0.));
#79590=AXIS2_PLACEMENT_3D('',#79560,#79570,#79580);
#79600=PLANE('',#79590);
#79610=ORIENTED_EDGE('',*,*,#68720,.T.);
#79620=ORIENTED_EDGE('',*,*,#78180,.T.);
#79630=ORIENTED_EDGE('',*,*,#79430,.T.);
#79640=ORIENTED_EDGE('',*,*,#79230,.T.);
#79650=CARTESIAN_POINT('',(49.42,49.895,11.725));
#79660=DIRECTION('',(0.979206593891497,-0.202865587223197,0.));
#79670=VECTOR('',#79660,1.);
#79680=LINE('',#79650,#79670);
#79690=CARTESIAN_POINT('',(49.42,49.895,11.725));
#79700=VERTEX_POINT('',#79690);
#79710=EDGE_CURVE('',#79700,#79140,#79680,.T.);
#79720=ORIENTED_EDGE('',*,*,#79710,.T.);
#79730=CARTESIAN_POINT('',(49.38,49.935,11.725));
#79740=DIRECTION('',(0.707106781186548,-0.707106781186548,0.));
#79750=VECTOR('',#79740,1.);
#79760=LINE('',#79730,#79750);
#79770=EDGE_CURVE('',#67230,#79700,#79760,.T.);
#79780=ORIENTED_EDGE('',*,*,#79770,.T.);
#79790=ORIENTED_EDGE('',*,*,#67240,.T.);
#79800=EDGE_LOOP('',(#79790,#79780,#79720,#79640,#79630,#79620,#79610));
#79810=FACE_OUTER_BOUND('',#79800,.T.);
#79820=ADVANCED_FACE('',(#79810),#79600,.F.);
#79830=CARTESIAN_POINT('',(49.42,49.895,11.725));
#79840=DIRECTION('',(0.202865587223184,0.9792065938915,-0.));
#79850=DIRECTION('',(-0.9792065938915,0.202865587223184,0.));
#79860=AXIS2_PLACEMENT_3D('',#79830,#79840,#79850);
#79870=PLANE('',#79860);
#79880=ORIENTED_EDGE('',*,*,#79150,.F.);
#79890=ORIENTED_EDGE('',*,*,#77740,.F.);
#79900=CARTESIAN_POINT('',(49.42,49.895,11.875));
#79910=DIRECTION('',(0.,0.,-1.));
#79920=VECTOR('',#79910,1.);
#79930=LINE('',#79900,#79920);
#79940=EDGE_CURVE('',#77650,#79700,#79930,.T.);
#79950=ORIENTED_EDGE('',*,*,#79940,.F.);
#79960=ORIENTED_EDGE('',*,*,#79710,.F.);
#79970=EDGE_LOOP('',(#79960,#79950,#79890,#79880));
#79980=FACE_OUTER_BOUND('',#79970,.T.);
#79990=ADVANCED_FACE('',(#79980),#79870,.T.);
#80000=CARTESIAN_POINT('',(49.38,49.935,11.725));
#80010=DIRECTION('',(0.707106781186548,0.707106781186548,-0.));
#80020=DIRECTION('',(-0.707106781186548,0.707106781186548,0.));
#80030=AXIS2_PLACEMENT_3D('',#80000,#80010,#80020);
#80040=PLANE('',#80030);
#80050=ORIENTED_EDGE('',*,*,#79940,.T.);
#80060=ORIENTED_EDGE('',*,*,#77660,.F.);
#80070=ORIENTED_EDGE('',*,*,#67320,.F.);
#80080=ORIENTED_EDGE('',*,*,#79770,.F.);
#80090=EDGE_LOOP('',(#80080,#80070,#80060,#80050));
#80100=FACE_OUTER_BOUND('',#80090,.T.);
#80110=ADVANCED_FACE('',(#80100),#80040,.T.);
#80120=CARTESIAN_POINT('',(48.2,49.675,11.7125));
#80130=DIRECTION('',(-0.,-0.,1.));
#80140=DIRECTION('',(1.,0.,-0.));
#80150=AXIS2_PLACEMENT_3D('',#80120,#80130,#80140);
#80160=PLANE('',#80150);
#80170=CARTESIAN_POINT('',(49.38,49.795,11.7125));
#80180=DIRECTION('',(0.,1.,0.));
#80190=VECTOR('',#80180,1.);
#80200=LINE('',#80170,#80190);
#80210=EDGE_CURVE('',#78500,#32880,#80200,.T.);
#80220=ORIENTED_EDGE('',*,*,#80210,.F.);
#80230=ORIENTED_EDGE('',*,*,#32890,.T.);
#80240=ORIENTED_EDGE('',*,*,#78980,.T.);
#80250=ORIENTED_EDGE('',*,*,#79500,.T.);
#80260=EDGE_LOOP('',(#80250,#80240,#80230,#80220));
#80270=FACE_OUTER_BOUND('',#80260,.T.);
#80280=ADVANCED_FACE('',(#80270),#80160,.T.);
#80290=CARTESIAN_POINT('',(49.355,49.88,11.6875));
#80300=DIRECTION('',(-0.707106781186548,-0.,0.707106781186548));
#80310=DIRECTION('',(-0.707106781186548,0.,-0.707106781186548));
#80320=AXIS2_PLACEMENT_3D('',#80290,#80300,#80310);
#80330=PLANE('',#80320);
#80340=ORIENTED_EDGE('',*,*,#80210,.T.);
#80350=ORIENTED_EDGE('',*,*,#78510,.F.);
#80360=ORIENTED_EDGE('',*,*,#58760,.F.);
#80370=ORIENTED_EDGE('',*,*,#32970,.F.);
#80380=EDGE_LOOP('',(#80370,#80360,#80350,#80340));
#80390=FACE_OUTER_BOUND('',#80380,.T.);
#80400=ADVANCED_FACE('',(#80390),#80330,.T.);
#80410=CARTESIAN_POINT('',(48.2,49.675,11.8875));
#80420=DIRECTION('',(-0.,-0.,1.));
#80430=DIRECTION('',(1.,0.,-0.));
#80440=AXIS2_PLACEMENT_3D('',#80410,#80420,#80430);
#80450=PLANE('',#80440);
#80460=ORIENTED_EDGE('',*,*,#78740,.F.);
#80470=ORIENTED_EDGE('',*,*,#79050,.F.);
#80480=ORIENTED_EDGE('',*,*,#32730,.F.);
#80490=CARTESIAN_POINT('',(49.38,49.795,11.8875));
#80500=DIRECTION('',(0.,1.,0.));
#80510=VECTOR('',#80500,1.);
#80520=LINE('',#80490,#80510);
#80530=EDGE_CURVE('',#78350,#32640,#80520,.T.);
#80540=ORIENTED_EDGE('',*,*,#80530,.T.);
#80550=EDGE_LOOP('',(#80540,#80480,#80470,#80460));
#80560=FACE_OUTER_BOUND('',#80550,.T.);
#80570=ADVANCED_FACE('',(#80560),#80450,.F.);
#80580=CARTESIAN_POINT('',(49.355,49.88,11.9125));
#80590=DIRECTION('',(0.707106781186548,-0.,0.707106781186548));
#80600=DIRECTION('',(-0.707106781186548,0.,0.707106781186548));
#80610=AXIS2_PLACEMENT_3D('',#80580,#80590,#80600);
#80620=PLANE('',#80610);
#80630=ORIENTED_EDGE('',*,*,#32650,.F.);
#80640=ORIENTED_EDGE('',*,*,#58900,.T.);
#80650=ORIENTED_EDGE('',*,*,#78420,.T.);
#80660=ORIENTED_EDGE('',*,*,#80530,.F.);
#80670=EDGE_LOOP('',(#80660,#80650,#80640,#80630));
#80680=FACE_OUTER_BOUND('',#80670,.T.);
#80690=ADVANCED_FACE('',(#80680),#80620,.F.);
#80700=CARTESIAN_POINT('',(48.0687715809733,49.745,11.475));
#80710=DIRECTION('',(-0.,-0.,1.));
#80720=DIRECTION('',(1.,0.,-0.));
#80730=AXIS2_PLACEMENT_3D('',#80700,#80710,#80720);
#80740=PLANE('',#80730);
#80750=ORIENTED_EDGE('',*,*,#68810,.T.);
#80760=ORIENTED_EDGE('',*,*,#67080,.F.);
#80770=CARTESIAN_POINT('',(49.42,49.895,11.475));
#80780=DIRECTION('',(-0.707106781186548,0.707106781186548,0.));
#80790=VECTOR('',#80780,1.);
#80800=LINE('',#80770,#80790);
#80810=CARTESIAN_POINT('',(49.42,49.895,11.475));
#80820=VERTEX_POINT('',#80810);
#80830=EDGE_CURVE('',#80820,#66990,#80800,.T.);
#80840=ORIENTED_EDGE('',*,*,#80830,.T.);
#80850=CARTESIAN_POINT('',(49.44,49.8908565314309,11.475));
#80860=DIRECTION('',(-0.979206593891497,0.202865587223197,0.));
#80870=VECTOR('',#80860,1.);
#80880=LINE('',#80850,#80870);
#80890=CARTESIAN_POINT('',(49.44,49.8908565314309,11.475));
#80900=VERTEX_POINT('',#80890);
#80910=EDGE_CURVE('',#80900,#80820,#80880,.T.);
#80920=ORIENTED_EDGE('',*,*,#80910,.T.);
#80930=CARTESIAN_POINT('',(49.44,49.8908565314309,11.475));
#80940=DIRECTION('',(0.,-1.,0.));
#80950=VECTOR('',#80940,1.);
#80960=LINE('',#80930,#80950);
#80970=CARTESIAN_POINT('',(49.44,49.795,11.475));
#80980=VERTEX_POINT('',#80970);
#80990=EDGE_CURVE('',#80900,#80980,#80960,.T.);
#81000=ORIENTED_EDGE('',*,*,#80990,.F.);
#81010=CARTESIAN_POINT('',(49.44,49.795,11.475));
#81020=DIRECTION('',(-1.,0.,0.));
#81030=VECTOR('',#81020,1.);
#81040=LINE('',#81010,#81030);
#81050=CARTESIAN_POINT('',(49.38,49.795,11.475));
#81060=VERTEX_POINT('',#81050);
#81070=EDGE_CURVE('',#80980,#81060,#81040,.T.);
#81080=ORIENTED_EDGE('',*,*,#81070,.F.);
#81090=CARTESIAN_POINT('',(49.38,49.795,11.475));
#81100=DIRECTION('',(-1.,0.,0.));
#81110=VECTOR('',#81100,1.);
#81120=LINE('',#81090,#81110);
#81130=EDGE_CURVE('',#81060,#68800,#81120,.T.);
#81140=ORIENTED_EDGE('',*,*,#81130,.F.);
#81150=EDGE_LOOP('',(#81140,#81080,#81000,#80920,#80840,#80760,#80750));
#81160=FACE_OUTER_BOUND('',#81150,.T.);
#81170=ADVANCED_FACE('',(#81160),#80740,.T.);
#81180=CARTESIAN_POINT('',(49.59,49.795,11.325));
#81190=DIRECTION('',(-1.73472347597681E-16,-1.,-0.));
#81200=DIRECTION('',(1.,-1.73472347597681E-16,0.));
#81210=AXIS2_PLACEMENT_3D('',#81180,#81190,#81200);
#81220=PLANE('',#81210);
#81230=CARTESIAN_POINT('',(49.38,49.795,11.475));
#81240=DIRECTION('',(0.,0.,-1.));
#81250=VECTOR('',#81240,1.);
#81260=LINE('',#81230,#81250);
#81270=CARTESIAN_POINT('',(49.38,49.795,11.325));
#81280=VERTEX_POINT('',#81270);
#81290=EDGE_CURVE('',#81060,#81280,#81260,.T.);
#81300=ORIENTED_EDGE('',*,*,#81290,.F.);
#81310=CARTESIAN_POINT('',(49.38,49.795,11.325));
#81320=DIRECTION('',(-1.,0.,0.));
#81330=VECTOR('',#81320,1.);
#81340=LINE('',#81310,#81330);
#81350=EDGE_CURVE('',#81280,#68880,#81340,.T.);
#81360=ORIENTED_EDGE('',*,*,#81350,.F.);
#81370=ORIENTED_EDGE('',*,*,#68890,.F.);
#81380=ORIENTED_EDGE('',*,*,#81130,.T.);
#81390=EDGE_LOOP('',(#81380,#81370,#81360,#81300));
#81400=FACE_OUTER_BOUND('',#81390,.T.);
#81410=ADVANCED_FACE('',(#81400),#81220,.T.);
#81420=CARTESIAN_POINT('',(49.355,49.77,11.4));
#81430=DIRECTION('',(0.707106781186547,-0.707106781186548,-0.));
#81440=DIRECTION('',(-0.707106781186548,-0.707106781186547,0.));
#81450=AXIS2_PLACEMENT_3D('',#81420,#81430,#81440);
#81460=PLANE('',#81450);
#81470=CARTESIAN_POINT('',(49.38,49.795,11.3125));
#81480=DIRECTION('',(-0.577350269189687,-0.577350269189523,
-0.577350269189667));
#81490=VECTOR('',#81480,1.);
#81500=LINE('',#81470,#81490);
#81510=CARTESIAN_POINT('',(49.38,49.795,11.3125));
#81520=VERTEX_POINT('',#81510);
#81530=EDGE_CURVE('',#81520,#58520,#81500,.T.);
#81540=ORIENTED_EDGE('',*,*,#81530,.T.);
#81550=CARTESIAN_POINT('',(49.38,49.795,11.3125));
#81560=DIRECTION('',(0.,0.,1.));
#81570=VECTOR('',#81560,1.);
#81580=LINE('',#81550,#81570);
#81590=EDGE_CURVE('',#81520,#81280,#81580,.T.);
#81600=ORIENTED_EDGE('',*,*,#81590,.F.);
#81610=ORIENTED_EDGE('',*,*,#81290,.T.);
#81620=CARTESIAN_POINT('',(49.38,49.795,11.475));
#81630=DIRECTION('',(0.,0.,1.));
#81640=VECTOR('',#81630,1.);
#81650=LINE('',#81620,#81640);
#81660=CARTESIAN_POINT('',(49.38,49.795,11.4875));
#81670=VERTEX_POINT('',#81660);
#81680=EDGE_CURVE('',#81060,#81670,#81650,.T.);
#81690=ORIENTED_EDGE('',*,*,#81680,.F.);
#81700=CARTESIAN_POINT('',(49.33,49.745,11.5375));
#81710=DIRECTION('',(0.577350269189694,0.57735026918953,
-0.577350269189653));
#81720=VECTOR('',#81710,1.);
#81730=LINE('',#81700,#81720);
#81740=EDGE_CURVE('',#58600,#81670,#81730,.T.);
#81750=ORIENTED_EDGE('',*,*,#81740,.T.);
#81760=ORIENTED_EDGE('',*,*,#58610,.T.);
#81770=EDGE_LOOP('',(#81760,#81750,#81690,#81610,#81600,#81540));
#81780=FACE_OUTER_BOUND('',#81770,.T.);
#81790=ADVANCED_FACE('',(#81780),#81460,.F.);
#81800=CARTESIAN_POINT('',(49.355,49.88,11.2875));
#81810=DIRECTION('',(-0.707106781186547,-0.,0.707106781186548));
#81820=DIRECTION('',(-0.707106781186548,0.,-0.707106781186547));
#81830=AXIS2_PLACEMENT_3D('',#81800,#81810,#81820);
#81840=PLANE('',#81830);
#81850=CARTESIAN_POINT('',(49.38,49.795,11.3125));
#81860=DIRECTION('',(0.,1.,0.));
#81870=VECTOR('',#81860,1.);
#81880=LINE('',#81850,#81870);
#81890=EDGE_CURVE('',#81520,#33360,#81880,.T.);
#81900=ORIENTED_EDGE('',*,*,#81890,.T.);
#81910=ORIENTED_EDGE('',*,*,#81530,.F.);
#81920=ORIENTED_EDGE('',*,*,#58530,.F.);
#81930=ORIENTED_EDGE('',*,*,#33450,.F.);
#81940=EDGE_LOOP('',(#81930,#81920,#81910,#81900));
#81950=FACE_OUTER_BOUND('',#81940,.T.);
#81960=ADVANCED_FACE('',(#81950),#81840,.T.);
#81970=CARTESIAN_POINT('',(48.2,49.675,11.3125));
#81980=DIRECTION('',(-0.,-0.,1.));
#81990=DIRECTION('',(1.,0.,-0.));
#82000=AXIS2_PLACEMENT_3D('',#81970,#81980,#81990);
#82010=PLANE('',#82000);
#82020=ORIENTED_EDGE('',*,*,#81890,.F.);
#82030=ORIENTED_EDGE('',*,*,#33370,.T.);
#82040=CARTESIAN_POINT('',(49.44,49.795,11.3125));
#82050=DIRECTION('',(0.,1.,0.));
#82060=VECTOR('',#82050,1.);
#82070=LINE('',#82040,#82060);
#82080=CARTESIAN_POINT('',(49.44,49.795,11.3125));
#82090=VERTEX_POINT('',#82080);
#82100=EDGE_CURVE('',#82090,#33280,#82070,.T.);
#82110=ORIENTED_EDGE('',*,*,#82100,.T.);
#82120=CARTESIAN_POINT('',(49.38,49.795,11.3125));
#82130=DIRECTION('',(1.,0.,0.));
#82140=VECTOR('',#82130,1.);
#82150=LINE('',#82120,#82140);
#82160=EDGE_CURVE('',#81520,#82090,#82150,.T.);
#82170=ORIENTED_EDGE('',*,*,#82160,.T.);
#82180=EDGE_LOOP('',(#82170,#82110,#82030,#82020));
#82190=FACE_OUTER_BOUND('',#82180,.T.);
#82200=ADVANCED_FACE('',(#82190),#82010,.T.);
#82210=CARTESIAN_POINT('',(49.67,49.795,11.4));
#82220=DIRECTION('',(8.16340459283203E-17,-1.,-0.));
#82230=DIRECTION('',(1.,8.16340459283203E-17,0.));
#82240=AXIS2_PLACEMENT_3D('',#82210,#82220,#82230);
#82250=PLANE('',#82240);
#82260=CARTESIAN_POINT('',(49.44,49.795,11.325));
#82270=DIRECTION('',(-1.,0.,0.));
#82280=VECTOR('',#82270,1.);
#82290=LINE('',#82260,#82280);
#82300=CARTESIAN_POINT('',(49.44,49.795,11.325));
#82310=VERTEX_POINT('',#82300);
#82320=EDGE_CURVE('',#82310,#81280,#82290,.T.);
#82330=ORIENTED_EDGE('',*,*,#82320,.F.);
#82340=ORIENTED_EDGE('',*,*,#81590,.T.);
#82350=ORIENTED_EDGE('',*,*,#82160,.F.);
#82360=CARTESIAN_POINT('',(49.44,49.795,11.3125));
#82370=DIRECTION('',(0.,0.,1.));
#82380=VECTOR('',#82370,1.);
#82390=LINE('',#82360,#82380);
#82400=EDGE_CURVE('',#82090,#82310,#82390,.T.);
#82410=ORIENTED_EDGE('',*,*,#82400,.F.);
#82420=EDGE_LOOP('',(#82410,#82350,#82340,#82330));
#82430=FACE_OUTER_BOUND('',#82420,.T.);
#82440=ADVANCED_FACE('',(#82430),#82250,.F.);
#82450=CARTESIAN_POINT('',(49.44,49.855,11.4));
#82460=DIRECTION('',(1.,-0.,-0.));
#82470=DIRECTION('',(-0.,1.,0.));
#82480=AXIS2_PLACEMENT_3D('',#82450,#82460,#82470);
#82490=PLANE('',#82480);
#82500=ORIENTED_EDGE('',*,*,#82100,.F.);
#82510=ORIENTED_EDGE('',*,*,#33290,.T.);
#82520=CARTESIAN_POINT('',(49.44,49.795,11.4875));
#82530=DIRECTION('',(0.,1.,0.));
#82540=VECTOR('',#82530,1.);
#82550=LINE('',#82520,#82540);
#82560=CARTESIAN_POINT('',(49.44,49.795,11.4875));
#82570=VERTEX_POINT('',#82560);
#82580=EDGE_CURVE('',#82570,#33200,#82550,.T.);
#82590=ORIENTED_EDGE('',*,*,#82580,.T.);
#82600=CARTESIAN_POINT('',(49.44,49.795,11.475));
#82610=DIRECTION('',(0.,0.,1.));
#82620=VECTOR('',#82610,1.);
#82630=LINE('',#82600,#82620);
#82640=EDGE_CURVE('',#80980,#82570,#82630,.T.);
#82650=ORIENTED_EDGE('',*,*,#82640,.T.);
#82660=ORIENTED_EDGE('',*,*,#80990,.T.);
#82670=CARTESIAN_POINT('',(49.44,49.8908565314309,11.325));
#82680=DIRECTION('',(0.,0.,1.));
#82690=VECTOR('',#82680,1.);
#82700=LINE('',#82670,#82690);
#82710=CARTESIAN_POINT('',(49.44,49.8908565314309,11.325));
#82720=VERTEX_POINT('',#82710);
#82730=EDGE_CURVE('',#82720,#80900,#82700,.T.);
#82740=ORIENTED_EDGE('',*,*,#82730,.T.);
#82750=CARTESIAN_POINT('',(49.44,49.8908565314309,11.325));
#82760=DIRECTION('',(0.,-1.,0.));
#82770=VECTOR('',#82760,1.);
#82780=LINE('',#82750,#82770);
#82790=EDGE_CURVE('',#82720,#82310,#82780,.T.);
#82800=ORIENTED_EDGE('',*,*,#82790,.F.);
#82810=ORIENTED_EDGE('',*,*,#82400,.T.);
#82820=EDGE_LOOP('',(#82810,#82800,#82740,#82660,#82650,#82590,#82510,
#82500));
#82830=FACE_OUTER_BOUND('',#82820,.T.);
#82840=ADVANCED_FACE('',(#82830),#82490,.F.);
#82850=CARTESIAN_POINT('',(48.2,49.675,11.4875));
#82860=DIRECTION('',(-0.,-0.,1.));
#82870=DIRECTION('',(1.,0.,-0.));
#82880=AXIS2_PLACEMENT_3D('',#82850,#82860,#82870);
#82890=PLANE('',#82880);
#82900=CARTESIAN_POINT('',(49.38,49.795,11.4875));
#82910=DIRECTION('',(0.,1.,0.));
#82920=VECTOR('',#82910,1.);
#82930=LINE('',#82900,#82920);
#82940=EDGE_CURVE('',#81670,#33120,#82930,.T.);
#82950=ORIENTED_EDGE('',*,*,#82940,.T.);
#82960=CARTESIAN_POINT('',(49.38,49.795,11.4875));
#82970=DIRECTION('',(1.,0.,0.));
#82980=VECTOR('',#82970,1.);
#82990=LINE('',#82960,#82980);
#83000=EDGE_CURVE('',#81670,#82570,#82990,.T.);
#83010=ORIENTED_EDGE('',*,*,#83000,.F.);
#83020=ORIENTED_EDGE('',*,*,#82580,.F.);
#83030=ORIENTED_EDGE('',*,*,#33210,.F.);
#83040=EDGE_LOOP('',(#83030,#83020,#83010,#82950));
#83050=FACE_OUTER_BOUND('',#83040,.T.);
#83060=ADVANCED_FACE('',(#83050),#82890,.F.);
#83070=CARTESIAN_POINT('',(49.355,49.88,11.5125));
#83080=DIRECTION('',(0.707106781186548,-0.,0.707106781186548));
#83090=DIRECTION('',(-0.707106781186548,0.,0.707106781186548));
#83100=AXIS2_PLACEMENT_3D('',#83070,#83080,#83090);
#83110=PLANE('',#83100);
#83120=ORIENTED_EDGE('',*,*,#82940,.F.);
#83130=ORIENTED_EDGE('',*,*,#33130,.F.);
#83140=ORIENTED_EDGE('',*,*,#58670,.T.);
#83150=ORIENTED_EDGE('',*,*,#81740,.F.);
#83160=EDGE_LOOP('',(#83150,#83140,#83130,#83120));
#83170=FACE_OUTER_BOUND('',#83160,.T.);
#83180=ADVANCED_FACE('',(#83170),#83110,.F.);
#83190=CARTESIAN_POINT('',(49.67,49.795,11.4));
#83200=DIRECTION('',(8.16340459283203E-17,-1.,-0.));
#83210=DIRECTION('',(1.,8.16340459283203E-17,0.));
#83220=AXIS2_PLACEMENT_3D('',#83190,#83200,#83210);
#83230=PLANE('',#83220);
#83240=ORIENTED_EDGE('',*,*,#83000,.T.);
#83250=ORIENTED_EDGE('',*,*,#81680,.T.);
#83260=ORIENTED_EDGE('',*,*,#81070,.T.);
#83270=ORIENTED_EDGE('',*,*,#82640,.F.);
#83280=EDGE_LOOP('',(#83270,#83260,#83250,#83240));
#83290=FACE_OUTER_BOUND('',#83280,.T.);
#83300=ADVANCED_FACE('',(#83290),#83230,.F.);
#83310=CARTESIAN_POINT('',(49.42,49.895,11.325));
#83320=DIRECTION('',(0.202865587223184,0.9792065938915,-0.));
#83330=DIRECTION('',(-0.9792065938915,0.202865587223184,0.));
#83340=AXIS2_PLACEMENT_3D('',#83310,#83320,#83330);
#83350=PLANE('',#83340);
#83360=ORIENTED_EDGE('',*,*,#82730,.F.);
#83370=ORIENTED_EDGE('',*,*,#80910,.F.);
#83380=CARTESIAN_POINT('',(49.42,49.895,11.475));
#83390=DIRECTION('',(0.,0.,-1.));
#83400=VECTOR('',#83390,1.);
#83410=LINE('',#83380,#83400);
#83420=CARTESIAN_POINT('',(49.42,49.895,11.325));
#83430=VERTEX_POINT('',#83420);
#83440=EDGE_CURVE('',#80820,#83430,#83410,.T.);
#83450=ORIENTED_EDGE('',*,*,#83440,.F.);
#83460=CARTESIAN_POINT('',(49.42,49.895,11.325));
#83470=DIRECTION('',(0.979206593891497,-0.202865587223197,0.));
#83480=VECTOR('',#83470,1.);
#83490=LINE('',#83460,#83480);
#83500=EDGE_CURVE('',#83430,#82720,#83490,.T.);
#83510=ORIENTED_EDGE('',*,*,#83500,.F.);
#83520=EDGE_LOOP('',(#83510,#83450,#83370,#83360));
#83530=FACE_OUTER_BOUND('',#83520,.T.);
#83540=ADVANCED_FACE('',(#83530),#83350,.T.);
#83550=CARTESIAN_POINT('',(48.0687715809733,49.745,11.325));
#83560=DIRECTION('',(-0.,-0.,1.));
#83570=DIRECTION('',(1.,0.,-0.));
#83580=AXIS2_PLACEMENT_3D('',#83550,#83560,#83570);
#83590=PLANE('',#83580);
#83600=ORIENTED_EDGE('',*,*,#68950,.T.);
#83610=ORIENTED_EDGE('',*,*,#81350,.T.);
#83620=ORIENTED_EDGE('',*,*,#82320,.T.);
#83630=ORIENTED_EDGE('',*,*,#82790,.T.);
#83640=ORIENTED_EDGE('',*,*,#83500,.T.);
#83650=CARTESIAN_POINT('',(49.38,49.935,11.325));
#83660=DIRECTION('',(0.707106781186548,-0.707106781186548,0.));
#83670=VECTOR('',#83660,1.);
#83680=LINE('',#83650,#83670);
#83690=EDGE_CURVE('',#66910,#83430,#83680,.T.);
#83700=ORIENTED_EDGE('',*,*,#83690,.T.);
#83710=ORIENTED_EDGE('',*,*,#66920,.T.);
#83720=EDGE_LOOP('',(#83710,#83700,#83640,#83630,#83620,#83610,#83600));
#83730=FACE_OUTER_BOUND('',#83720,.T.);
#83740=ADVANCED_FACE('',(#83730),#83590,.F.);
#83750=CARTESIAN_POINT('',(49.38,49.935,11.325));
#83760=DIRECTION('',(0.707106781186548,0.707106781186548,-0.));
#83770=DIRECTION('',(-0.707106781186548,0.707106781186548,0.));
#83780=AXIS2_PLACEMENT_3D('',#83750,#83760,#83770);
#83790=PLANE('',#83780);
#83800=ORIENTED_EDGE('',*,*,#83440,.T.);
#83810=ORIENTED_EDGE('',*,*,#80830,.F.);
#83820=ORIENTED_EDGE('',*,*,#67000,.F.);
#83830=ORIENTED_EDGE('',*,*,#83690,.F.);
#83840=EDGE_LOOP('',(#83830,#83820,#83810,#83800));
#83850=FACE_OUTER_BOUND('',#83840,.T.);
#83860=ADVANCED_FACE('',(#83850),#83790,.T.);
#83870=CARTESIAN_POINT('',(48.0687715809733,49.745,11.075));
#83880=DIRECTION('',(-0.,-0.,1.));
#83890=DIRECTION('',(1.,0.,-0.));
#83900=AXIS2_PLACEMENT_3D('',#83870,#83880,#83890);
#83910=PLANE('',#83900);
#83920=ORIENTED_EDGE('',*,*,#69040,.T.);
#83930=ORIENTED_EDGE('',*,*,#66760,.F.);
#83940=CARTESIAN_POINT('',(49.42,49.895,11.075));
#83950=DIRECTION('',(-0.707106781186548,0.707106781186548,0.));
#83960=VECTOR('',#83950,1.);
#83970=LINE('',#83940,#83960);
#83980=CARTESIAN_POINT('',(49.42,49.895,11.075));
#83990=VERTEX_POINT('',#83980);
#84000=EDGE_CURVE('',#83990,#66670,#83970,.T.);
#84010=ORIENTED_EDGE('',*,*,#84000,.T.);
#84020=CARTESIAN_POINT('',(49.44,49.8908565314309,11.075));
#84030=DIRECTION('',(-0.979206593891497,0.202865587223197,0.));
#84040=VECTOR('',#84030,1.);
#84050=LINE('',#84020,#84040);
#84060=CARTESIAN_POINT('',(49.44,49.8908565314309,11.075));
#84070=VERTEX_POINT('',#84060);
#84080=EDGE_CURVE('',#84070,#83990,#84050,.T.);
#84090=ORIENTED_EDGE('',*,*,#84080,.T.);
#84100=CARTESIAN_POINT('',(49.44,49.795,11.075));
#84110=DIRECTION('',(0.,1.,0.));
#84120=VECTOR('',#84110,1.);
#84130=LINE('',#84100,#84120);
#84140=CARTESIAN_POINT('',(49.44,49.795,11.075));
#84150=VERTEX_POINT('',#84140);
#84160=EDGE_CURVE('',#84150,#84070,#84130,.T.);
#84170=ORIENTED_EDGE('',*,*,#84160,.T.);
#84180=CARTESIAN_POINT('',(49.38,49.795,11.075));
#84190=DIRECTION('',(1.,0.,0.));
#84200=VECTOR('',#84190,1.);
#84210=LINE('',#84180,#84200);
#84220=CARTESIAN_POINT('',(49.38,49.795,11.075));
#84230=VERTEX_POINT('',#84220);
#84240=EDGE_CURVE('',#84230,#84150,#84210,.T.);
#84250=ORIENTED_EDGE('',*,*,#84240,.T.);
#84260=CARTESIAN_POINT('',(49.38,49.795,11.075));
#84270=DIRECTION('',(-1.,0.,0.));
#84280=VECTOR('',#84270,1.);
#84290=LINE('',#84260,#84280);
#84300=EDGE_CURVE('',#84230,#69030,#84290,.T.);
#84310=ORIENTED_EDGE('',*,*,#84300,.F.);
#84320=EDGE_LOOP('',(#84310,#84250,#84170,#84090,#84010,#83930,#83920));
#84330=FACE_OUTER_BOUND('',#84320,.T.);
#84340=ADVANCED_FACE('',(#84330),#83910,.T.);
#84350=CARTESIAN_POINT('',(49.59,49.795,10.925));
#84360=DIRECTION('',(-1.73472347597681E-16,-1.,-0.));
#84370=DIRECTION('',(1.,-1.73472347597681E-16,0.));
#84380=AXIS2_PLACEMENT_3D('',#84350,#84360,#84370);
#84390=PLANE('',#84380);
#84400=CARTESIAN_POINT('',(49.38,49.795,10.925));
#84410=DIRECTION('',(0.,0.,1.));
#84420=VECTOR('',#84410,1.);
#84430=LINE('',#84400,#84420);
#84440=CARTESIAN_POINT('',(49.38,49.795,10.925));
#84450=VERTEX_POINT('',#84440);
#84460=EDGE_CURVE('',#84450,#84230,#84430,.T.);
#84470=ORIENTED_EDGE('',*,*,#84460,.T.);
#84480=CARTESIAN_POINT('',(49.38,49.795,10.925));
#84490=DIRECTION('',(-1.,0.,0.));
#84500=VECTOR('',#84490,1.);
#84510=LINE('',#84480,#84500);
#84520=EDGE_CURVE('',#84450,#69110,#84510,.T.);
#84530=ORIENTED_EDGE('',*,*,#84520,.F.);
#84540=ORIENTED_EDGE('',*,*,#69120,.F.);
#84550=ORIENTED_EDGE('',*,*,#84300,.T.);
#84560=EDGE_LOOP('',(#84550,#84540,#84530,#84470));
#84570=FACE_OUTER_BOUND('',#84560,.T.);
#84580=ADVANCED_FACE('',(#84570),#84390,.T.);
#84590=CARTESIAN_POINT('',(49.355,49.77,11.));
#84600=DIRECTION('',(-0.707106781186547,0.707106781186548,-0.));
#84610=DIRECTION('',(-0.707106781186548,-0.707106781186547,0.));
#84620=AXIS2_PLACEMENT_3D('',#84590,#84600,#84610);
#84630=PLANE('',#84620);
#84640=CARTESIAN_POINT('',(49.33,49.745,11.1375));
#84650=DIRECTION('',(0.577350269189694,0.57735026918953,
-0.577350269189653));
#84660=VECTOR('',#84650,1.);
#84670=LINE('',#84640,#84660);
#84680=CARTESIAN_POINT('',(49.38,49.795,11.0875));
#84690=VERTEX_POINT('',#84680);
#84700=EDGE_CURVE('',#58370,#84690,#84670,.T.);
#84710=ORIENTED_EDGE('',*,*,#84700,.T.);
#84720=ORIENTED_EDGE('',*,*,#58380,.F.);
#84730=CARTESIAN_POINT('',(49.33,49.745,10.8625));
#84740=DIRECTION('',(0.57735026918966,0.577350269189578,
0.577350269189639));
#84750=VECTOR('',#84740,1.);
#84760=LINE('',#84730,#84750);
#84770=CARTESIAN_POINT('',(49.38,49.795,10.9125));
#84780=VERTEX_POINT('',#84770);
#84790=EDGE_CURVE('',#58290,#84780,#84760,.T.);
#84800=ORIENTED_EDGE('',*,*,#84790,.F.);
#84810=CARTESIAN_POINT('',(49.38,49.795,10.925));
#84820=DIRECTION('',(0.,0.,-1.));
#84830=VECTOR('',#84820,1.);
#84840=LINE('',#84810,#84830);
#84850=EDGE_CURVE('',#84450,#84780,#84840,.T.);
#84860=ORIENTED_EDGE('',*,*,#84850,.T.);
#84870=ORIENTED_EDGE('',*,*,#84460,.F.);
#84880=CARTESIAN_POINT('',(49.38,49.795,11.0875));
#84890=DIRECTION('',(0.,0.,-1.));
#84900=VECTOR('',#84890,1.);
#84910=LINE('',#84880,#84900);
#84920=EDGE_CURVE('',#84690,#84230,#84910,.T.);
#84930=ORIENTED_EDGE('',*,*,#84920,.T.);
#84940=EDGE_LOOP('',(#84930,#84870,#84860,#84800,#84720,#84710));
#84950=FACE_OUTER_BOUND('',#84940,.T.);
#84960=ADVANCED_FACE('',(#84950),#84630,.T.);
#84970=CARTESIAN_POINT('',(49.67,49.795,11.));
#84980=DIRECTION('',(-8.16340459283203E-17,1.,-0.));
#84990=DIRECTION('',(1.,8.16340459283203E-17,0.));
#85000=AXIS2_PLACEMENT_3D('',#84970,#84980,#84990);
#85010=PLANE('',#85000);
#85020=CARTESIAN_POINT('',(49.38,49.795,11.0875));
#85030=DIRECTION('',(1.,0.,0.));
#85040=VECTOR('',#85030,1.);
#85050=LINE('',#85020,#85040);
#85060=CARTESIAN_POINT('',(49.44,49.795,11.0875));
#85070=VERTEX_POINT('',#85060);
#85080=EDGE_CURVE('',#84690,#85070,#85050,.T.);
#85090=ORIENTED_EDGE('',*,*,#85080,.T.);
#85100=ORIENTED_EDGE('',*,*,#84920,.F.);
#85110=ORIENTED_EDGE('',*,*,#84240,.F.);
#85120=CARTESIAN_POINT('',(49.44,49.795,11.0875));
#85130=DIRECTION('',(0.,0.,-1.));
#85140=VECTOR('',#85130,1.);
#85150=LINE('',#85120,#85140);
#85160=EDGE_CURVE('',#85070,#84150,#85150,.T.);
#85170=ORIENTED_EDGE('',*,*,#85160,.T.);
#85180=EDGE_LOOP('',(#85170,#85110,#85100,#85090));
#85190=FACE_OUTER_BOUND('',#85180,.T.);
#85200=ADVANCED_FACE('',(#85190),#85010,.T.);
#85210=CARTESIAN_POINT('',(49.44,49.855,11.));
#85220=DIRECTION('',(-1.,-0.,-0.));
#85230=DIRECTION('',(0.,1.,0.));
#85240=AXIS2_PLACEMENT_3D('',#85210,#85220,#85230);
#85250=PLANE('',#85240);
#85260=CARTESIAN_POINT('',(49.44,49.795,11.0875));
#85270=DIRECTION('',(0.,1.,0.));
#85280=VECTOR('',#85270,1.);
#85290=LINE('',#85260,#85280);
#85300=EDGE_CURVE('',#85070,#33680,#85290,.T.);
#85310=ORIENTED_EDGE('',*,*,#85300,.T.);
#85320=ORIENTED_EDGE('',*,*,#85160,.F.);
#85330=ORIENTED_EDGE('',*,*,#84160,.F.);
#85340=CARTESIAN_POINT('',(49.44,49.8908565314309,11.075));
#85350=DIRECTION('',(0.,0.,-1.));
#85360=VECTOR('',#85350,1.);
#85370=LINE('',#85340,#85360);
#85380=CARTESIAN_POINT('',(49.44,49.8908565314309,10.925));
#85390=VERTEX_POINT('',#85380);
#85400=EDGE_CURVE('',#84070,#85390,#85370,.T.);
#85410=ORIENTED_EDGE('',*,*,#85400,.F.);
#85420=CARTESIAN_POINT('',(49.44,49.795,10.925));
#85430=DIRECTION('',(0.,1.,0.));
#85440=VECTOR('',#85430,1.);
#85450=LINE('',#85420,#85440);
#85460=CARTESIAN_POINT('',(49.44,49.795,10.925));
#85470=VERTEX_POINT('',#85460);
#85480=EDGE_CURVE('',#85470,#85390,#85450,.T.);
#85490=ORIENTED_EDGE('',*,*,#85480,.T.);
#85500=CARTESIAN_POINT('',(49.44,49.795,10.925));
#85510=DIRECTION('',(0.,0.,-1.));
#85520=VECTOR('',#85510,1.);
#85530=LINE('',#85500,#85520);
#85540=CARTESIAN_POINT('',(49.44,49.795,10.9125));
#85550=VERTEX_POINT('',#85540);
#85560=EDGE_CURVE('',#85470,#85550,#85530,.T.);
#85570=ORIENTED_EDGE('',*,*,#85560,.F.);
#85580=CARTESIAN_POINT('',(49.44,49.795,10.9125));
#85590=DIRECTION('',(0.,1.,0.));
#85600=VECTOR('',#85590,1.);
#85610=LINE('',#85580,#85600);
#85620=EDGE_CURVE('',#85550,#33760,#85610,.T.);
#85630=ORIENTED_EDGE('',*,*,#85620,.F.);
#85640=ORIENTED_EDGE('',*,*,#33770,.T.);
#85650=EDGE_LOOP('',(#85640,#85630,#85570,#85490,#85410,#85330,#85320,
#85310));
#85660=FACE_OUTER_BOUND('',#85650,.T.);
#85670=ADVANCED_FACE('',(#85660),#85250,.T.);
#85680=CARTESIAN_POINT('',(48.2,49.675,11.0875));
#85690=DIRECTION('',(-0.,-0.,1.));
#85700=DIRECTION('',(1.,0.,-0.));
#85710=AXIS2_PLACEMENT_3D('',#85680,#85690,#85700);
#85720=PLANE('',#85710);
#85730=CARTESIAN_POINT('',(49.38,49.795,11.0875));
#85740=DIRECTION('',(0.,1.,0.));
#85750=VECTOR('',#85740,1.);
#85760=LINE('',#85730,#85750);
#85770=EDGE_CURVE('',#84690,#33600,#85760,.T.);
#85780=ORIENTED_EDGE('',*,*,#85770,.T.);
#85790=ORIENTED_EDGE('',*,*,#85080,.F.);
#85800=ORIENTED_EDGE('',*,*,#85300,.F.);
#85810=ORIENTED_EDGE('',*,*,#33690,.F.);
#85820=EDGE_LOOP('',(#85810,#85800,#85790,#85780));
#85830=FACE_OUTER_BOUND('',#85820,.T.);
#85840=ADVANCED_FACE('',(#85830),#85720,.F.);
#85850=CARTESIAN_POINT('',(49.355,49.88,11.1125));
#85860=DIRECTION('',(0.707106781186547,-0.,0.707106781186548));
#85870=DIRECTION('',(-0.707106781186548,0.,0.707106781186547));
#85880=AXIS2_PLACEMENT_3D('',#85850,#85860,#85870);
#85890=PLANE('',#85880);
#85900=ORIENTED_EDGE('',*,*,#85770,.F.);
#85910=ORIENTED_EDGE('',*,*,#33610,.F.);
#85920=ORIENTED_EDGE('',*,*,#58440,.T.);
#85930=ORIENTED_EDGE('',*,*,#84700,.F.);
#85940=EDGE_LOOP('',(#85930,#85920,#85910,#85900));
#85950=FACE_OUTER_BOUND('',#85940,.T.);
#85960=ADVANCED_FACE('',(#85950),#85890,.F.);
#85970=CARTESIAN_POINT('',(49.42,49.895,10.925));
#85980=DIRECTION('',(0.202865587223184,0.9792065938915,-0.));
#85990=DIRECTION('',(-0.9792065938915,0.202865587223184,0.));
#86000=AXIS2_PLACEMENT_3D('',#85970,#85980,#85990);
#86010=PLANE('',#86000);
#86020=ORIENTED_EDGE('',*,*,#85400,.T.);
#86030=ORIENTED_EDGE('',*,*,#84080,.F.);
#86040=CARTESIAN_POINT('',(49.42,49.895,11.075));
#86050=DIRECTION('',(0.,0.,-1.));
#86060=VECTOR('',#86050,1.);
#86070=LINE('',#86040,#86060);
#86080=CARTESIAN_POINT('',(49.42,49.895,10.925));
#86090=VERTEX_POINT('',#86080);
#86100=EDGE_CURVE('',#83990,#86090,#86070,.T.);
#86110=ORIENTED_EDGE('',*,*,#86100,.F.);
#86120=CARTESIAN_POINT('',(49.42,49.895,10.925));
#86130=DIRECTION('',(0.979206593891497,-0.202865587223197,0.));
#86140=VECTOR('',#86130,1.);
#86150=LINE('',#86120,#86140);
#86160=EDGE_CURVE('',#86090,#85390,#86150,.T.);
#86170=ORIENTED_EDGE('',*,*,#86160,.F.);
#86180=EDGE_LOOP('',(#86170,#86110,#86030,#86020));
#86190=FACE_OUTER_BOUND('',#86180,.T.);
#86200=ADVANCED_FACE('',(#86190),#86010,.T.);
#86210=CARTESIAN_POINT('',(48.0687715809733,49.745,10.925));
#86220=DIRECTION('',(-0.,-0.,1.));
#86230=DIRECTION('',(1.,0.,-0.));
#86240=AXIS2_PLACEMENT_3D('',#86210,#86220,#86230);
#86250=PLANE('',#86240);
#86260=ORIENTED_EDGE('',*,*,#85480,.F.);
#86270=ORIENTED_EDGE('',*,*,#86160,.T.);
#86280=CARTESIAN_POINT('',(49.38,49.935,10.925));
#86290=DIRECTION('',(0.707106781186548,-0.707106781186548,0.));
#86300=VECTOR('',#86290,1.);
#86310=LINE('',#86280,#86300);
#86320=EDGE_CURVE('',#66590,#86090,#86310,.T.);
#86330=ORIENTED_EDGE('',*,*,#86320,.T.);
#86340=ORIENTED_EDGE('',*,*,#66600,.T.);
#86350=ORIENTED_EDGE('',*,*,#69180,.T.);
#86360=ORIENTED_EDGE('',*,*,#84520,.T.);
#86370=CARTESIAN_POINT('',(49.38,49.795,10.925));
#86380=DIRECTION('',(1.,0.,0.));
#86390=VECTOR('',#86380,1.);
#86400=LINE('',#86370,#86390);
#86410=EDGE_CURVE('',#84450,#85470,#86400,.T.);
#86420=ORIENTED_EDGE('',*,*,#86410,.F.);
#86430=EDGE_LOOP('',(#86420,#86360,#86350,#86340,#86330,#86270,#86260));
#86440=FACE_OUTER_BOUND('',#86430,.T.);
#86450=ADVANCED_FACE('',(#86440),#86250,.F.);
#86460=CARTESIAN_POINT('',(49.67,49.795,11.));
#86470=DIRECTION('',(-8.16340459283203E-17,1.,-0.));
#86480=DIRECTION('',(1.,8.16340459283203E-17,0.));
#86490=AXIS2_PLACEMENT_3D('',#86460,#86470,#86480);
#86500=PLANE('',#86490);
#86510=ORIENTED_EDGE('',*,*,#86410,.T.);
#86520=ORIENTED_EDGE('',*,*,#84850,.F.);
#86530=CARTESIAN_POINT('',(49.38,49.795,10.9125));
#86540=DIRECTION('',(1.,0.,0.));
#86550=VECTOR('',#86540,1.);
#86560=LINE('',#86530,#86550);
#86570=EDGE_CURVE('',#84780,#85550,#86560,.T.);
#86580=ORIENTED_EDGE('',*,*,#86570,.F.);
#86590=ORIENTED_EDGE('',*,*,#85560,.T.);
#86600=EDGE_LOOP('',(#86590,#86580,#86520,#86510));
#86610=FACE_OUTER_BOUND('',#86600,.T.);
#86620=ADVANCED_FACE('',(#86610),#86500,.T.);
#86630=CARTESIAN_POINT('',(48.2,49.675,10.9125));
#86640=DIRECTION('',(-0.,-0.,1.));
#86650=DIRECTION('',(1.,0.,-0.));
#86660=AXIS2_PLACEMENT_3D('',#86630,#86640,#86650);
#86670=PLANE('',#86660);
#86680=ORIENTED_EDGE('',*,*,#33850,.T.);
#86690=ORIENTED_EDGE('',*,*,#85620,.T.);
#86700=ORIENTED_EDGE('',*,*,#86570,.T.);
#86710=CARTESIAN_POINT('',(49.38,49.795,10.9125));
#86720=DIRECTION('',(0.,1.,0.));
#86730=VECTOR('',#86720,1.);
#86740=LINE('',#86710,#86730);
#86750=EDGE_CURVE('',#84780,#33840,#86740,.T.);
#86760=ORIENTED_EDGE('',*,*,#86750,.F.);
#86770=EDGE_LOOP('',(#86760,#86700,#86690,#86680));
#86780=FACE_OUTER_BOUND('',#86770,.T.);
#86790=ADVANCED_FACE('',(#86780),#86670,.T.);
#86800=CARTESIAN_POINT('',(49.355,49.88,10.8875));
#86810=DIRECTION('',(-0.707106781186548,-0.,0.707106781186548));
#86820=DIRECTION('',(-0.707106781186548,0.,-0.707106781186548));
#86830=AXIS2_PLACEMENT_3D('',#86800,#86810,#86820);
#86840=PLANE('',#86830);
#86850=ORIENTED_EDGE('',*,*,#84790,.T.);
#86860=ORIENTED_EDGE('',*,*,#58300,.F.);
#86870=ORIENTED_EDGE('',*,*,#33930,.F.);
#86880=ORIENTED_EDGE('',*,*,#86750,.T.);
#86890=EDGE_LOOP('',(#86880,#86870,#86860,#86850));
#86900=FACE_OUTER_BOUND('',#86890,.T.);
#86910=ADVANCED_FACE('',(#86900),#86840,.T.);
#86920=CARTESIAN_POINT('',(49.38,49.935,10.925));
#86930=DIRECTION('',(0.707106781186548,0.707106781186548,-0.));
#86940=DIRECTION('',(-0.707106781186548,0.707106781186548,0.));
#86950=AXIS2_PLACEMENT_3D('',#86920,#86930,#86940);
#86960=PLANE('',#86950);
#86970=ORIENTED_EDGE('',*,*,#86100,.T.);
#86980=ORIENTED_EDGE('',*,*,#84000,.F.);
#86990=ORIENTED_EDGE('',*,*,#66680,.F.);
#87000=ORIENTED_EDGE('',*,*,#86320,.F.);
#87010=EDGE_LOOP('',(#87000,#86990,#86980,#86970));
#87020=FACE_OUTER_BOUND('',#87010,.T.);
#87030=ADVANCED_FACE('',(#87020),#86960,.T.);
#87040=CARTESIAN_POINT('',(48.0687715809733,49.745,10.675));
#87050=DIRECTION('',(-0.,-0.,1.));
#87060=DIRECTION('',(1.,0.,-0.));
#87070=AXIS2_PLACEMENT_3D('',#87040,#87050,#87060);
#87080=PLANE('',#87070);
#87090=CARTESIAN_POINT('',(49.44,49.795,10.675));
#87100=DIRECTION('',(0.,1.,0.));
#87110=VECTOR('',#87100,1.);
#87120=LINE('',#87090,#87110);
#87130=CARTESIAN_POINT('',(49.44,49.795,10.675));
#87140=VERTEX_POINT('',#87130);
#87150=CARTESIAN_POINT('',(49.44,49.8908565314309,10.675));
#87160=VERTEX_POINT('',#87150);
#87170=EDGE_CURVE('',#87140,#87160,#87120,.T.);
#87180=ORIENTED_EDGE('',*,*,#87170,.T.);
#87190=CARTESIAN_POINT('',(49.38,49.795,10.675));
#87200=DIRECTION('',(1.,0.,0.));
#87210=VECTOR('',#87200,1.);
#87220=LINE('',#87190,#87210);
#87230=CARTESIAN_POINT('',(49.38,49.795,10.675));
#87240=VERTEX_POINT('',#87230);
#87250=EDGE_CURVE('',#87240,#87140,#87220,.T.);
#87260=ORIENTED_EDGE('',*,*,#87250,.T.);
#87270=CARTESIAN_POINT('',(49.38,49.795,10.675));
#87280=DIRECTION('',(-1.,0.,0.));
#87290=VECTOR('',#87280,1.);
#87300=LINE('',#87270,#87290);
#87310=EDGE_CURVE('',#87240,#69260,#87300,.T.);
#87320=ORIENTED_EDGE('',*,*,#87310,.F.);
#87330=ORIENTED_EDGE('',*,*,#69270,.T.);
#87340=ORIENTED_EDGE('',*,*,#66440,.F.);
#87350=CARTESIAN_POINT('',(49.42,49.895,10.675));
#87360=DIRECTION('',(-0.707106781186548,0.707106781186548,0.));
#87370=VECTOR('',#87360,1.);
#87380=LINE('',#87350,#87370);
#87390=CARTESIAN_POINT('',(49.42,49.895,10.675));
#87400=VERTEX_POINT('',#87390);
#87410=EDGE_CURVE('',#87400,#66350,#87380,.T.);
#87420=ORIENTED_EDGE('',*,*,#87410,.T.);
#87430=CARTESIAN_POINT('',(49.44,49.8908565314309,10.675));
#87440=DIRECTION('',(-0.979206593891497,0.202865587223197,0.));
#87450=VECTOR('',#87440,1.);
#87460=LINE('',#87430,#87450);
#87470=EDGE_CURVE('',#87160,#87400,#87460,.T.);
#87480=ORIENTED_EDGE('',*,*,#87470,.T.);
#87490=EDGE_LOOP('',(#87480,#87420,#87340,#87330,#87320,#87260,#87180));
#87500=FACE_OUTER_BOUND('',#87490,.T.);
#87510=ADVANCED_FACE('',(#87500),#87080,.T.);
#87520=CARTESIAN_POINT('',(49.42,49.895,10.525));
#87530=DIRECTION('',(0.202865587223184,0.9792065938915,-0.));
#87540=DIRECTION('',(-0.9792065938915,0.202865587223184,0.));
#87550=AXIS2_PLACEMENT_3D('',#87520,#87530,#87540);
#87560=PLANE('',#87550);
#87570=CARTESIAN_POINT('',(49.44,49.8908565314309,10.675));
#87580=DIRECTION('',(0.,0.,-1.));
#87590=VECTOR('',#87580,1.);
#87600=LINE('',#87570,#87590);
#87610=CARTESIAN_POINT('',(49.44,49.8908565314309,10.525));
#87620=VERTEX_POINT('',#87610);
#87630=EDGE_CURVE('',#87160,#87620,#87600,.T.);
#87640=ORIENTED_EDGE('',*,*,#87630,.T.);
#87650=ORIENTED_EDGE('',*,*,#87470,.F.);
#87660=CARTESIAN_POINT('',(49.42,49.895,10.675));
#87670=DIRECTION('',(0.,0.,-1.));
#87680=VECTOR('',#87670,1.);
#87690=LINE('',#87660,#87680);
#87700=CARTESIAN_POINT('',(49.42,49.895,10.525));
#87710=VERTEX_POINT('',#87700);
#87720=EDGE_CURVE('',#87400,#87710,#87690,.T.);
#87730=ORIENTED_EDGE('',*,*,#87720,.F.);
#87740=CARTESIAN_POINT('',(49.42,49.895,10.525));
#87750=DIRECTION('',(0.979206593891497,-0.202865587223197,0.));
#87760=VECTOR('',#87750,1.);
#87770=LINE('',#87740,#87760);
#87780=EDGE_CURVE('',#87710,#87620,#87770,.T.);
#87790=ORIENTED_EDGE('',*,*,#87780,.F.);
#87800=EDGE_LOOP('',(#87790,#87730,#87650,#87640));
#87810=FACE_OUTER_BOUND('',#87800,.T.);
#87820=ADVANCED_FACE('',(#87810),#87560,.T.);
#87830=CARTESIAN_POINT('',(48.0687715809733,49.745,10.525));
#87840=DIRECTION('',(-0.,-0.,1.));
#87850=DIRECTION('',(1.,0.,-0.));
#87860=AXIS2_PLACEMENT_3D('',#87830,#87840,#87850);
#87870=PLANE('',#87860);
#87880=CARTESIAN_POINT('',(49.44,49.795,10.525));
#87890=DIRECTION('',(0.,1.,0.));
#87900=VECTOR('',#87890,1.);
#87910=LINE('',#87880,#87900);
#87920=CARTESIAN_POINT('',(49.44,49.795,10.525));
#87930=VERTEX_POINT('',#87920);
#87940=EDGE_CURVE('',#87930,#87620,#87910,.T.);
#87950=ORIENTED_EDGE('',*,*,#87940,.F.);
#87960=ORIENTED_EDGE('',*,*,#87780,.T.);
#87970=CARTESIAN_POINT('',(49.38,49.935,10.525));
#87980=DIRECTION('',(0.707106781186548,-0.707106781186548,0.));
#87990=VECTOR('',#87980,1.);
#88000=LINE('',#87970,#87990);
#88010=EDGE_CURVE('',#66270,#87710,#88000,.T.);
#88020=ORIENTED_EDGE('',*,*,#88010,.T.);
#88030=ORIENTED_EDGE('',*,*,#66280,.T.);
#88040=ORIENTED_EDGE('',*,*,#69410,.T.);
#88050=CARTESIAN_POINT('',(49.38,49.795,10.525));
#88060=DIRECTION('',(-1.,0.,0.));
#88070=VECTOR('',#88060,1.);
#88080=LINE('',#88050,#88070);
#88090=CARTESIAN_POINT('',(49.38,49.795,10.525));
#88100=VERTEX_POINT('',#88090);
#88110=EDGE_CURVE('',#88100,#69340,#88080,.T.);
#88120=ORIENTED_EDGE('',*,*,#88110,.T.);
#88130=CARTESIAN_POINT('',(49.38,49.795,10.525));
#88140=DIRECTION('',(1.,0.,0.));
#88150=VECTOR('',#88140,1.);
#88160=LINE('',#88130,#88150);
#88170=EDGE_CURVE('',#88100,#87930,#88160,.T.);
#88180=ORIENTED_EDGE('',*,*,#88170,.F.);
#88190=EDGE_LOOP('',(#88180,#88120,#88040,#88030,#88020,#87960,#87950));
#88200=FACE_OUTER_BOUND('',#88190,.T.);
#88210=ADVANCED_FACE('',(#88200),#87870,.F.);
#88220=CARTESIAN_POINT('',(49.67,49.795,10.6));
#88230=DIRECTION('',(-8.16340459283203E-17,1.,-0.));
#88240=DIRECTION('',(1.,8.16340459283203E-17,0.));
#88250=AXIS2_PLACEMENT_3D('',#88220,#88230,#88240);
#88260=PLANE('',#88250);
#88270=CARTESIAN_POINT('',(49.38,49.795,10.5125));
#88280=DIRECTION('',(1.,0.,0.));
#88290=VECTOR('',#88280,1.);
#88300=LINE('',#88270,#88290);
#88310=CARTESIAN_POINT('',(49.38,49.795,10.5125));
#88320=VERTEX_POINT('',#88310);
#88330=CARTESIAN_POINT('',(49.44,49.795,10.5125));
#88340=VERTEX_POINT('',#88330);
#88350=EDGE_CURVE('',#88320,#88340,#88300,.T.);
#88360=ORIENTED_EDGE('',*,*,#88350,.F.);
#88370=CARTESIAN_POINT('',(49.44,49.795,10.525));
#88380=DIRECTION('',(0.,0.,-1.));
#88390=VECTOR('',#88380,1.);
#88400=LINE('',#88370,#88390);
#88410=EDGE_CURVE('',#87930,#88340,#88400,.T.);
#88420=ORIENTED_EDGE('',*,*,#88410,.T.);
#88430=ORIENTED_EDGE('',*,*,#88170,.T.);
#88440=CARTESIAN_POINT('',(49.38,49.795,10.525));
#88450=DIRECTION('',(0.,0.,-1.));
#88460=VECTOR('',#88450,1.);
#88470=LINE('',#88440,#88460);
#88480=EDGE_CURVE('',#88100,#88320,#88470,.T.);
#88490=ORIENTED_EDGE('',*,*,#88480,.F.);
#88500=EDGE_LOOP('',(#88490,#88430,#88420,#88360));
#88510=FACE_OUTER_BOUND('',#88500,.T.);
#88520=ADVANCED_FACE('',(#88510),#88260,.T.);
#88530=CARTESIAN_POINT('',(49.355,49.77,10.6));
#88540=DIRECTION('',(-0.707106781186547,0.707106781186548,-0.));
#88550=DIRECTION('',(-0.707106781186548,-0.707106781186547,0.));
#88560=AXIS2_PLACEMENT_3D('',#88530,#88540,#88550);
#88570=PLANE('',#88560);
#88580=CARTESIAN_POINT('',(49.38,49.795,10.6875));
#88590=DIRECTION('',(-0.577350269189653,-0.577350269189571,
0.577350269189653));
#88600=VECTOR('',#88590,1.);
#88610=LINE('',#88580,#88600);
#88620=CARTESIAN_POINT('',(49.38,49.795,10.6875));
#88630=VERTEX_POINT('',#88620);
#88640=EDGE_CURVE('',#88630,#58140,#88610,.T.);
#88650=ORIENTED_EDGE('',*,*,#88640,.F.);
#88660=ORIENTED_EDGE('',*,*,#58150,.F.);
#88670=CARTESIAN_POINT('',(49.38,49.795,10.5125));
#88680=DIRECTION('',(-0.577350269189701,-0.577350269189537,
-0.577350269189639));
#88690=VECTOR('',#88680,1.);
#88700=LINE('',#88670,#88690);
#88710=EDGE_CURVE('',#88320,#58060,#88700,.T.);
#88720=ORIENTED_EDGE('',*,*,#88710,.T.);
#88730=ORIENTED_EDGE('',*,*,#88480,.T.);
#88740=CARTESIAN_POINT('',(49.38,49.795,10.525));
#88750=DIRECTION('',(0.,0.,1.));
#88760=VECTOR('',#88750,1.);
#88770=LINE('',#88740,#88760);
#88780=EDGE_CURVE('',#88100,#87240,#88770,.T.);
#88790=ORIENTED_EDGE('',*,*,#88780,.F.);
#88800=CARTESIAN_POINT('',(49.38,49.795,10.6875));
#88810=DIRECTION('',(0.,0.,-1.));
#88820=VECTOR('',#88810,1.);
#88830=LINE('',#88800,#88820);
#88840=EDGE_CURVE('',#88630,#87240,#88830,.T.);
#88850=ORIENTED_EDGE('',*,*,#88840,.T.);
#88860=EDGE_LOOP('',(#88850,#88790,#88730,#88720,#88660,#88650));
#88870=FACE_OUTER_BOUND('',#88860,.T.);
#88880=ADVANCED_FACE('',(#88870),#88570,.T.);
#88890=CARTESIAN_POINT('',(49.67,49.795,10.6));
#88900=DIRECTION('',(-8.16340459283203E-17,1.,-0.));
#88910=DIRECTION('',(1.,8.16340459283203E-17,0.));
#88920=AXIS2_PLACEMENT_3D('',#88890,#88900,#88910);
#88930=PLANE('',#88920);
#88940=ORIENTED_EDGE('',*,*,#87250,.F.);
#88950=CARTESIAN_POINT('',(49.44,49.795,10.6875));
#88960=DIRECTION('',(0.,0.,-1.));
#88970=VECTOR('',#88960,1.);
#88980=LINE('',#88950,#88970);
#88990=CARTESIAN_POINT('',(49.44,49.795,10.6875));
#89000=VERTEX_POINT('',#88990);
#89010=EDGE_CURVE('',#89000,#87140,#88980,.T.);
#89020=ORIENTED_EDGE('',*,*,#89010,.T.);
#89030=CARTESIAN_POINT('',(49.38,49.795,10.6875));
#89040=DIRECTION('',(1.,0.,0.));
#89050=VECTOR('',#89040,1.);
#89060=LINE('',#89030,#89050);
#89070=EDGE_CURVE('',#88630,#89000,#89060,.T.);
#89080=ORIENTED_EDGE('',*,*,#89070,.T.);
#89090=ORIENTED_EDGE('',*,*,#88840,.F.);
#89100=EDGE_LOOP('',(#89090,#89080,#89020,#88940));
#89110=FACE_OUTER_BOUND('',#89100,.T.);
#89120=ADVANCED_FACE('',(#89110),#88930,.T.);
#89130=CARTESIAN_POINT('',(49.44,49.855,10.6));
#89140=DIRECTION('',(-1.,-0.,-0.));
#89150=DIRECTION('',(0.,1.,0.));
#89160=AXIS2_PLACEMENT_3D('',#89130,#89140,#89150);
#89170=PLANE('',#89160);
#89180=ORIENTED_EDGE('',*,*,#89010,.F.);
#89190=ORIENTED_EDGE('',*,*,#87170,.F.);
#89200=ORIENTED_EDGE('',*,*,#87630,.F.);
#89210=ORIENTED_EDGE('',*,*,#87940,.T.);
#89220=ORIENTED_EDGE('',*,*,#88410,.F.);
#89230=CARTESIAN_POINT('',(49.44,49.795,10.5125));
#89240=DIRECTION('',(0.,1.,0.));
#89250=VECTOR('',#89240,1.);
#89260=LINE('',#89230,#89250);
#89270=EDGE_CURVE('',#88340,#34240,#89260,.T.);
#89280=ORIENTED_EDGE('',*,*,#89270,.F.);
#89290=ORIENTED_EDGE('',*,*,#34250,.F.);
#89300=CARTESIAN_POINT('',(49.44,49.795,10.6875));
#89310=DIRECTION('',(0.,1.,0.));
#89320=VECTOR('',#89310,1.);
#89330=LINE('',#89300,#89320);
#89340=EDGE_CURVE('',#89000,#34160,#89330,.T.);
#89350=ORIENTED_EDGE('',*,*,#89340,.T.);
#89360=EDGE_LOOP('',(#89350,#89290,#89280,#89220,#89210,#89200,#89190,
#89180));
#89370=FACE_OUTER_BOUND('',#89360,.T.);
#89380=ADVANCED_FACE('',(#89370),#89170,.T.);
#89390=CARTESIAN_POINT('',(48.2,49.675,10.6875));
#89400=DIRECTION('',(-0.,-0.,1.));
#89410=DIRECTION('',(1.,0.,-0.));
#89420=AXIS2_PLACEMENT_3D('',#89390,#89400,#89410);
#89430=PLANE('',#89420);
#89440=ORIENTED_EDGE('',*,*,#89070,.F.);
#89450=ORIENTED_EDGE('',*,*,#89340,.F.);
#89460=ORIENTED_EDGE('',*,*,#34170,.F.);
#89470=CARTESIAN_POINT('',(49.38,49.795,10.6875));
#89480=DIRECTION('',(0.,1.,0.));
#89490=VECTOR('',#89480,1.);
#89500=LINE('',#89470,#89490);
#89510=EDGE_CURVE('',#88630,#34080,#89500,.T.);
#89520=ORIENTED_EDGE('',*,*,#89510,.T.);
#89530=EDGE_LOOP('',(#89520,#89460,#89450,#89440));
#89540=FACE_OUTER_BOUND('',#89530,.T.);
#89550=ADVANCED_FACE('',(#89540),#89430,.F.);
#89560=CARTESIAN_POINT('',(49.355,49.88,10.7125));
#89570=DIRECTION('',(0.707106781186548,-0.,0.707106781186548));
#89580=DIRECTION('',(-0.707106781186548,0.,0.707106781186548));
#89590=AXIS2_PLACEMENT_3D('',#89560,#89570,#89580);
#89600=PLANE('',#89590);
#89610=ORIENTED_EDGE('',*,*,#34090,.F.);
#89620=ORIENTED_EDGE('',*,*,#58210,.T.);
#89630=ORIENTED_EDGE('',*,*,#88640,.T.);
#89640=ORIENTED_EDGE('',*,*,#89510,.F.);
#89650=EDGE_LOOP('',(#89640,#89630,#89620,#89610));
#89660=FACE_OUTER_BOUND('',#89650,.T.);
#89670=ADVANCED_FACE('',(#89660),#89600,.F.);
#89680=CARTESIAN_POINT('',(48.2,49.675,10.5125));
#89690=DIRECTION('',(-0.,-0.,1.));
#89700=DIRECTION('',(1.,0.,-0.));
#89710=AXIS2_PLACEMENT_3D('',#89680,#89690,#89700);
#89720=PLANE('',#89710);
#89730=ORIENTED_EDGE('',*,*,#34330,.T.);
#89740=ORIENTED_EDGE('',*,*,#89270,.T.);
#89750=ORIENTED_EDGE('',*,*,#88350,.T.);
#89760=CARTESIAN_POINT('',(49.38,49.795,10.5125));
#89770=DIRECTION('',(0.,1.,0.));
#89780=VECTOR('',#89770,1.);
#89790=LINE('',#89760,#89780);
#89800=EDGE_CURVE('',#88320,#34320,#89790,.T.);
#89810=ORIENTED_EDGE('',*,*,#89800,.F.);
#89820=EDGE_LOOP('',(#89810,#89750,#89740,#89730));
#89830=FACE_OUTER_BOUND('',#89820,.T.);
#89840=ADVANCED_FACE('',(#89830),#89720,.T.);
#89850=CARTESIAN_POINT('',(49.355,49.88,10.4875));
#89860=DIRECTION('',(-0.707106781186548,-0.,0.707106781186548));
#89870=DIRECTION('',(-0.707106781186548,0.,-0.707106781186548));
#89880=AXIS2_PLACEMENT_3D('',#89850,#89860,#89870);
#89890=PLANE('',#89880);
#89900=ORIENTED_EDGE('',*,*,#88710,.F.);
#89910=ORIENTED_EDGE('',*,*,#58070,.F.);
#89920=ORIENTED_EDGE('',*,*,#34410,.F.);
#89930=ORIENTED_EDGE('',*,*,#89800,.T.);
#89940=EDGE_LOOP('',(#89930,#89920,#89910,#89900));
#89950=FACE_OUTER_BOUND('',#89940,.T.);
#89960=ADVANCED_FACE('',(#89950),#89890,.T.);
#89970=CARTESIAN_POINT('',(49.59,49.795,10.525));
#89980=DIRECTION('',(-1.73472347597681E-16,-1.,-0.));
#89990=DIRECTION('',(1.,-1.73472347597681E-16,0.));
#90000=AXIS2_PLACEMENT_3D('',#89970,#89980,#89990);
#90010=PLANE('',#90000);
#90020=ORIENTED_EDGE('',*,*,#88780,.T.);
#90030=ORIENTED_EDGE('',*,*,#88110,.F.);
#90040=ORIENTED_EDGE('',*,*,#69350,.F.);
#90050=ORIENTED_EDGE('',*,*,#87310,.T.);
#90060=EDGE_LOOP('',(#90050,#90040,#90030,#90020));
#90070=FACE_OUTER_BOUND('',#90060,.T.);
#90080=ADVANCED_FACE('',(#90070),#90010,.T.);
#90090=CARTESIAN_POINT('',(49.38,49.935,10.525));
#90100=DIRECTION('',(0.707106781186548,0.707106781186548,-0.));
#90110=DIRECTION('',(-0.707106781186548,0.707106781186548,0.));
#90120=AXIS2_PLACEMENT_3D('',#90090,#90100,#90110);
#90130=PLANE('',#90120);
#90140=ORIENTED_EDGE('',*,*,#87720,.T.);
#90150=ORIENTED_EDGE('',*,*,#87410,.F.);
#90160=ORIENTED_EDGE('',*,*,#66360,.F.);
#90170=ORIENTED_EDGE('',*,*,#88010,.F.);
#90180=EDGE_LOOP('',(#90170,#90160,#90150,#90140));
#90190=FACE_OUTER_BOUND('',#90180,.T.);
#90200=ADVANCED_FACE('',(#90190),#90130,.T.);
#90210=CARTESIAN_POINT('',(49.59,49.795,10.125));
#90220=DIRECTION('',(-1.73472347597681E-16,-1.,-0.));
#90230=DIRECTION('',(1.,-1.73472347597681E-16,0.));
#90240=AXIS2_PLACEMENT_3D('',#90210,#90220,#90230);
#90250=PLANE('',#90240);
#90260=ORIENTED_EDGE('',*,*,#69490,.F.);
#90270=ORIENTED_EDGE('',*,*,#62900,.T.);
#90280=ORIENTED_EDGE('',*,*,#62490,.T.);
#90290=ORIENTED_EDGE('',*,*,#63680,.F.);
#90300=EDGE_LOOP('',(#90290,#90280,#90270,#90260));
#90310=FACE_OUTER_BOUND('',#90300,.T.);
#90320=ADVANCED_FACE('',(#90310),#90250,.T.);
#90330=CARTESIAN_POINT('',(49.0799995839305,49.585,13.6));
#90340=DIRECTION('',(-0.,-1.,-0.));
#90350=DIRECTION('',(-1.,0.,0.));
#90360=AXIS2_PLACEMENT_3D('',#90330,#90340,#90350);
#90370=PLANE('',#90360);
#90380=ORIENTED_EDGE('',*,*,#56870,.T.);
#90390=ORIENTED_EDGE('',*,*,#69590,.F.);
#90400=ORIENTED_EDGE('',*,*,#55440,.F.);
#90410=CARTESIAN_POINT('',(48.6099995839305,49.585,15.5));
#90420=DIRECTION('',(0.,0.,-1.));
#90430=VECTOR('',#90420,1.);
#90440=LINE('',#90410,#90430);
#90450=EDGE_CURVE('',#56860,#55350,#90440,.T.);
#90460=ORIENTED_EDGE('',*,*,#90450,.T.);
#90470=EDGE_LOOP('',(#90460,#90400,#90390,#90380));
#90480=FACE_OUTER_BOUND('',#90470,.T.);
#90490=ADVANCED_FACE('',(#90480),#90370,.T.);
#90500=CARTESIAN_POINT('',(48.9599995839305,49.525,12.4));
#90510=DIRECTION('',(0.168963815110844,0.985622254813267,-0.));
#90520=DIRECTION('',(-0.985622254813267,0.168963815110844,0.));
#90530=AXIS2_PLACEMENT_3D('',#90500,#90510,#90520);
#90540=PLANE('',#90530);
#90550=ORIENTED_EDGE('',*,*,#56950,.F.);
#90560=ORIENTED_EDGE('',*,*,#90450,.F.);
#90570=ORIENTED_EDGE('',*,*,#55360,.F.);
#90580=CARTESIAN_POINT('',(48.2599995839306,49.645,15.5));
#90590=DIRECTION('',(0.,0.,-1.));
#90600=VECTOR('',#90590,1.);
#90610=LINE('',#90580,#90600);
#90620=EDGE_CURVE('',#56940,#55270,#90610,.T.);
#90630=ORIENTED_EDGE('',*,*,#90620,.T.);
#90640=EDGE_LOOP('',(#90630,#90570,#90560,#90550));
#90650=FACE_OUTER_BOUND('',#90640,.T.);
#90660=ADVANCED_FACE('',(#90650),#90540,.F.);
#90670=CARTESIAN_POINT('',(47.3399995839305,49.645,12.1));
#90680=DIRECTION('',(-0.,1.,-0.));
#90690=DIRECTION('',(-1.,-0.,0.));
#90700=AXIS2_PLACEMENT_3D('',#90670,#90680,#90690);
#90710=PLANE('',#90700);
#90720=ORIENTED_EDGE('',*,*,#57030,.T.);
#90730=ORIENTED_EDGE('',*,*,#90620,.F.);
#90740=ORIENTED_EDGE('',*,*,#55280,.F.);
#90750=CARTESIAN_POINT('',(48.01,49.645,9.69999999999998));
#90760=DIRECTION('',(0.,0.,1.));
#90770=VECTOR('',#90760,1.);
#90780=LINE('',#90750,#90770);
#90790=EDGE_CURVE('',#55190,#57020,#90780,.T.);
#90800=ORIENTED_EDGE('',*,*,#90790,.F.);
#90810=EDGE_LOOP('',(#90800,#90740,#90730,#90720));
#90820=FACE_OUTER_BOUND('',#90810,.T.);
#90830=ADVANCED_FACE('',(#90820),#90710,.F.);
#90840=CARTESIAN_POINT('',(48.01,49.465,12.5125));
#90850=DIRECTION('',(-1.,-0.,-0.));
#90860=DIRECTION('',(0.,-1.,0.));
#90870=AXIS2_PLACEMENT_3D('',#90840,#90850,#90860);
#90880=PLANE('',#90870);
#90890=CARTESIAN_POINT('',(48.01,49.465,9.69999999999998));
#90900=DIRECTION('',(0.,0.,1.));
#90910=VECTOR('',#90900,1.);
#90920=LINE('',#90890,#90910);
#90930=EDGE_CURVE('',#55110,#57100,#90920,.T.);
#90940=ORIENTED_EDGE('',*,*,#90930,.F.);
#90950=ORIENTED_EDGE('',*,*,#57110,.T.);
#90960=ORIENTED_EDGE('',*,*,#90790,.T.);
#90970=ORIENTED_EDGE('',*,*,#55200,.F.);
#90980=EDGE_LOOP('',(#90970,#90960,#90950,#90940));
#90990=FACE_OUTER_BOUND('',#90980,.T.);
#91000=ADVANCED_FACE('',(#90990),#90880,.F.);
#91010=CARTESIAN_POINT('',(48.16,49.465,10.8));
#91020=DIRECTION('',(1.85037170770859E-16,-1.,-0.));
#91030=DIRECTION('',(1.,1.85037170770859E-16,0.));
#91040=AXIS2_PLACEMENT_3D('',#91010,#91020,#91030);
#91050=PLANE('',#91040);
#91060=ORIENTED_EDGE('',*,*,#56330,.F.);
#91070=ORIENTED_EDGE('',*,*,#57170,.T.);
#91080=ORIENTED_EDGE('',*,*,#90930,.T.);
#91090=ORIENTED_EDGE('',*,*,#55120,.F.);
#91100=EDGE_LOOP('',(#91090,#91080,#91070,#91060));
#91110=FACE_OUTER_BOUND('',#91100,.T.);
#91120=ADVANCED_FACE('',(#91110),#91050,.F.);
#91130=CARTESIAN_POINT('',(48.0687715809733,49.745,15.075));
#91140=DIRECTION('',(-0.,-0.,1.));
#91150=DIRECTION('',(1.,0.,-0.));
#91160=AXIS2_PLACEMENT_3D('',#91130,#91140,#91150);
#91170=PLANE('',#91160);
#91180=ORIENTED_EDGE('',*,*,#65840,.F.);
#91190=CARTESIAN_POINT('',(49.42,49.895,15.075));
#91200=DIRECTION('',(-0.707106781186548,0.707106781186548,0.));
#91210=VECTOR('',#91200,1.);
#91220=LINE('',#91190,#91210);
#91230=CARTESIAN_POINT('',(49.42,49.895,15.075));
#91240=VERTEX_POINT('',#91230);
#91250=EDGE_CURVE('',#91240,#65750,#91220,.T.);
#91260=ORIENTED_EDGE('',*,*,#91250,.T.);
#91270=CARTESIAN_POINT('',(49.44,49.8908565314309,15.075));
#91280=DIRECTION('',(-0.979206593891497,0.202865587223197,0.));
#91290=VECTOR('',#91280,1.);
#91300=LINE('',#91270,#91290);
#91310=CARTESIAN_POINT('',(49.44,49.8908565314309,15.075));
#91320=VERTEX_POINT('',#91310);
#91330=EDGE_CURVE('',#91320,#91240,#91300,.T.);
#91340=ORIENTED_EDGE('',*,*,#91330,.T.);
#91350=CARTESIAN_POINT('',(49.44,49.795,15.075));
#91360=DIRECTION('',(0.,1.,0.));
#91370=VECTOR('',#91360,1.);
#91380=LINE('',#91350,#91370);
#91390=CARTESIAN_POINT('',(49.44,49.795,15.075));
#91400=VERTEX_POINT('',#91390);
#91410=EDGE_CURVE('',#91400,#91320,#91380,.T.);
#91420=ORIENTED_EDGE('',*,*,#91410,.T.);
#91430=CARTESIAN_POINT('',(49.38,49.795,15.075));
#91440=DIRECTION('',(1.,0.,0.));
#91450=VECTOR('',#91440,1.);
#91460=LINE('',#91430,#91450);
#91470=CARTESIAN_POINT('',(49.38,49.795,15.075));
#91480=VERTEX_POINT('',#91470);
#91490=EDGE_CURVE('',#91480,#91400,#91460,.T.);
#91500=ORIENTED_EDGE('',*,*,#91490,.T.);
#91510=CARTESIAN_POINT('',(49.38,49.795,15.075));
#91520=DIRECTION('',(-1.,0.,0.));
#91530=VECTOR('',#91520,1.);
#91540=LINE('',#91510,#91530);
#91550=EDGE_CURVE('',#91480,#69690,#91540,.T.);
#91560=ORIENTED_EDGE('',*,*,#91550,.F.);
#91570=ORIENTED_EDGE('',*,*,#69700,.T.);
#91580=EDGE_LOOP('',(#91570,#91560,#91500,#91420,#91340,#91260,#91180));
#91590=FACE_OUTER_BOUND('',#91580,.T.);
#91600=ADVANCED_FACE('',(#91590),#91170,.T.);
#91610=CARTESIAN_POINT('',(49.38,49.935,15.075));
#91620=DIRECTION('',(-0.707106781186548,-0.707106781186548,-0.));
#91630=DIRECTION('',(-0.707106781186548,0.707106781186548,0.));
#91640=AXIS2_PLACEMENT_3D('',#91610,#91620,#91630);
#91650=PLANE('',#91640);
#91660=ORIENTED_EDGE('',*,*,#91250,.F.);
#91670=ORIENTED_EDGE('',*,*,#65760,.T.);
#91680=CARTESIAN_POINT('',(49.38,49.935,14.925));
#91690=DIRECTION('',(0.707106781186548,-0.707106781186548,0.));
#91700=VECTOR('',#91690,1.);
#91710=LINE('',#91680,#91700);
#91720=CARTESIAN_POINT('',(49.42,49.895,14.925));
#91730=VERTEX_POINT('',#91720);
#91740=EDGE_CURVE('',#65670,#91730,#91710,.T.);
#91750=ORIENTED_EDGE('',*,*,#91740,.F.);
#91760=CARTESIAN_POINT('',(49.42,49.895,14.925));
#91770=DIRECTION('',(0.,0.,1.));
#91780=VECTOR('',#91770,1.);
#91790=LINE('',#91760,#91780);
#91800=EDGE_CURVE('',#91730,#91240,#91790,.T.);
#91810=ORIENTED_EDGE('',*,*,#91800,.F.);
#91820=EDGE_LOOP('',(#91810,#91750,#91670,#91660));
#91830=FACE_OUTER_BOUND('',#91820,.T.);
#91840=ADVANCED_FACE('',(#91830),#91650,.F.);
#91850=CARTESIAN_POINT('',(49.42,49.895,15.075));
#91860=DIRECTION('',(-0.202865587223184,-0.9792065938915,-0.));
#91870=DIRECTION('',(-0.9792065938915,0.202865587223184,0.));
#91880=AXIS2_PLACEMENT_3D('',#91850,#91860,#91870);
#91890=PLANE('',#91880);
#91900=ORIENTED_EDGE('',*,*,#91330,.F.);
#91910=ORIENTED_EDGE('',*,*,#91800,.T.);
#91920=CARTESIAN_POINT('',(49.42,49.895,14.925));
#91930=DIRECTION('',(0.979206593891497,-0.202865587223197,0.));
#91940=VECTOR('',#91930,1.);
#91950=LINE('',#91920,#91940);
#91960=CARTESIAN_POINT('',(49.44,49.8908565314309,14.925));
#91970=VERTEX_POINT('',#91960);
#91980=EDGE_CURVE('',#91730,#91970,#91950,.T.);
#91990=ORIENTED_EDGE('',*,*,#91980,.F.);
#92000=CARTESIAN_POINT('',(49.44,49.8908565314309,14.925));
#92010=DIRECTION('',(0.,0.,1.));
#92020=VECTOR('',#92010,1.);
#92030=LINE('',#92000,#92020);
#92040=EDGE_CURVE('',#91970,#91320,#92030,.T.);
#92050=ORIENTED_EDGE('',*,*,#92040,.F.);
#92060=EDGE_LOOP('',(#92050,#91990,#91910,#91900));
#92070=FACE_OUTER_BOUND('',#92060,.T.);
#92080=ADVANCED_FACE('',(#92070),#91890,.F.);
#92090=CARTESIAN_POINT('',(49.44,49.855,15.));
#92100=DIRECTION('',(1.,-0.,-0.));
#92110=DIRECTION('',(-0.,1.,0.));
#92120=AXIS2_PLACEMENT_3D('',#92090,#92100,#92110);
#92130=PLANE('',#92120);
#92140=CARTESIAN_POINT('',(49.44,49.795,14.9125));
#92150=DIRECTION('',(0.,1.,0.));
#92160=VECTOR('',#92150,1.);
#92170=LINE('',#92140,#92160);
#92180=CARTESIAN_POINT('',(49.44,49.795,14.9125));
#92190=VERTEX_POINT('',#92180);
#92200=EDGE_CURVE('',#92190,#28960,#92170,.T.);
#92210=ORIENTED_EDGE('',*,*,#92200,.F.);
#92220=ORIENTED_EDGE('',*,*,#28970,.T.);
#92230=CARTESIAN_POINT('',(49.44,49.795,15.0875));
#92240=DIRECTION('',(0.,1.,0.));
#92250=VECTOR('',#92240,1.);
#92260=LINE('',#92230,#92250);
#92270=CARTESIAN_POINT('',(49.44,49.795,15.0875));
#92280=VERTEX_POINT('',#92270);
#92290=EDGE_CURVE('',#92280,#28880,#92260,.T.);
#92300=ORIENTED_EDGE('',*,*,#92290,.T.);
#92310=CARTESIAN_POINT('',(49.44,49.795,15.075));
#92320=DIRECTION('',(0.,0.,1.));
#92330=VECTOR('',#92320,1.);
#92340=LINE('',#92310,#92330);
#92350=EDGE_CURVE('',#91400,#92280,#92340,.T.);
#92360=ORIENTED_EDGE('',*,*,#92350,.T.);
#92370=ORIENTED_EDGE('',*,*,#91410,.F.);
#92380=ORIENTED_EDGE('',*,*,#92040,.T.);
#92390=CARTESIAN_POINT('',(49.44,49.795,14.925));
#92400=DIRECTION('',(0.,1.,0.));
#92410=VECTOR('',#92400,1.);
#92420=LINE('',#92390,#92410);
#92430=CARTESIAN_POINT('',(49.44,49.795,14.925));
#92440=VERTEX_POINT('',#92430);
#92450=EDGE_CURVE('',#92440,#91970,#92420,.T.);
#92460=ORIENTED_EDGE('',*,*,#92450,.T.);
#92470=CARTESIAN_POINT('',(49.44,49.795,14.9125));
#92480=DIRECTION('',(0.,0.,1.));
#92490=VECTOR('',#92480,1.);
#92500=LINE('',#92470,#92490);
#92510=EDGE_CURVE('',#92190,#92440,#92500,.T.);
#92520=ORIENTED_EDGE('',*,*,#92510,.T.);
#92530=EDGE_LOOP('',(#92520,#92460,#92380,#92370,#92360,#92300,#92220,
#92210));
#92540=FACE_OUTER_BOUND('',#92530,.T.);
#92550=ADVANCED_FACE('',(#92540),#92130,.F.);
#92560=CARTESIAN_POINT('',(49.67,49.795,15.));
#92570=DIRECTION('',(8.16340459283203E-17,-1.,-0.));
#92580=DIRECTION('',(1.,8.16340459283203E-17,0.));
#92590=AXIS2_PLACEMENT_3D('',#92560,#92570,#92580);
#92600=PLANE('',#92590);
#92610=CARTESIAN_POINT('',(49.38,49.795,14.9125));
#92620=DIRECTION('',(0.,0.,1.));
#92630=VECTOR('',#92620,1.);
#92640=LINE('',#92610,#92630);
#92650=CARTESIAN_POINT('',(49.38,49.795,14.9125));
#92660=VERTEX_POINT('',#92650);
#92670=CARTESIAN_POINT('',(49.38,49.795,14.925));
#92680=VERTEX_POINT('',#92670);
#92690=EDGE_CURVE('',#92660,#92680,#92640,.T.);
#92700=ORIENTED_EDGE('',*,*,#92690,.T.);
#92710=CARTESIAN_POINT('',(49.38,49.795,14.9125));
#92720=DIRECTION('',(1.,0.,0.));
#92730=VECTOR('',#92720,1.);
#92740=LINE('',#92710,#92730);
#92750=EDGE_CURVE('',#92660,#92190,#92740,.T.);
#92760=ORIENTED_EDGE('',*,*,#92750,.F.);
#92770=ORIENTED_EDGE('',*,*,#92510,.F.);
#92780=CARTESIAN_POINT('',(49.38,49.795,14.925));
#92790=DIRECTION('',(1.,0.,0.));
#92800=VECTOR('',#92790,1.);
#92810=LINE('',#92780,#92800);
#92820=EDGE_CURVE('',#92680,#92440,#92810,.T.);
#92830=ORIENTED_EDGE('',*,*,#92820,.T.);
#92840=EDGE_LOOP('',(#92830,#92770,#92760,#92700));
#92850=FACE_OUTER_BOUND('',#92840,.T.);
#92860=ADVANCED_FACE('',(#92850),#92600,.F.);
#92870=CARTESIAN_POINT('',(48.0687715809733,49.745,14.925));
#92880=DIRECTION('',(-0.,-0.,1.));
#92890=DIRECTION('',(1.,0.,-0.));
#92900=AXIS2_PLACEMENT_3D('',#92870,#92880,#92890);
#92910=PLANE('',#92900);
#92920=ORIENTED_EDGE('',*,*,#91980,.T.);
#92930=ORIENTED_EDGE('',*,*,#91740,.T.);
#92940=ORIENTED_EDGE('',*,*,#65680,.T.);
#92950=ORIENTED_EDGE('',*,*,#69840,.T.);
#92960=CARTESIAN_POINT('',(49.38,49.795,14.925));
#92970=DIRECTION('',(-1.,0.,0.));
#92980=VECTOR('',#92970,1.);
#92990=LINE('',#92960,#92980);
#93000=EDGE_CURVE('',#92680,#69770,#92990,.T.);
#93010=ORIENTED_EDGE('',*,*,#93000,.T.);
#93020=ORIENTED_EDGE('',*,*,#92820,.F.);
#93030=ORIENTED_EDGE('',*,*,#92450,.F.);
#93040=EDGE_LOOP('',(#93030,#93020,#93010,#92950,#92940,#92930,#92920));
#93050=FACE_OUTER_BOUND('',#93040,.T.);
#93060=ADVANCED_FACE('',(#93050),#92910,.F.);
#93070=CARTESIAN_POINT('',(49.59,49.795,15.075));
#93080=DIRECTION('',(1.73472347597681E-16,1.,-0.));
#93090=DIRECTION('',(1.,-1.73472347597681E-16,0.));
#93100=AXIS2_PLACEMENT_3D('',#93070,#93080,#93090);
#93110=PLANE('',#93100);
#93120=ORIENTED_EDGE('',*,*,#91550,.T.);
#93130=CARTESIAN_POINT('',(49.38,49.795,15.075));
#93140=DIRECTION('',(0.,0.,-1.));
#93150=VECTOR('',#93140,1.);
#93160=LINE('',#93130,#93150);
#93170=EDGE_CURVE('',#91480,#92680,#93160,.T.);
#93180=ORIENTED_EDGE('',*,*,#93170,.F.);
#93190=ORIENTED_EDGE('',*,*,#93000,.F.);
#93200=ORIENTED_EDGE('',*,*,#69780,.T.);
#93210=EDGE_LOOP('',(#93200,#93190,#93180,#93120));
#93220=FACE_OUTER_BOUND('',#93210,.T.);
#93230=ADVANCED_FACE('',(#93220),#93110,.F.);
#93240=CARTESIAN_POINT('',(49.355,49.77,15.));
#93250=DIRECTION('',(0.707106781186547,-0.707106781186548,-0.));
#93260=DIRECTION('',(-0.707106781186548,-0.707106781186547,0.));
#93270=AXIS2_PLACEMENT_3D('',#93240,#93250,#93260);
#93280=PLANE('',#93270);
#93290=ORIENTED_EDGE('',*,*,#92690,.F.);
#93300=ORIENTED_EDGE('',*,*,#93170,.T.);
#93310=CARTESIAN_POINT('',(49.38,49.795,15.075));
#93320=DIRECTION('',(0.,0.,1.));
#93330=VECTOR('',#93320,1.);
#93340=LINE('',#93310,#93330);
#93350=CARTESIAN_POINT('',(49.38,49.795,15.0875));
#93360=VERTEX_POINT('',#93350);
#93370=EDGE_CURVE('',#91480,#93360,#93340,.T.);
#93380=ORIENTED_EDGE('',*,*,#93370,.F.);
#93390=CARTESIAN_POINT('',(49.38,49.795,15.0875));
#93400=DIRECTION('',(-0.57735026918966,-0.577350269189578,
0.577350269189639));
#93410=VECTOR('',#93400,1.);
#93420=LINE('',#93390,#93410);
#93430=EDGE_CURVE('',#93360,#60670,#93420,.T.);
#93440=ORIENTED_EDGE('',*,*,#93430,.F.);
#93450=ORIENTED_EDGE('',*,*,#60680,.T.);
#93460=CARTESIAN_POINT('',(49.38,49.795,14.9125));
#93470=DIRECTION('',(-0.577350269189687,-0.577350269189523,
-0.577350269189667));
#93480=VECTOR('',#93470,1.);
#93490=LINE('',#93460,#93480);
#93500=EDGE_CURVE('',#92660,#60590,#93490,.T.);
#93510=ORIENTED_EDGE('',*,*,#93500,.T.);
#93520=EDGE_LOOP('',(#93510,#93450,#93440,#93380,#93300,#93290));
#93530=FACE_OUTER_BOUND('',#93520,.T.);
#93540=ADVANCED_FACE('',(#93530),#93280,.F.);
#93550=CARTESIAN_POINT('',(49.355,49.88,14.8875));
#93560=DIRECTION('',(-0.707106781186548,-0.,0.707106781186548));
#93570=DIRECTION('',(-0.707106781186548,0.,-0.707106781186548));
#93580=AXIS2_PLACEMENT_3D('',#93550,#93560,#93570);
#93590=PLANE('',#93580);
#93600=CARTESIAN_POINT('',(49.38,49.795,14.9125));
#93610=DIRECTION('',(0.,1.,0.));
#93620=VECTOR('',#93610,1.);
#93630=LINE('',#93600,#93620);
#93640=EDGE_CURVE('',#92660,#29040,#93630,.T.);
#93650=ORIENTED_EDGE('',*,*,#93640,.T.);
#93660=ORIENTED_EDGE('',*,*,#93500,.F.);
#93670=ORIENTED_EDGE('',*,*,#60600,.F.);
#93680=ORIENTED_EDGE('',*,*,#29130,.F.);
#93690=EDGE_LOOP('',(#93680,#93670,#93660,#93650));
#93700=FACE_OUTER_BOUND('',#93690,.T.);
#93710=ADVANCED_FACE('',(#93700),#93590,.T.);
#93720=CARTESIAN_POINT('',(48.2,49.675,14.9125));
#93730=DIRECTION('',(-0.,-0.,1.));
#93740=DIRECTION('',(1.,0.,-0.));
#93750=AXIS2_PLACEMENT_3D('',#93720,#93730,#93740);
#93760=PLANE('',#93750);
#93770=ORIENTED_EDGE('',*,*,#93640,.F.);
#93780=ORIENTED_EDGE('',*,*,#29050,.T.);
#93790=ORIENTED_EDGE('',*,*,#92200,.T.);
#93800=ORIENTED_EDGE('',*,*,#92750,.T.);
#93810=EDGE_LOOP('',(#93800,#93790,#93780,#93770));
#93820=FACE_OUTER_BOUND('',#93810,.T.);
#93830=ADVANCED_FACE('',(#93820),#93760,.T.);
#93840=CARTESIAN_POINT('',(49.67,49.795,15.));
#93850=DIRECTION('',(8.16340459283203E-17,-1.,-0.));
#93860=DIRECTION('',(1.,8.16340459283203E-17,0.));
#93870=AXIS2_PLACEMENT_3D('',#93840,#93850,#93860);
#93880=PLANE('',#93870);
#93890=ORIENTED_EDGE('',*,*,#93370,.T.);
#93900=ORIENTED_EDGE('',*,*,#91490,.F.);
#93910=ORIENTED_EDGE('',*,*,#92350,.F.);
#93920=CARTESIAN_POINT('',(49.38,49.795,15.0875));
#93930=DIRECTION('',(1.,0.,0.));
#93940=VECTOR('',#93930,1.);
#93950=LINE('',#93920,#93940);
#93960=EDGE_CURVE('',#93360,#92280,#93950,.T.);
#93970=ORIENTED_EDGE('',*,*,#93960,.T.);
#93980=EDGE_LOOP('',(#93970,#93910,#93900,#93890));
#93990=FACE_OUTER_BOUND('',#93980,.T.);
#94000=ADVANCED_FACE('',(#93990),#93880,.F.);
#94010=CARTESIAN_POINT('',(48.2,49.675,15.0875));
#94020=DIRECTION('',(-0.,-0.,1.));
#94030=DIRECTION('',(1.,0.,-0.));
#94040=AXIS2_PLACEMENT_3D('',#94010,#94020,#94030);
#94050=PLANE('',#94040);
#94060=CARTESIAN_POINT('',(49.38,49.795,15.0875));
#94070=DIRECTION('',(0.,1.,0.));
#94080=VECTOR('',#94070,1.);
#94090=LINE('',#94060,#94080);
#94100=EDGE_CURVE('',#93360,#28800,#94090,.T.);
#94110=ORIENTED_EDGE('',*,*,#94100,.T.);
#94120=ORIENTED_EDGE('',*,*,#93960,.F.);
#94130=ORIENTED_EDGE('',*,*,#92290,.F.);
#94140=ORIENTED_EDGE('',*,*,#28890,.F.);
#94150=EDGE_LOOP('',(#94140,#94130,#94120,#94110));
#94160=FACE_OUTER_BOUND('',#94150,.T.);
#94170=ADVANCED_FACE('',(#94160),#94050,.F.);
#94180=CARTESIAN_POINT('',(49.355,49.88,15.1125));
#94190=DIRECTION('',(0.707106781186548,-0.,0.707106781186548));
#94200=DIRECTION('',(-0.707106781186548,0.,0.707106781186548));
#94210=AXIS2_PLACEMENT_3D('',#94180,#94190,#94200);
#94220=PLANE('',#94210);
#94230=ORIENTED_EDGE('',*,*,#94100,.F.);
#94240=ORIENTED_EDGE('',*,*,#28810,.F.);
#94250=ORIENTED_EDGE('',*,*,#60740,.T.);
#94260=ORIENTED_EDGE('',*,*,#93430,.T.);
#94270=EDGE_LOOP('',(#94260,#94250,#94240,#94230));
#94280=FACE_OUTER_BOUND('',#94270,.T.);
#94290=ADVANCED_FACE('',(#94280),#94220,.F.);
#94300=CARTESIAN_POINT('',(48.0687715809733,49.745,14.675));
#94310=DIRECTION('',(-0.,-0.,1.));
#94320=DIRECTION('',(1.,0.,-0.));
#94330=AXIS2_PLACEMENT_3D('',#94300,#94310,#94320);
#94340=PLANE('',#94330);
#94350=CARTESIAN_POINT('',(49.38,49.795,14.675));
#94360=DIRECTION('',(1.,0.,0.));
#94370=VECTOR('',#94360,1.);
#94380=LINE('',#94350,#94370);
#94390=CARTESIAN_POINT('',(49.38,49.795,14.675));
#94400=VERTEX_POINT('',#94390);
#94410=CARTESIAN_POINT('',(49.44,49.795,14.675));
#94420=VERTEX_POINT('',#94410);
#94430=EDGE_CURVE('',#94400,#94420,#94380,.T.);
#94440=ORIENTED_EDGE('',*,*,#94430,.T.);
#94450=CARTESIAN_POINT('',(49.38,49.795,14.675));
#94460=DIRECTION('',(-1.,0.,0.));
#94470=VECTOR('',#94460,1.);
#94480=LINE('',#94450,#94470);
#94490=EDGE_CURVE('',#94400,#69920,#94480,.T.);
#94500=ORIENTED_EDGE('',*,*,#94490,.F.);
#94510=ORIENTED_EDGE('',*,*,#69930,.T.);
#94520=ORIENTED_EDGE('',*,*,#65520,.F.);
#94530=CARTESIAN_POINT('',(49.42,49.895,14.675));
#94540=DIRECTION('',(-0.707106781186548,0.707106781186548,0.));
#94550=VECTOR('',#94540,1.);
#94560=LINE('',#94530,#94550);
#94570=CARTESIAN_POINT('',(49.42,49.895,14.675));
#94580=VERTEX_POINT('',#94570);
#94590=EDGE_CURVE('',#94580,#65430,#94560,.T.);
#94600=ORIENTED_EDGE('',*,*,#94590,.T.);
#94610=CARTESIAN_POINT('',(49.44,49.8908565314309,14.675));
#94620=DIRECTION('',(-0.979206593891497,0.202865587223197,0.));
#94630=VECTOR('',#94620,1.);
#94640=LINE('',#94610,#94630);
#94650=CARTESIAN_POINT('',(49.44,49.8908565314309,14.675));
#94660=VERTEX_POINT('',#94650);
#94670=EDGE_CURVE('',#94660,#94580,#94640,.T.);
#94680=ORIENTED_EDGE('',*,*,#94670,.T.);
#94690=CARTESIAN_POINT('',(49.44,49.795,14.675));
#94700=DIRECTION('',(0.,1.,0.));
#94710=VECTOR('',#94700,1.);
#94720=LINE('',#94690,#94710);
#94730=EDGE_CURVE('',#94420,#94660,#94720,.T.);
#94740=ORIENTED_EDGE('',*,*,#94730,.T.);
#94750=EDGE_LOOP('',(#94740,#94680,#94600,#94520,#94510,#94500,#94440));
#94760=FACE_OUTER_BOUND('',#94750,.T.);
#94770=ADVANCED_FACE('',(#94760),#94340,.T.);
#94780=CARTESIAN_POINT('',(49.44,49.855,14.6));
#94790=DIRECTION('',(1.,-0.,-0.));
#94800=DIRECTION('',(-0.,1.,0.));
#94810=AXIS2_PLACEMENT_3D('',#94780,#94790,#94800);
#94820=PLANE('',#94810);
#94830=CARTESIAN_POINT('',(49.44,49.795,14.5125));
#94840=DIRECTION('',(0.,1.,0.));
#94850=VECTOR('',#94840,1.);
#94860=LINE('',#94830,#94850);
#94870=CARTESIAN_POINT('',(49.44,49.795,14.5125));
#94880=VERTEX_POINT('',#94870);
#94890=EDGE_CURVE('',#94880,#29440,#94860,.T.);
#94900=ORIENTED_EDGE('',*,*,#94890,.F.);
#94910=ORIENTED_EDGE('',*,*,#29450,.T.);
#94920=CARTESIAN_POINT('',(49.44,49.795,14.6875));
#94930=DIRECTION('',(0.,1.,0.));
#94940=VECTOR('',#94930,1.);
#94950=LINE('',#94920,#94940);
#94960=CARTESIAN_POINT('',(49.44,49.795,14.6875));
#94970=VERTEX_POINT('',#94960);
#94980=EDGE_CURVE('',#94970,#29360,#94950,.T.);
#94990=ORIENTED_EDGE('',*,*,#94980,.T.);
#95000=CARTESIAN_POINT('',(49.44,49.795,14.675));
#95010=DIRECTION('',(0.,0.,1.));
#95020=VECTOR('',#95010,1.);
#95030=LINE('',#95000,#95020);
#95040=EDGE_CURVE('',#94420,#94970,#95030,.T.);
#95050=ORIENTED_EDGE('',*,*,#95040,.T.);
#95060=ORIENTED_EDGE('',*,*,#94730,.F.);
#95070=CARTESIAN_POINT('',(49.44,49.8908565314309,14.525));
#95080=DIRECTION('',(0.,0.,1.));
#95090=VECTOR('',#95080,1.);
#95100=LINE('',#95070,#95090);
#95110=CARTESIAN_POINT('',(49.44,49.8908565314309,14.525));
#95120=VERTEX_POINT('',#95110);
#95130=EDGE_CURVE('',#95120,#94660,#95100,.T.);
#95140=ORIENTED_EDGE('',*,*,#95130,.T.);
#95150=CARTESIAN_POINT('',(49.44,49.795,14.525));
#95160=DIRECTION('',(0.,1.,0.));
#95170=VECTOR('',#95160,1.);
#95180=LINE('',#95150,#95170);
#95190=CARTESIAN_POINT('',(49.44,49.795,14.525));
#95200=VERTEX_POINT('',#95190);
#95210=EDGE_CURVE('',#95200,#95120,#95180,.T.);
#95220=ORIENTED_EDGE('',*,*,#95210,.T.);
#95230=CARTESIAN_POINT('',(49.44,49.795,14.5125));
#95240=DIRECTION('',(0.,0.,1.));
#95250=VECTOR('',#95240,1.);
#95260=LINE('',#95230,#95250);
#95270=EDGE_CURVE('',#94880,#95200,#95260,.T.);
#95280=ORIENTED_EDGE('',*,*,#95270,.T.);
#95290=EDGE_LOOP('',(#95280,#95220,#95140,#95060,#95050,#94990,#94910,
#94900));
#95300=FACE_OUTER_BOUND('',#95290,.T.);
#95310=ADVANCED_FACE('',(#95300),#94820,.F.);
#95320=CARTESIAN_POINT('',(49.67,49.795,14.6));
#95330=DIRECTION('',(8.16340459283203E-17,-1.,-0.));
#95340=DIRECTION('',(1.,8.16340459283203E-17,0.));
#95350=AXIS2_PLACEMENT_3D('',#95320,#95330,#95340);
#95360=PLANE('',#95350);
#95370=CARTESIAN_POINT('',(49.38,49.795,14.5125));
#95380=DIRECTION('',(0.,0.,1.));
#95390=VECTOR('',#95380,1.);
#95400=LINE('',#95370,#95390);
#95410=CARTESIAN_POINT('',(49.38,49.795,14.5125));
#95420=VERTEX_POINT('',#95410);
#95430=CARTESIAN_POINT('',(49.38,49.795,14.525));
#95440=VERTEX_POINT('',#95430);
#95450=EDGE_CURVE('',#95420,#95440,#95400,.T.);
#95460=ORIENTED_EDGE('',*,*,#95450,.T.);
#95470=CARTESIAN_POINT('',(49.38,49.795,14.5125));
#95480=DIRECTION('',(1.,0.,0.));
#95490=VECTOR('',#95480,1.);
#95500=LINE('',#95470,#95490);
#95510=EDGE_CURVE('',#95420,#94880,#95500,.T.);
#95520=ORIENTED_EDGE('',*,*,#95510,.F.);
#95530=ORIENTED_EDGE('',*,*,#95270,.F.);
#95540=CARTESIAN_POINT('',(49.38,49.795,14.525));
#95550=DIRECTION('',(1.,0.,0.));
#95560=VECTOR('',#95550,1.);
#95570=LINE('',#95540,#95560);
#95580=EDGE_CURVE('',#95440,#95200,#95570,.T.);
#95590=ORIENTED_EDGE('',*,*,#95580,.T.);
#95600=EDGE_LOOP('',(#95590,#95530,#95520,#95460));
#95610=FACE_OUTER_BOUND('',#95600,.T.);
#95620=ADVANCED_FACE('',(#95610),#95360,.F.);
#95630=CARTESIAN_POINT('',(48.0687715809733,49.745,14.525));
#95640=DIRECTION('',(-0.,-0.,1.));
#95650=DIRECTION('',(1.,0.,-0.));
#95660=AXIS2_PLACEMENT_3D('',#95630,#95640,#95650);
#95670=PLANE('',#95660);
#95680=CARTESIAN_POINT('',(49.42,49.895,14.525));
#95690=DIRECTION('',(0.979206593891497,-0.202865587223197,0.));
#95700=VECTOR('',#95690,1.);
#95710=LINE('',#95680,#95700);
#95720=CARTESIAN_POINT('',(49.42,49.895,14.525));
#95730=VERTEX_POINT('',#95720);
#95740=EDGE_CURVE('',#95730,#95120,#95710,.T.);
#95750=ORIENTED_EDGE('',*,*,#95740,.T.);
#95760=CARTESIAN_POINT('',(49.38,49.935,14.525));
#95770=DIRECTION('',(0.707106781186548,-0.707106781186548,0.));
#95780=VECTOR('',#95770,1.);
#95790=LINE('',#95760,#95780);
#95800=EDGE_CURVE('',#65350,#95730,#95790,.T.);
#95810=ORIENTED_EDGE('',*,*,#95800,.T.);
#95820=ORIENTED_EDGE('',*,*,#65360,.T.);
#95830=ORIENTED_EDGE('',*,*,#70070,.T.);
#95840=CARTESIAN_POINT('',(49.38,49.795,14.525));
#95850=DIRECTION('',(-1.,0.,0.));
#95860=VECTOR('',#95850,1.);
#95870=LINE('',#95840,#95860);
#95880=EDGE_CURVE('',#95440,#70000,#95870,.T.);
#95890=ORIENTED_EDGE('',*,*,#95880,.T.);
#95900=ORIENTED_EDGE('',*,*,#95580,.F.);
#95910=ORIENTED_EDGE('',*,*,#95210,.F.);
#95920=EDGE_LOOP('',(#95910,#95900,#95890,#95830,#95820,#95810,#95750));
#95930=FACE_OUTER_BOUND('',#95920,.T.);
#95940=ADVANCED_FACE('',(#95930),#95670,.F.);
#95950=CARTESIAN_POINT('',(49.42,49.895,14.675));
#95960=DIRECTION('',(-0.202865587223184,-0.9792065938915,-0.));
#95970=DIRECTION('',(-0.9792065938915,0.202865587223184,0.));
#95980=AXIS2_PLACEMENT_3D('',#95950,#95960,#95970);
#95990=PLANE('',#95980);
#96000=ORIENTED_EDGE('',*,*,#94670,.F.);
#96010=CARTESIAN_POINT('',(49.42,49.895,14.525));
#96020=DIRECTION('',(0.,0.,1.));
#96030=VECTOR('',#96020,1.);
#96040=LINE('',#96010,#96030);
#96050=EDGE_CURVE('',#95730,#94580,#96040,.T.);
#96060=ORIENTED_EDGE('',*,*,#96050,.T.);
#96070=ORIENTED_EDGE('',*,*,#95740,.F.);
#96080=ORIENTED_EDGE('',*,*,#95130,.F.);
#96090=EDGE_LOOP('',(#96080,#96070,#96060,#96000));
#96100=FACE_OUTER_BOUND('',#96090,.T.);
#96110=ADVANCED_FACE('',(#96100),#95990,.F.);
#96120=CARTESIAN_POINT('',(49.38,49.935,14.675));
#96130=DIRECTION('',(-0.707106781186548,-0.707106781186548,-0.));
#96140=DIRECTION('',(-0.707106781186548,0.707106781186548,0.));
#96150=AXIS2_PLACEMENT_3D('',#96120,#96130,#96140);
#96160=PLANE('',#96150);
#96170=ORIENTED_EDGE('',*,*,#94590,.F.);
#96180=ORIENTED_EDGE('',*,*,#65440,.T.);
#96190=ORIENTED_EDGE('',*,*,#95800,.F.);
#96200=ORIENTED_EDGE('',*,*,#96050,.F.);
#96210=EDGE_LOOP('',(#96200,#96190,#96180,#96170));
#96220=FACE_OUTER_BOUND('',#96210,.T.);
#96230=ADVANCED_FACE('',(#96220),#96160,.F.);
#96240=CARTESIAN_POINT('',(49.59,49.795,14.675));
#96250=DIRECTION('',(1.73472347597681E-16,1.,-0.));
#96260=DIRECTION('',(1.,-1.73472347597681E-16,0.));
#96270=AXIS2_PLACEMENT_3D('',#96240,#96250,#96260);
#96280=PLANE('',#96270);
#96290=ORIENTED_EDGE('',*,*,#95880,.F.);
#96300=ORIENTED_EDGE('',*,*,#70010,.T.);
#96310=ORIENTED_EDGE('',*,*,#94490,.T.);
#96320=CARTESIAN_POINT('',(49.38,49.795,14.675));
#96330=DIRECTION('',(0.,0.,-1.));
#96340=VECTOR('',#96330,1.);
#96350=LINE('',#96320,#96340);
#96360=EDGE_CURVE('',#94400,#95440,#96350,.T.);
#96370=ORIENTED_EDGE('',*,*,#96360,.F.);
#96380=EDGE_LOOP('',(#96370,#96310,#96300,#96290));
#96390=FACE_OUTER_BOUND('',#96380,.T.);
#96400=ADVANCED_FACE('',(#96390),#96280,.F.);
#96410=CARTESIAN_POINT('',(49.355,49.77,14.6));
#96420=DIRECTION('',(0.707106781186547,-0.707106781186548,-0.));
#96430=DIRECTION('',(-0.707106781186548,-0.707106781186547,0.));
#96440=AXIS2_PLACEMENT_3D('',#96410,#96420,#96430);
#96450=PLANE('',#96440);
#96460=ORIENTED_EDGE('',*,*,#95450,.F.);
#96470=ORIENTED_EDGE('',*,*,#96360,.T.);
#96480=CARTESIAN_POINT('',(49.38,49.795,14.675));
#96490=DIRECTION('',(0.,0.,1.));
#96500=VECTOR('',#96490,1.);
#96510=LINE('',#96480,#96500);
#96520=CARTESIAN_POINT('',(49.38,49.795,14.6875));
#96530=VERTEX_POINT('',#96520);
#96540=EDGE_CURVE('',#94400,#96530,#96510,.T.);
#96550=ORIENTED_EDGE('',*,*,#96540,.F.);
#96560=CARTESIAN_POINT('',(49.38,49.795,14.6875));
#96570=DIRECTION('',(-0.577350269189653,-0.577350269189571,
0.577350269189653));
#96580=VECTOR('',#96570,1.);
#96590=LINE('',#96560,#96580);
#96600=EDGE_CURVE('',#96530,#60440,#96590,.T.);
#96610=ORIENTED_EDGE('',*,*,#96600,.F.);
#96620=ORIENTED_EDGE('',*,*,#60450,.T.);
#96630=CARTESIAN_POINT('',(49.38,49.795,14.5125));
#96640=DIRECTION('',(-0.577350269189687,-0.577350269189523,
-0.577350269189667));
#96650=VECTOR('',#96640,1.);
#96660=LINE('',#96630,#96650);
#96670=EDGE_CURVE('',#95420,#60360,#96660,.T.);
#96680=ORIENTED_EDGE('',*,*,#96670,.T.);
#96690=EDGE_LOOP('',(#96680,#96620,#96610,#96550,#96470,#96460));
#96700=FACE_OUTER_BOUND('',#96690,.T.);
#96710=ADVANCED_FACE('',(#96700),#96450,.F.);
#96720=CARTESIAN_POINT('',(49.355,49.88,14.4875));
#96730=DIRECTION('',(-0.707106781186548,-0.,0.707106781186548));
#96740=DIRECTION('',(-0.707106781186548,0.,-0.707106781186548));
#96750=AXIS2_PLACEMENT_3D('',#96720,#96730,#96740);
#96760=PLANE('',#96750);
#96770=CARTESIAN_POINT('',(49.38,49.795,14.5125));
#96780=DIRECTION('',(0.,1.,0.));
#96790=VECTOR('',#96780,1.);
#96800=LINE('',#96770,#96790);
#96810=EDGE_CURVE('',#95420,#29520,#96800,.T.);
#96820=ORIENTED_EDGE('',*,*,#96810,.T.);
#96830=ORIENTED_EDGE('',*,*,#96670,.F.);
#96840=ORIENTED_EDGE('',*,*,#60370,.F.);
#96850=ORIENTED_EDGE('',*,*,#29610,.F.);
#96860=EDGE_LOOP('',(#96850,#96840,#96830,#96820));
#96870=FACE_OUTER_BOUND('',#96860,.T.);
#96880=ADVANCED_FACE('',(#96870),#96760,.T.);
#96890=CARTESIAN_POINT('',(48.2,49.675,14.5125));
#96900=DIRECTION('',(-0.,-0.,1.));
#96910=DIRECTION('',(1.,0.,-0.));
#96920=AXIS2_PLACEMENT_3D('',#96890,#96900,#96910);
#96930=PLANE('',#96920);
#96940=ORIENTED_EDGE('',*,*,#96810,.F.);
#96950=ORIENTED_EDGE('',*,*,#29530,.T.);
#96960=ORIENTED_EDGE('',*,*,#94890,.T.);
#96970=ORIENTED_EDGE('',*,*,#95510,.T.);
#96980=EDGE_LOOP('',(#96970,#96960,#96950,#96940));
#96990=FACE_OUTER_BOUND('',#96980,.T.);
#97000=ADVANCED_FACE('',(#96990),#96930,.T.);
#97010=CARTESIAN_POINT('',(49.67,49.795,14.6));
#97020=DIRECTION('',(8.16340459283203E-17,-1.,-0.));
#97030=DIRECTION('',(1.,8.16340459283203E-17,0.));
#97040=AXIS2_PLACEMENT_3D('',#97010,#97020,#97030);
#97050=PLANE('',#97040);
#97060=ORIENTED_EDGE('',*,*,#96540,.T.);
#97070=ORIENTED_EDGE('',*,*,#94430,.F.);
#97080=ORIENTED_EDGE('',*,*,#95040,.F.);
#97090=CARTESIAN_POINT('',(49.38,49.795,14.6875));
#97100=DIRECTION('',(1.,0.,0.));
#97110=VECTOR('',#97100,1.);
#97120=LINE('',#97090,#97110);
#97130=EDGE_CURVE('',#96530,#94970,#97120,.T.);
#97140=ORIENTED_EDGE('',*,*,#97130,.T.);
#97150=EDGE_LOOP('',(#97140,#97080,#97070,#97060));
#97160=FACE_OUTER_BOUND('',#97150,.T.);
#97170=ADVANCED_FACE('',(#97160),#97050,.F.);
#97180=CARTESIAN_POINT('',(48.2,49.675,14.6875));
#97190=DIRECTION('',(-0.,-0.,1.));
#97200=DIRECTION('',(1.,0.,-0.));
#97210=AXIS2_PLACEMENT_3D('',#97180,#97190,#97200);
#97220=PLANE('',#97210);
#97230=CARTESIAN_POINT('',(49.38,49.795,14.6875));
#97240=DIRECTION('',(0.,1.,0.));
#97250=VECTOR('',#97240,1.);
#97260=LINE('',#97230,#97250);
#97270=EDGE_CURVE('',#96530,#29280,#97260,.T.);
#97280=ORIENTED_EDGE('',*,*,#97270,.T.);
#97290=ORIENTED_EDGE('',*,*,#97130,.F.);
#97300=ORIENTED_EDGE('',*,*,#94980,.F.);
#97310=ORIENTED_EDGE('',*,*,#29370,.F.);
#97320=EDGE_LOOP('',(#97310,#97300,#97290,#97280));
#97330=FACE_OUTER_BOUND('',#97320,.T.);
#97340=ADVANCED_FACE('',(#97330),#97220,.F.);
#97350=CARTESIAN_POINT('',(49.355,49.88,14.7125));
#97360=DIRECTION('',(0.707106781186548,-0.,0.707106781186548));
#97370=DIRECTION('',(-0.707106781186548,0.,0.707106781186548));
#97380=AXIS2_PLACEMENT_3D('',#97350,#97360,#97370);
#97390=PLANE('',#97380);
#97400=ORIENTED_EDGE('',*,*,#97270,.F.);
#97410=ORIENTED_EDGE('',*,*,#29290,.F.);
#97420=ORIENTED_EDGE('',*,*,#60510,.T.);
#97430=ORIENTED_EDGE('',*,*,#96600,.T.);
#97440=EDGE_LOOP('',(#97430,#97420,#97410,#97400));
#97450=FACE_OUTER_BOUND('',#97440,.T.);
#97460=ADVANCED_FACE('',(#97450),#97390,.F.);
#97470=CARTESIAN_POINT('',(48.0687715809733,49.745,14.275));
#97480=DIRECTION('',(-0.,-0.,1.));
#97490=DIRECTION('',(1.,0.,-0.));
#97500=AXIS2_PLACEMENT_3D('',#97470,#97480,#97490);
#97510=PLANE('',#97500);
#97520=CARTESIAN_POINT('',(49.38,49.795,14.275));
#97530=DIRECTION('',(1.,0.,0.));
#97540=VECTOR('',#97530,1.);
#97550=LINE('',#97520,#97540);
#97560=CARTESIAN_POINT('',(49.38,49.795,14.275));
#97570=VERTEX_POINT('',#97560);
#97580=CARTESIAN_POINT('',(49.44,49.795,14.275));
#97590=VERTEX_POINT('',#97580);
#97600=EDGE_CURVE('',#97570,#97590,#97550,.T.);
#97610=ORIENTED_EDGE('',*,*,#97600,.T.);
#97620=CARTESIAN_POINT('',(49.38,49.795,14.275));
#97630=DIRECTION('',(-1.,0.,0.));
#97640=VECTOR('',#97630,1.);
#97650=LINE('',#97620,#97640);
#97660=EDGE_CURVE('',#97570,#70150,#97650,.T.);
#97670=ORIENTED_EDGE('',*,*,#97660,.F.);
#97680=ORIENTED_EDGE('',*,*,#70160,.T.);
#97690=ORIENTED_EDGE('',*,*,#65200,.F.);
#97700=CARTESIAN_POINT('',(49.42,49.895,14.275));
#97710=DIRECTION('',(-0.707106781186548,0.707106781186548,0.));
#97720=VECTOR('',#97710,1.);
#97730=LINE('',#97700,#97720);
#97740=CARTESIAN_POINT('',(49.42,49.895,14.275));
#97750=VERTEX_POINT('',#97740);
#97760=EDGE_CURVE('',#97750,#65110,#97730,.T.);
#97770=ORIENTED_EDGE('',*,*,#97760,.T.);
#97780=CARTESIAN_POINT('',(49.44,49.8908565314309,14.275));
#97790=DIRECTION('',(-0.979206593891497,0.202865587223197,0.));
#97800=VECTOR('',#97790,1.);
#97810=LINE('',#97780,#97800);
#97820=CARTESIAN_POINT('',(49.44,49.8908565314309,14.275));
#97830=VERTEX_POINT('',#97820);
#97840=EDGE_CURVE('',#97830,#97750,#97810,.T.);
#97850=ORIENTED_EDGE('',*,*,#97840,.T.);
#97860=CARTESIAN_POINT('',(49.44,49.795,14.275));
#97870=DIRECTION('',(0.,1.,0.));
#97880=VECTOR('',#97870,1.);
#97890=LINE('',#97860,#97880);
#97900=EDGE_CURVE('',#97590,#97830,#97890,.T.);
#97910=ORIENTED_EDGE('',*,*,#97900,.T.);
#97920=EDGE_LOOP('',(#97910,#97850,#97770,#97690,#97680,#97670,#97610));
#97930=FACE_OUTER_BOUND('',#97920,.T.);
#97940=ADVANCED_FACE('',(#97930),#97510,.T.);
#97950=CARTESIAN_POINT('',(49.44,49.855,14.2));
#97960=DIRECTION('',(1.,-0.,-0.));
#97970=DIRECTION('',(-0.,1.,0.));
#97980=AXIS2_PLACEMENT_3D('',#97950,#97960,#97970);
#97990=PLANE('',#97980);
#98000=ORIENTED_EDGE('',*,*,#29930,.F.);
#98010=CARTESIAN_POINT('',(49.44,49.795,14.2875));
#98020=DIRECTION('',(0.,1.,0.));
#98030=VECTOR('',#98020,1.);
#98040=LINE('',#98010,#98030);
#98050=CARTESIAN_POINT('',(49.44,49.795,14.2875));
#98060=VERTEX_POINT('',#98050);
#98070=EDGE_CURVE('',#98060,#29840,#98040,.T.);
#98080=ORIENTED_EDGE('',*,*,#98070,.T.);
#98090=CARTESIAN_POINT('',(49.44,49.795,14.275));
#98100=DIRECTION('',(0.,0.,1.));
#98110=VECTOR('',#98100,1.);
#98120=LINE('',#98090,#98110);
#98130=EDGE_CURVE('',#97590,#98060,#98120,.T.);
#98140=ORIENTED_EDGE('',*,*,#98130,.T.);
#98150=ORIENTED_EDGE('',*,*,#97900,.F.);
#98160=CARTESIAN_POINT('',(49.44,49.8908565314309,14.125));
#98170=DIRECTION('',(0.,0.,1.));
#98180=VECTOR('',#98170,1.);
#98190=LINE('',#98160,#98180);
#98200=CARTESIAN_POINT('',(49.44,49.8908565314309,14.125));
#98210=VERTEX_POINT('',#98200);
#98220=EDGE_CURVE('',#98210,#97830,#98190,.T.);
#98230=ORIENTED_EDGE('',*,*,#98220,.T.);
#98240=CARTESIAN_POINT('',(49.44,49.795,14.125));
#98250=DIRECTION('',(0.,1.,0.));
#98260=VECTOR('',#98250,1.);
#98270=LINE('',#98240,#98260);
#98280=CARTESIAN_POINT('',(49.44,49.795,14.125));
#98290=VERTEX_POINT('',#98280);
#98300=EDGE_CURVE('',#98290,#98210,#98270,.T.);
#98310=ORIENTED_EDGE('',*,*,#98300,.T.);
#98320=CARTESIAN_POINT('',(49.44,49.795,14.1125));
#98330=DIRECTION('',(0.,0.,1.));
#98340=VECTOR('',#98330,1.);
#98350=LINE('',#98320,#98340);
#98360=CARTESIAN_POINT('',(49.44,49.795,14.1125));
#98370=VERTEX_POINT('',#98360);
#98380=EDGE_CURVE('',#98370,#98290,#98350,.T.);
#98390=ORIENTED_EDGE('',*,*,#98380,.T.);
#98400=CARTESIAN_POINT('',(49.44,49.795,14.1125));
#98410=DIRECTION('',(0.,1.,0.));
#98420=VECTOR('',#98410,1.);
#98430=LINE('',#98400,#98420);
#98440=EDGE_CURVE('',#98370,#29920,#98430,.T.);
#98450=ORIENTED_EDGE('',*,*,#98440,.F.);
#98460=EDGE_LOOP('',(#98450,#98390,#98310,#98230,#98150,#98140,#98080,
#98000));
#98470=FACE_OUTER_BOUND('',#98460,.T.);
#98480=ADVANCED_FACE('',(#98470),#97990,.F.);
#98490=CARTESIAN_POINT('',(48.2,49.675,14.1125));
#98500=DIRECTION('',(-0.,-0.,1.));
#98510=DIRECTION('',(1.,0.,-0.));
#98520=AXIS2_PLACEMENT_3D('',#98490,#98500,#98510);
#98530=PLANE('',#98520);
#98540=ORIENTED_EDGE('',*,*,#30010,.T.);
#98550=ORIENTED_EDGE('',*,*,#98440,.T.);
#98560=CARTESIAN_POINT('',(49.38,49.795,14.1125));
#98570=DIRECTION('',(1.,0.,0.));
#98580=VECTOR('',#98570,1.);
#98590=LINE('',#98560,#98580);
#98600=CARTESIAN_POINT('',(49.38,49.795,14.1125));
#98610=VERTEX_POINT('',#98600);
#98620=EDGE_CURVE('',#98610,#98370,#98590,.T.);
#98630=ORIENTED_EDGE('',*,*,#98620,.T.);
#98640=CARTESIAN_POINT('',(49.38,49.795,14.1125));
#98650=DIRECTION('',(0.,1.,0.));
#98660=VECTOR('',#98650,1.);
#98670=LINE('',#98640,#98660);
#98680=EDGE_CURVE('',#98610,#30000,#98670,.T.);
#98690=ORIENTED_EDGE('',*,*,#98680,.F.);
#98700=EDGE_LOOP('',(#98690,#98630,#98550,#98540));
#98710=FACE_OUTER_BOUND('',#98700,.T.);
#98720=ADVANCED_FACE('',(#98710),#98530,.T.);
#98730=CARTESIAN_POINT('',(49.355,49.88,14.0875));
#98740=DIRECTION('',(-0.707106781186547,-0.,0.707106781186548));
#98750=DIRECTION('',(-0.707106781186548,0.,-0.707106781186547));
#98760=AXIS2_PLACEMENT_3D('',#98730,#98740,#98750);
#98770=PLANE('',#98760);
#98780=CARTESIAN_POINT('',(49.33,49.745,14.0625));
#98790=DIRECTION('',(0.577350269189639,0.577350269189639,
0.577350269189598));
#98800=VECTOR('',#98790,1.);
#98810=LINE('',#98780,#98800);
#98820=EDGE_CURVE('',#60130,#98610,#98810,.T.);
#98830=ORIENTED_EDGE('',*,*,#98820,.T.);
#98840=ORIENTED_EDGE('',*,*,#60140,.F.);
#98850=ORIENTED_EDGE('',*,*,#30090,.F.);
#98860=ORIENTED_EDGE('',*,*,#98680,.T.);
#98870=EDGE_LOOP('',(#98860,#98850,#98840,#98830));
#98880=FACE_OUTER_BOUND('',#98870,.T.);
#98890=ADVANCED_FACE('',(#98880),#98770,.T.);
#98900=CARTESIAN_POINT('',(49.355,49.77,14.2));
#98910=DIRECTION('',(0.707106781186547,-0.707106781186548,-0.));
#98920=DIRECTION('',(-0.707106781186548,-0.707106781186547,0.));
#98930=AXIS2_PLACEMENT_3D('',#98900,#98910,#98920);
#98940=PLANE('',#98930);
#98950=CARTESIAN_POINT('',(49.38,49.795,14.1125));
#98960=DIRECTION('',(0.,0.,1.));
#98970=VECTOR('',#98960,1.);
#98980=LINE('',#98950,#98970);
#98990=CARTESIAN_POINT('',(49.38,49.795,14.125));
#99000=VERTEX_POINT('',#98990);
#99010=EDGE_CURVE('',#98610,#99000,#98980,.T.);
#99020=ORIENTED_EDGE('',*,*,#99010,.F.);
#99030=CARTESIAN_POINT('',(49.38,49.795,14.275));
#99040=DIRECTION('',(0.,0.,-1.));
#99050=VECTOR('',#99040,1.);
#99060=LINE('',#99030,#99050);
#99070=EDGE_CURVE('',#97570,#99000,#99060,.T.);
#99080=ORIENTED_EDGE('',*,*,#99070,.T.);
#99090=CARTESIAN_POINT('',(49.38,49.795,14.275));
#99100=DIRECTION('',(0.,0.,1.));
#99110=VECTOR('',#99100,1.);
#99120=LINE('',#99090,#99110);
#99130=CARTESIAN_POINT('',(49.38,49.795,14.2875));
#99140=VERTEX_POINT('',#99130);
#99150=EDGE_CURVE('',#97570,#99140,#99120,.T.);
#99160=ORIENTED_EDGE('',*,*,#99150,.F.);
#99170=CARTESIAN_POINT('',(49.33,49.745,14.3375));
#99180=DIRECTION('',(0.577350269189687,0.577350269189523,
-0.577350269189667));
#99190=VECTOR('',#99180,1.);
#99200=LINE('',#99170,#99190);
#99210=EDGE_CURVE('',#60210,#99140,#99200,.T.);
#99220=ORIENTED_EDGE('',*,*,#99210,.T.);
#99230=ORIENTED_EDGE('',*,*,#60220,.T.);
#99240=ORIENTED_EDGE('',*,*,#98820,.F.);
#99250=EDGE_LOOP('',(#99240,#99230,#99220,#99160,#99080,#99020));
#99260=FACE_OUTER_BOUND('',#99250,.T.);
#99270=ADVANCED_FACE('',(#99260),#98940,.F.);
#99280=CARTESIAN_POINT('',(49.67,49.795,14.2));
#99290=DIRECTION('',(8.16340459283203E-17,-1.,-0.));
#99300=DIRECTION('',(1.,8.16340459283203E-17,0.));
#99310=AXIS2_PLACEMENT_3D('',#99280,#99290,#99300);
#99320=PLANE('',#99310);
#99330=ORIENTED_EDGE('',*,*,#98380,.F.);
#99340=CARTESIAN_POINT('',(49.38,49.795,14.125));
#99350=DIRECTION('',(1.,0.,0.));
#99360=VECTOR('',#99350,1.);
#99370=LINE('',#99340,#99360);
#99380=EDGE_CURVE('',#99000,#98290,#99370,.T.);
#99390=ORIENTED_EDGE('',*,*,#99380,.T.);
#99400=ORIENTED_EDGE('',*,*,#99010,.T.);
#99410=ORIENTED_EDGE('',*,*,#98620,.F.);
#99420=EDGE_LOOP('',(#99410,#99400,#99390,#99330));
#99430=FACE_OUTER_BOUND('',#99420,.T.);
#99440=ADVANCED_FACE('',(#99430),#99320,.F.);
#99450=CARTESIAN_POINT('',(48.0687715809733,49.745,14.125));
#99460=DIRECTION('',(-0.,-0.,1.));
#99470=DIRECTION('',(1.,0.,-0.));
#99480=AXIS2_PLACEMENT_3D('',#99450,#99460,#99470);
#99490=PLANE('',#99480);
#99500=CARTESIAN_POINT('',(49.38,49.795,14.125));
#99510=DIRECTION('',(-1.,0.,0.));
#99520=VECTOR('',#99510,1.);
#99530=LINE('',#99500,#99520);
#99540=EDGE_CURVE('',#99000,#70230,#99530,.T.);
#99550=ORIENTED_EDGE('',*,*,#99540,.T.);
#99560=ORIENTED_EDGE('',*,*,#99380,.F.);
#99570=ORIENTED_EDGE('',*,*,#98300,.F.);
#99580=CARTESIAN_POINT('',(49.42,49.895,14.125));
#99590=DIRECTION('',(0.979206593891497,-0.202865587223197,0.));
#99600=VECTOR('',#99590,1.);
#99610=LINE('',#99580,#99600);
#99620=CARTESIAN_POINT('',(49.42,49.895,14.125));
#99630=VERTEX_POINT('',#99620);
#99640=EDGE_CURVE('',#99630,#98210,#99610,.T.);
#99650=ORIENTED_EDGE('',*,*,#99640,.T.);
#99660=CARTESIAN_POINT('',(49.38,49.935,14.125));
#99670=DIRECTION('',(0.707106781186548,-0.707106781186548,0.));
#99680=VECTOR('',#99670,1.);
#99690=LINE('',#99660,#99680);
#99700=EDGE_CURVE('',#65030,#99630,#99690,.T.);
#99710=ORIENTED_EDGE('',*,*,#99700,.T.);
#99720=ORIENTED_EDGE('',*,*,#65040,.T.);
#99730=ORIENTED_EDGE('',*,*,#70300,.T.);
#99740=EDGE_LOOP('',(#99730,#99720,#99710,#99650,#99570,#99560,#99550));
#99750=FACE_OUTER_BOUND('',#99740,.T.);
#99760=ADVANCED_FACE('',(#99750),#99490,.F.);
#99770=CARTESIAN_POINT('',(49.59,49.795,14.275));
#99780=DIRECTION('',(1.73472347597681E-16,1.,-0.));
#99790=DIRECTION('',(1.,-1.73472347597681E-16,0.));
#99800=AXIS2_PLACEMENT_3D('',#99770,#99780,#99790);
#99810=PLANE('',#99800);
#99820=ORIENTED_EDGE('',*,*,#99540,.F.);
#99830=ORIENTED_EDGE('',*,*,#70240,.T.);
#99840=ORIENTED_EDGE('',*,*,#97660,.T.);
#99850=ORIENTED_EDGE('',*,*,#99070,.F.);
#99860=EDGE_LOOP('',(#99850,#99840,#99830,#99820));
#99870=FACE_OUTER_BOUND('',#99860,.T.);
#99880=ADVANCED_FACE('',(#99870),#99810,.F.);
#99890=CARTESIAN_POINT('',(49.42,49.895,14.275));
#99900=DIRECTION('',(-0.202865587223184,-0.9792065938915,-0.));
#99910=DIRECTION('',(-0.9792065938915,0.202865587223184,0.));
#99920=AXIS2_PLACEMENT_3D('',#99890,#99900,#99910);
#99930=PLANE('',#99920);
#99940=ORIENTED_EDGE('',*,*,#97840,.F.);
#99950=CARTESIAN_POINT('',(49.42,49.895,14.125));
#99960=DIRECTION('',(0.,0.,1.));
#99970=VECTOR('',#99960,1.);
#99980=LINE('',#99950,#99970);
#99990=EDGE_CURVE('',#99630,#97750,#99980,.T.);
#100000=ORIENTED_EDGE('',*,*,#99990,.T.);
#100010=ORIENTED_EDGE('',*,*,#99640,.F.);
#100020=ORIENTED_EDGE('',*,*,#98220,.F.);
#100030=EDGE_LOOP('',(#100020,#100010,#100000,#99940));
#100040=FACE_OUTER_BOUND('',#100030,.T.);
#100050=ADVANCED_FACE('',(#100040),#99930,.F.);
#100060=CARTESIAN_POINT('',(49.38,49.935,14.275));
#100070=DIRECTION('',(-0.707106781186548,-0.707106781186548,-0.));
#100080=DIRECTION('',(-0.707106781186548,0.707106781186548,0.));
#100090=AXIS2_PLACEMENT_3D('',#100060,#100070,#100080);
#100100=PLANE('',#100090);
#100110=ORIENTED_EDGE('',*,*,#97760,.F.);
#100120=ORIENTED_EDGE('',*,*,#65120,.T.);
#100130=ORIENTED_EDGE('',*,*,#99700,.F.);
#100140=ORIENTED_EDGE('',*,*,#99990,.F.);
#100150=EDGE_LOOP('',(#100140,#100130,#100120,#100110));
#100160=FACE_OUTER_BOUND('',#100150,.T.);
#100170=ADVANCED_FACE('',(#100160),#100100,.F.);
#100180=CARTESIAN_POINT('',(49.67,49.795,14.2));
#100190=DIRECTION('',(8.16340459283203E-17,-1.,-0.));
#100200=DIRECTION('',(1.,8.16340459283203E-17,0.));
#100210=AXIS2_PLACEMENT_3D('',#100180,#100190,#100200);
#100220=PLANE('',#100210);
#100230=ORIENTED_EDGE('',*,*,#98130,.F.);
#100240=CARTESIAN_POINT('',(49.38,49.795,14.2875));
#100250=DIRECTION('',(1.,0.,0.));
#100260=VECTOR('',#100250,1.);
#100270=LINE('',#100240,#100260);
#100280=EDGE_CURVE('',#99140,#98060,#100270,.T.);
#100290=ORIENTED_EDGE('',*,*,#100280,.T.);
#100300=ORIENTED_EDGE('',*,*,#99150,.T.);
#100310=ORIENTED_EDGE('',*,*,#97600,.F.);
#100320=EDGE_LOOP('',(#100310,#100300,#100290,#100230));
#100330=FACE_OUTER_BOUND('',#100320,.T.);
#100340=ADVANCED_FACE('',(#100330),#100220,.F.);
#100350=CARTESIAN_POINT('',(48.2,49.675,14.2875));
#100360=DIRECTION('',(-0.,-0.,1.));
#100370=DIRECTION('',(1.,0.,-0.));
#100380=AXIS2_PLACEMENT_3D('',#100350,#100360,#100370);
#100390=PLANE('',#100380);
#100400=CARTESIAN_POINT('',(49.38,49.795,14.2875));
#100410=DIRECTION('',(0.,1.,0.));
#100420=VECTOR('',#100410,1.);
#100430=LINE('',#100400,#100420);
#100440=EDGE_CURVE('',#99140,#29760,#100430,.T.);
#100450=ORIENTED_EDGE('',*,*,#100440,.T.);
#100460=ORIENTED_EDGE('',*,*,#100280,.F.);
#100470=ORIENTED_EDGE('',*,*,#98070,.F.);
#100480=ORIENTED_EDGE('',*,*,#29850,.F.);
#100490=EDGE_LOOP('',(#100480,#100470,#100460,#100450));
#100500=FACE_OUTER_BOUND('',#100490,.T.);
#100510=ADVANCED_FACE('',(#100500),#100390,.F.);
#100520=CARTESIAN_POINT('',(49.355,49.88,14.3125));
#100530=DIRECTION('',(0.707106781186548,-0.,0.707106781186548));
#100540=DIRECTION('',(-0.707106781186548,0.,0.707106781186548));
#100550=AXIS2_PLACEMENT_3D('',#100520,#100530,#100540);
#100560=PLANE('',#100550);
#100570=ORIENTED_EDGE('',*,*,#100440,.F.);
#100580=ORIENTED_EDGE('',*,*,#29770,.F.);
#100590=ORIENTED_EDGE('',*,*,#60280,.T.);
#100600=ORIENTED_EDGE('',*,*,#99210,.F.);
#100610=EDGE_LOOP('',(#100600,#100590,#100580,#100570));
#100620=FACE_OUTER_BOUND('',#100610,.T.);
#100630=ADVANCED_FACE('',(#100620),#100560,.F.);
#100640=CARTESIAN_POINT('',(48.0687715809733,49.745,13.875));
#100650=DIRECTION('',(-0.,-0.,1.));
#100660=DIRECTION('',(1.,0.,-0.));
#100670=AXIS2_PLACEMENT_3D('',#100640,#100650,#100660);
#100680=PLANE('',#100670);
#100690=ORIENTED_EDGE('',*,*,#64880,.F.);
#100700=CARTESIAN_POINT('',(49.42,49.895,13.875));
#100710=DIRECTION('',(-0.707106781186548,0.707106781186548,0.));
#100720=VECTOR('',#100710,1.);
#100730=LINE('',#100700,#100720);
#100740=CARTESIAN_POINT('',(49.42,49.895,13.875));
#100750=VERTEX_POINT('',#100740);
#100760=EDGE_CURVE('',#100750,#64790,#100730,.T.);
#100770=ORIENTED_EDGE('',*,*,#100760,.T.);
#100780=CARTESIAN_POINT('',(49.44,49.8908565314309,13.875));
#100790=DIRECTION('',(-0.979206593891497,0.202865587223197,0.));
#100800=VECTOR('',#100790,1.);
#100810=LINE('',#100780,#100800);
#100820=CARTESIAN_POINT('',(49.44,49.8908565314309,13.875));
#100830=VERTEX_POINT('',#100820);
#100840=EDGE_CURVE('',#100830,#100750,#100810,.T.);
#100850=ORIENTED_EDGE('',*,*,#100840,.T.);
#100860=CARTESIAN_POINT('',(49.44,49.8908565314309,13.875));
#100870=DIRECTION('',(0.,-1.,0.));
#100880=VECTOR('',#100870,1.);
#100890=LINE('',#100860,#100880);
#100900=CARTESIAN_POINT('',(49.44,49.795,13.875));
#100910=VERTEX_POINT('',#100900);
#100920=EDGE_CURVE('',#100830,#100910,#100890,.T.);
#100930=ORIENTED_EDGE('',*,*,#100920,.F.);
#100940=CARTESIAN_POINT('',(49.44,49.795,13.875));
#100950=DIRECTION('',(-1.,0.,0.));
#100960=VECTOR('',#100950,1.);
#100970=LINE('',#100940,#100960);
#100980=CARTESIAN_POINT('',(49.38,49.795,13.875));
#100990=VERTEX_POINT('',#100980);
#101000=EDGE_CURVE('',#100910,#100990,#100970,.T.);
#101010=ORIENTED_EDGE('',*,*,#101000,.F.);
#101020=CARTESIAN_POINT('',(49.38,49.795,13.875));
#101030=DIRECTION('',(-1.,0.,0.));
#101040=VECTOR('',#101030,1.);
#101050=LINE('',#101020,#101040);
#101060=EDGE_CURVE('',#100990,#70380,#101050,.T.);
#101070=ORIENTED_EDGE('',*,*,#101060,.F.);
#101080=ORIENTED_EDGE('',*,*,#70390,.T.);
#101090=EDGE_LOOP('',(#101080,#101070,#101010,#100930,#100850,#100770,
#100690));
#101100=FACE_OUTER_BOUND('',#101090,.T.);
#101110=ADVANCED_FACE('',(#101100),#100680,.T.);
#101120=CARTESIAN_POINT('',(49.38,49.935,13.875));
#101130=DIRECTION('',(-0.707106781186548,-0.707106781186548,-0.));
#101140=DIRECTION('',(-0.707106781186548,0.707106781186548,0.));
#101150=AXIS2_PLACEMENT_3D('',#101120,#101130,#101140);
#101160=PLANE('',#101150);
#101170=ORIENTED_EDGE('',*,*,#100760,.F.);
#101180=ORIENTED_EDGE('',*,*,#64800,.T.);
#101190=CARTESIAN_POINT('',(49.38,49.935,13.725));
#101200=DIRECTION('',(0.707106781186548,-0.707106781186548,0.));
#101210=VECTOR('',#101200,1.);
#101220=LINE('',#101190,#101210);
#101230=CARTESIAN_POINT('',(49.42,49.895,13.725));
#101240=VERTEX_POINT('',#101230);
#101250=EDGE_CURVE('',#64710,#101240,#101220,.T.);
#101260=ORIENTED_EDGE('',*,*,#101250,.F.);
#101270=CARTESIAN_POINT('',(49.42,49.895,13.725));
#101280=DIRECTION('',(0.,0.,1.));
#101290=VECTOR('',#101280,1.);
#101300=LINE('',#101270,#101290);
#101310=EDGE_CURVE('',#101240,#100750,#101300,.T.);
#101320=ORIENTED_EDGE('',*,*,#101310,.F.);
#101330=EDGE_LOOP('',(#101320,#101260,#101180,#101170));
#101340=FACE_OUTER_BOUND('',#101330,.T.);
#101350=ADVANCED_FACE('',(#101340),#101160,.F.);
#101360=CARTESIAN_POINT('',(49.42,49.895,13.875));
#101370=DIRECTION('',(-0.202865587223184,-0.9792065938915,-0.));
#101380=DIRECTION('',(-0.9792065938915,0.202865587223184,0.));
#101390=AXIS2_PLACEMENT_3D('',#101360,#101370,#101380);
#101400=PLANE('',#101390);
#101410=ORIENTED_EDGE('',*,*,#100840,.F.);
#101420=ORIENTED_EDGE('',*,*,#101310,.T.);
#101430=CARTESIAN_POINT('',(49.42,49.895,13.725));
#101440=DIRECTION('',(0.979206593891497,-0.202865587223197,0.));
#101450=VECTOR('',#101440,1.);
#101460=LINE('',#101430,#101450);
#101470=CARTESIAN_POINT('',(49.44,49.8908565314309,13.725));
#101480=VERTEX_POINT('',#101470);
#101490=EDGE_CURVE('',#101240,#101480,#101460,.T.);
#101500=ORIENTED_EDGE('',*,*,#101490,.F.);
#101510=CARTESIAN_POINT('',(49.44,49.8908565314309,13.875));
#101520=DIRECTION('',(0.,0.,-1.));
#101530=VECTOR('',#101520,1.);
#101540=LINE('',#101510,#101530);
#101550=EDGE_CURVE('',#100830,#101480,#101540,.T.);
#101560=ORIENTED_EDGE('',*,*,#101550,.T.);
#101570=EDGE_LOOP('',(#101560,#101500,#101420,#101410));
#101580=FACE_OUTER_BOUND('',#101570,.T.);
#101590=ADVANCED_FACE('',(#101580),#101400,.F.);
#101600=CARTESIAN_POINT('',(49.44,49.855,13.8));
#101610=DIRECTION('',(-1.,-0.,-0.));
#101620=DIRECTION('',(0.,1.,0.));
#101630=AXIS2_PLACEMENT_3D('',#101600,#101610,#101620);
#101640=PLANE('',#101630);
#101650=CARTESIAN_POINT('',(49.44,49.795,13.8875));
#101660=DIRECTION('',(0.,0.,-1.));
#101670=VECTOR('',#101660,1.);
#101680=LINE('',#101650,#101670);
#101690=CARTESIAN_POINT('',(49.44,49.795,13.8875));
#101700=VERTEX_POINT('',#101690);
#101710=EDGE_CURVE('',#101700,#100910,#101680,.T.);
#101720=ORIENTED_EDGE('',*,*,#101710,.F.);
#101730=ORIENTED_EDGE('',*,*,#100920,.T.);
#101740=ORIENTED_EDGE('',*,*,#101550,.F.);
#101750=CARTESIAN_POINT('',(49.44,49.8908565314309,13.725));
#101760=DIRECTION('',(0.,-1.,0.));
#101770=VECTOR('',#101760,1.);
#101780=LINE('',#101750,#101770);
#101790=CARTESIAN_POINT('',(49.44,49.795,13.725));
#101800=VERTEX_POINT('',#101790);
#101810=EDGE_CURVE('',#101480,#101800,#101780,.T.);
#101820=ORIENTED_EDGE('',*,*,#101810,.F.);
#101830=CARTESIAN_POINT('',(49.44,49.795,13.725));
#101840=DIRECTION('',(0.,0.,-1.));
#101850=VECTOR('',#101840,1.);
#101860=LINE('',#101830,#101850);
#101870=CARTESIAN_POINT('',(49.44,49.795,13.7125));
#101880=VERTEX_POINT('',#101870);
#101890=EDGE_CURVE('',#101800,#101880,#101860,.T.);
#101900=ORIENTED_EDGE('',*,*,#101890,.F.);
#101910=CARTESIAN_POINT('',(49.44,49.795,13.7125));
#101920=DIRECTION('',(0.,1.,0.));
#101930=VECTOR('',#101920,1.);
#101940=LINE('',#101910,#101930);
#101950=EDGE_CURVE('',#101880,#30400,#101940,.T.);
#101960=ORIENTED_EDGE('',*,*,#101950,.F.);
#101970=ORIENTED_EDGE('',*,*,#30410,.F.);
#101980=CARTESIAN_POINT('',(49.44,49.795,13.8875));
#101990=DIRECTION('',(0.,1.,0.));
#102000=VECTOR('',#101990,1.);
#102010=LINE('',#101980,#102000);
#102020=EDGE_CURVE('',#101700,#30320,#102010,.T.);
#102030=ORIENTED_EDGE('',*,*,#102020,.T.);
#102040=EDGE_LOOP('',(#102030,#101970,#101960,#101900,#101820,#101740,
#101730,#101720));
#102050=FACE_OUTER_BOUND('',#102040,.T.);
#102060=ADVANCED_FACE('',(#102050),#101640,.T.);
#102070=CARTESIAN_POINT('',(48.2,49.675,13.8875));
#102080=DIRECTION('',(-0.,-0.,1.));
#102090=DIRECTION('',(1.,0.,-0.));
#102100=AXIS2_PLACEMENT_3D('',#102070,#102080,#102090);
#102110=PLANE('',#102100);
#102120=CARTESIAN_POINT('',(49.38,49.795,13.8875));
#102130=DIRECTION('',(1.,0.,0.));
#102140=VECTOR('',#102130,1.);
#102150=LINE('',#102120,#102140);
#102160=CARTESIAN_POINT('',(49.38,49.795,13.8875));
#102170=VERTEX_POINT('',#102160);
#102180=EDGE_CURVE('',#102170,#101700,#102150,.T.);
#102190=ORIENTED_EDGE('',*,*,#102180,.F.);
#102200=ORIENTED_EDGE('',*,*,#102020,.F.);
#102210=ORIENTED_EDGE('',*,*,#30330,.F.);
#102220=CARTESIAN_POINT('',(49.38,49.795,13.8875));
#102230=DIRECTION('',(0.,1.,0.));
#102240=VECTOR('',#102230,1.);
#102250=LINE('',#102220,#102240);
#102260=EDGE_CURVE('',#102170,#30240,#102250,.T.);
#102270=ORIENTED_EDGE('',*,*,#102260,.T.);
#102280=EDGE_LOOP('',(#102270,#102210,#102200,#102190));
#102290=FACE_OUTER_BOUND('',#102280,.T.);
#102300=ADVANCED_FACE('',(#102290),#102110,.F.);
#102310=CARTESIAN_POINT('',(49.355,49.88,13.9125));
#102320=DIRECTION('',(0.707106781186547,-0.,0.707106781186548));
#102330=DIRECTION('',(-0.707106781186548,0.,0.707106781186547));
#102340=AXIS2_PLACEMENT_3D('',#102310,#102320,#102330);
#102350=PLANE('',#102340);
#102360=ORIENTED_EDGE('',*,*,#30250,.F.);
#102370=ORIENTED_EDGE('',*,*,#60050,.T.);
#102380=CARTESIAN_POINT('',(49.38,49.795,13.8875));
#102390=DIRECTION('',(-0.577350269189639,-0.577350269189639,
0.577350269189598));
#102400=VECTOR('',#102390,1.);
#102410=LINE('',#102380,#102400);
#102420=EDGE_CURVE('',#102170,#59980,#102410,.T.);
#102430=ORIENTED_EDGE('',*,*,#102420,.T.);
#102440=ORIENTED_EDGE('',*,*,#102260,.F.);
#102450=EDGE_LOOP('',(#102440,#102430,#102370,#102360));
#102460=FACE_OUTER_BOUND('',#102450,.T.);
#102470=ADVANCED_FACE('',(#102460),#102350,.F.);
#102480=CARTESIAN_POINT('',(49.355,49.77,13.8));
#102490=DIRECTION('',(-0.707106781186547,0.707106781186548,-0.));
#102500=DIRECTION('',(-0.707106781186548,-0.707106781186547,0.));
#102510=AXIS2_PLACEMENT_3D('',#102480,#102490,#102500);
#102520=PLANE('',#102510);
#102530=ORIENTED_EDGE('',*,*,#59990,.F.);
#102540=CARTESIAN_POINT('',(49.33,49.745,13.6625));
#102550=DIRECTION('',(0.577350269189653,0.577350269189571,
0.577350269189653));
#102560=VECTOR('',#102550,1.);
#102570=LINE('',#102540,#102560);
#102580=CARTESIAN_POINT('',(49.38,49.795,13.7125));
#102590=VERTEX_POINT('',#102580);
#102600=EDGE_CURVE('',#59900,#102590,#102570,.T.);
#102610=ORIENTED_EDGE('',*,*,#102600,.F.);
#102620=CARTESIAN_POINT('',(49.38,49.795,13.725));
#102630=DIRECTION('',(0.,0.,-1.));
#102640=VECTOR('',#102630,1.);
#102650=LINE('',#102620,#102640);
#102660=CARTESIAN_POINT('',(49.38,49.795,13.725));
#102670=VERTEX_POINT('',#102660);
#102680=EDGE_CURVE('',#102670,#102590,#102650,.T.);
#102690=ORIENTED_EDGE('',*,*,#102680,.T.);
#102700=CARTESIAN_POINT('',(49.38,49.795,13.725));
#102710=DIRECTION('',(0.,0.,1.));
#102720=VECTOR('',#102710,1.);
#102730=LINE('',#102700,#102720);
#102740=EDGE_CURVE('',#102670,#100990,#102730,.T.);
#102750=ORIENTED_EDGE('',*,*,#102740,.F.);
#102760=CARTESIAN_POINT('',(49.38,49.795,13.8875));
#102770=DIRECTION('',(0.,0.,-1.));
#102780=VECTOR('',#102770,1.);
#102790=LINE('',#102760,#102780);
#102800=EDGE_CURVE('',#102170,#100990,#102790,.T.);
#102810=ORIENTED_EDGE('',*,*,#102800,.T.);
#102820=ORIENTED_EDGE('',*,*,#102420,.F.);
#102830=EDGE_LOOP('',(#102820,#102810,#102750,#102690,#102610,#102530));
#102840=FACE_OUTER_BOUND('',#102830,.T.);
#102850=ADVANCED_FACE('',(#102840),#102520,.T.);
#102860=CARTESIAN_POINT('',(49.355,49.88,13.6875));
#102870=DIRECTION('',(-0.707106781186548,-0.,0.707106781186548));
#102880=DIRECTION('',(-0.707106781186548,0.,-0.707106781186548));
#102890=AXIS2_PLACEMENT_3D('',#102860,#102870,#102880);
#102900=PLANE('',#102890);
#102910=ORIENTED_EDGE('',*,*,#102600,.T.);
#102920=ORIENTED_EDGE('',*,*,#59910,.F.);
#102930=ORIENTED_EDGE('',*,*,#30570,.F.);
#102940=CARTESIAN_POINT('',(49.38,49.795,13.7125));
#102950=DIRECTION('',(0.,1.,0.));
#102960=VECTOR('',#102950,1.);
#102970=LINE('',#102940,#102960);
#102980=EDGE_CURVE('',#102590,#30480,#102970,.T.);
#102990=ORIENTED_EDGE('',*,*,#102980,.T.);
#103000=EDGE_LOOP('',(#102990,#102930,#102920,#102910));
#103010=FACE_OUTER_BOUND('',#103000,.T.);
#103020=ADVANCED_FACE('',(#103010),#102900,.T.);
#103030=CARTESIAN_POINT('',(48.2,49.675,13.7125));
#103040=DIRECTION('',(-0.,-0.,1.));
#103050=DIRECTION('',(1.,0.,-0.));
#103060=AXIS2_PLACEMENT_3D('',#103030,#103040,#103050);
#103070=PLANE('',#103060);
#103080=ORIENTED_EDGE('',*,*,#30490,.T.);
#103090=ORIENTED_EDGE('',*,*,#101950,.T.);
#103100=CARTESIAN_POINT('',(49.38,49.795,13.7125));
#103110=DIRECTION('',(1.,0.,0.));
#103120=VECTOR('',#103110,1.);
#103130=LINE('',#103100,#103120);
#103140=EDGE_CURVE('',#102590,#101880,#103130,.T.);
#103150=ORIENTED_EDGE('',*,*,#103140,.T.);
#103160=ORIENTED_EDGE('',*,*,#102980,.F.);
#103170=EDGE_LOOP('',(#103160,#103150,#103090,#103080));
#103180=FACE_OUTER_BOUND('',#103170,.T.);
#103190=ADVANCED_FACE('',(#103180),#103070,.T.);
#103200=CARTESIAN_POINT('',(49.67,49.795,13.8));
#103210=DIRECTION('',(-8.16340459283203E-17,1.,-0.));
#103220=DIRECTION('',(1.,8.16340459283203E-17,0.));
#103230=AXIS2_PLACEMENT_3D('',#103200,#103210,#103220);
#103240=PLANE('',#103230);
#103250=ORIENTED_EDGE('',*,*,#101890,.T.);
#103260=CARTESIAN_POINT('',(49.44,49.795,13.725));
#103270=DIRECTION('',(-1.,0.,0.));
#103280=VECTOR('',#103270,1.);
#103290=LINE('',#103260,#103280);
#103300=EDGE_CURVE('',#101800,#102670,#103290,.T.);
#103310=ORIENTED_EDGE('',*,*,#103300,.F.);
#103320=ORIENTED_EDGE('',*,*,#102680,.F.);
#103330=ORIENTED_EDGE('',*,*,#103140,.F.);
#103340=EDGE_LOOP('',(#103330,#103320,#103310,#103250));
#103350=FACE_OUTER_BOUND('',#103340,.T.);
#103360=ADVANCED_FACE('',(#103350),#103240,.T.);
#103370=CARTESIAN_POINT('',(48.0687715809733,49.745,13.725));
#103380=DIRECTION('',(-0.,-0.,1.));
#103390=DIRECTION('',(1.,0.,-0.));
#103400=AXIS2_PLACEMENT_3D('',#103370,#103380,#103390);
#103410=PLANE('',#103400);
#103420=CARTESIAN_POINT('',(49.38,49.795,13.725));
#103430=DIRECTION('',(-1.,0.,0.));
#103440=VECTOR('',#103430,1.);
#103450=LINE('',#103420,#103440);
#103460=EDGE_CURVE('',#102670,#70460,#103450,.T.);
#103470=ORIENTED_EDGE('',*,*,#103460,.T.);
#103480=ORIENTED_EDGE('',*,*,#103300,.T.);
#103490=ORIENTED_EDGE('',*,*,#101810,.T.);
#103500=ORIENTED_EDGE('',*,*,#101490,.T.);
#103510=ORIENTED_EDGE('',*,*,#101250,.T.);
#103520=ORIENTED_EDGE('',*,*,#64720,.T.);
#103530=ORIENTED_EDGE('',*,*,#70530,.T.);
#103540=EDGE_LOOP('',(#103530,#103520,#103510,#103500,#103490,#103480,
#103470));
#103550=FACE_OUTER_BOUND('',#103540,.T.);
#103560=ADVANCED_FACE('',(#103550),#103410,.F.);
#103570=CARTESIAN_POINT('',(49.59,49.795,13.875));
#103580=DIRECTION('',(1.73472347597681E-16,1.,-0.));
#103590=DIRECTION('',(1.,-1.73472347597681E-16,0.));
#103600=AXIS2_PLACEMENT_3D('',#103570,#103580,#103590);
#103610=PLANE('',#103600);
#103620=ORIENTED_EDGE('',*,*,#103460,.F.);
#103630=ORIENTED_EDGE('',*,*,#70470,.T.);
#103640=ORIENTED_EDGE('',*,*,#101060,.T.);
#103650=ORIENTED_EDGE('',*,*,#102740,.T.);
#103660=EDGE_LOOP('',(#103650,#103640,#103630,#103620));
#103670=FACE_OUTER_BOUND('',#103660,.T.);
#103680=ADVANCED_FACE('',(#103670),#103610,.F.);
#103690=CARTESIAN_POINT('',(49.67,49.795,13.8));
#103700=DIRECTION('',(-8.16340459283203E-17,1.,-0.));
#103710=DIRECTION('',(1.,8.16340459283203E-17,0.));
#103720=AXIS2_PLACEMENT_3D('',#103690,#103700,#103710);
#103730=PLANE('',#103720);
#103740=ORIENTED_EDGE('',*,*,#101710,.T.);
#103750=ORIENTED_EDGE('',*,*,#102180,.T.);
#103760=ORIENTED_EDGE('',*,*,#102800,.F.);
#103770=ORIENTED_EDGE('',*,*,#101000,.T.);
#103780=EDGE_LOOP('',(#103770,#103760,#103750,#103740));
#103790=FACE_OUTER_BOUND('',#103780,.T.);
#103800=ADVANCED_FACE('',(#103790),#103730,.T.);
#103810=CARTESIAN_POINT('',(48.0687715809733,49.745,13.475));
#103820=DIRECTION('',(-0.,-0.,1.));
#103830=DIRECTION('',(1.,0.,-0.));
#103840=AXIS2_PLACEMENT_3D('',#103810,#103820,#103830);
#103850=PLANE('',#103840);
#103860=ORIENTED_EDGE('',*,*,#64560,.F.);
#103870=CARTESIAN_POINT('',(49.42,49.895,13.475));
#103880=DIRECTION('',(-0.707106781186548,0.707106781186548,0.));
#103890=VECTOR('',#103880,1.);
#103900=LINE('',#103870,#103890);
#103910=CARTESIAN_POINT('',(49.42,49.895,13.475));
#103920=VERTEX_POINT('',#103910);
#103930=EDGE_CURVE('',#103920,#64470,#103900,.T.);
#103940=ORIENTED_EDGE('',*,*,#103930,.T.);
#103950=CARTESIAN_POINT('',(49.44,49.8908565314309,13.475));
#103960=DIRECTION('',(-0.979206593891497,0.202865587223197,0.));
#103970=VECTOR('',#103960,1.);
#103980=LINE('',#103950,#103970);
#103990=CARTESIAN_POINT('',(49.44,49.8908565314309,13.475));
#104000=VERTEX_POINT('',#103990);
#104010=EDGE_CURVE('',#104000,#103920,#103980,.T.);
#104020=ORIENTED_EDGE('',*,*,#104010,.T.);
#104030=CARTESIAN_POINT('',(49.44,49.8908565314309,13.475));
#104040=DIRECTION('',(0.,-1.,0.));
#104050=VECTOR('',#104040,1.);
#104060=LINE('',#104030,#104050);
#104070=CARTESIAN_POINT('',(49.44,49.795,13.475));
#104080=VERTEX_POINT('',#104070);
#104090=EDGE_CURVE('',#104000,#104080,#104060,.T.);
#104100=ORIENTED_EDGE('',*,*,#104090,.F.);
#104110=CARTESIAN_POINT('',(49.44,49.795,13.475));
#104120=DIRECTION('',(-1.,0.,0.));
#104130=VECTOR('',#104120,1.);
#104140=LINE('',#104110,#104130);
#104150=CARTESIAN_POINT('',(49.38,49.795,13.475));
#104160=VERTEX_POINT('',#104150);
#104170=EDGE_CURVE('',#104080,#104160,#104140,.T.);
#104180=ORIENTED_EDGE('',*,*,#104170,.F.);
#104190=CARTESIAN_POINT('',(49.38,49.795,13.475));
#104200=DIRECTION('',(-1.,0.,0.));
#104210=VECTOR('',#104200,1.);
#104220=LINE('',#104190,#104210);
#104230=EDGE_CURVE('',#104160,#70610,#104220,.T.);
#104240=ORIENTED_EDGE('',*,*,#104230,.F.);
#104250=ORIENTED_EDGE('',*,*,#70620,.T.);
#104260=EDGE_LOOP('',(#104250,#104240,#104180,#104100,#104020,#103940,
#103860));
#104270=FACE_OUTER_BOUND('',#104260,.T.);
#104280=ADVANCED_FACE('',(#104270),#103850,.T.);
#104290=CARTESIAN_POINT('',(49.38,49.935,13.475));
#104300=DIRECTION('',(-0.707106781186548,-0.707106781186548,-0.));
#104310=DIRECTION('',(-0.707106781186548,0.707106781186548,0.));
#104320=AXIS2_PLACEMENT_3D('',#104290,#104300,#104310);
#104330=PLANE('',#104320);
#104340=ORIENTED_EDGE('',*,*,#103930,.F.);
#104350=ORIENTED_EDGE('',*,*,#64480,.T.);
#104360=CARTESIAN_POINT('',(49.38,49.935,13.325));
#104370=DIRECTION('',(0.707106781186548,-0.707106781186548,0.));
#104380=VECTOR('',#104370,1.);
#104390=LINE('',#104360,#104380);
#104400=CARTESIAN_POINT('',(49.42,49.895,13.325));
#104410=VERTEX_POINT('',#104400);
#104420=EDGE_CURVE('',#64390,#104410,#104390,.T.);
#104430=ORIENTED_EDGE('',*,*,#104420,.F.);
#104440=CARTESIAN_POINT('',(49.42,49.895,13.325));
#104450=DIRECTION('',(0.,0.,1.));
#104460=VECTOR('',#104450,1.);
#104470=LINE('',#104440,#104460);
#104480=EDGE_CURVE('',#104410,#103920,#104470,.T.);
#104490=ORIENTED_EDGE('',*,*,#104480,.F.);
#104500=EDGE_LOOP('',(#104490,#104430,#104350,#104340));
#104510=FACE_OUTER_BOUND('',#104500,.T.);
#104520=ADVANCED_FACE('',(#104510),#104330,.F.);
#104530=CARTESIAN_POINT('',(49.42,49.895,13.475));
#104540=DIRECTION('',(-0.202865587223184,-0.9792065938915,-0.));
#104550=DIRECTION('',(-0.9792065938915,0.202865587223184,0.));
#104560=AXIS2_PLACEMENT_3D('',#104530,#104540,#104550);
#104570=PLANE('',#104560);
#104580=ORIENTED_EDGE('',*,*,#104010,.F.);
#104590=ORIENTED_EDGE('',*,*,#104480,.T.);
#104600=CARTESIAN_POINT('',(49.42,49.895,13.325));
#104610=DIRECTION('',(0.979206593891497,-0.202865587223197,0.));
#104620=VECTOR('',#104610,1.);
#104630=LINE('',#104600,#104620);
#104640=CARTESIAN_POINT('',(49.44,49.8908565314309,13.325));
#104650=VERTEX_POINT('',#104640);
#104660=EDGE_CURVE('',#104410,#104650,#104630,.T.);
#104670=ORIENTED_EDGE('',*,*,#104660,.F.);
#104680=CARTESIAN_POINT('',(49.44,49.8908565314309,13.475));
#104690=DIRECTION('',(0.,0.,-1.));
#104700=VECTOR('',#104690,1.);
#104710=LINE('',#104680,#104700);
#104720=EDGE_CURVE('',#104000,#104650,#104710,.T.);
#104730=ORIENTED_EDGE('',*,*,#104720,.T.);
#104740=EDGE_LOOP('',(#104730,#104670,#104590,#104580));
#104750=FACE_OUTER_BOUND('',#104740,.T.);
#104760=ADVANCED_FACE('',(#104750),#104570,.F.);
#104770=CARTESIAN_POINT('',(49.44,49.855,13.4));
#104780=DIRECTION('',(-1.,-0.,-0.));
#104790=DIRECTION('',(0.,1.,0.));
#104800=AXIS2_PLACEMENT_3D('',#104770,#104780,#104790);
#104810=PLANE('',#104800);
#104820=CARTESIAN_POINT('',(49.44,49.795,13.475));
#104830=DIRECTION('',(0.,0.,1.));
#104840=VECTOR('',#104830,1.);
#104850=LINE('',#104820,#104840);
#104860=CARTESIAN_POINT('',(49.44,49.795,13.4875));
#104870=VERTEX_POINT('',#104860);
#104880=EDGE_CURVE('',#104080,#104870,#104850,.T.);
#104890=ORIENTED_EDGE('',*,*,#104880,.T.);
#104900=ORIENTED_EDGE('',*,*,#104090,.T.);
#104910=ORIENTED_EDGE('',*,*,#104720,.F.);
#104920=CARTESIAN_POINT('',(49.44,49.8908565314309,13.325));
#104930=DIRECTION('',(0.,-1.,0.));
#104940=VECTOR('',#104930,1.);
#104950=LINE('',#104920,#104940);
#104960=CARTESIAN_POINT('',(49.44,49.795,13.325));
#104970=VERTEX_POINT('',#104960);
#104980=EDGE_CURVE('',#104650,#104970,#104950,.T.);
#104990=ORIENTED_EDGE('',*,*,#104980,.F.);
#105000=CARTESIAN_POINT('',(49.44,49.795,13.3125));
#105010=DIRECTION('',(0.,0.,1.));
#105020=VECTOR('',#105010,1.);
#105030=LINE('',#105000,#105020);
#105040=CARTESIAN_POINT('',(49.44,49.795,13.3125));
#105050=VERTEX_POINT('',#105040);
#105060=EDGE_CURVE('',#105050,#104970,#105030,.T.);
#105070=ORIENTED_EDGE('',*,*,#105060,.T.);
#105080=CARTESIAN_POINT('',(49.44,49.795,13.3125));
#105090=DIRECTION('',(0.,1.,0.));
#105100=VECTOR('',#105090,1.);
#105110=LINE('',#105080,#105100);
#105120=EDGE_CURVE('',#105050,#30880,#105110,.T.);
#105130=ORIENTED_EDGE('',*,*,#105120,.F.);
#105140=ORIENTED_EDGE('',*,*,#30890,.F.);
#105150=CARTESIAN_POINT('',(49.44,49.795,13.4875));
#105160=DIRECTION('',(0.,1.,0.));
#105170=VECTOR('',#105160,1.);
#105180=LINE('',#105150,#105170);
#105190=EDGE_CURVE('',#104870,#30800,#105180,.T.);
#105200=ORIENTED_EDGE('',*,*,#105190,.T.);
#105210=EDGE_LOOP('',(#105200,#105140,#105130,#105070,#104990,#104910,
#104900,#104890));
#105220=FACE_OUTER_BOUND('',#105210,.T.);
#105230=ADVANCED_FACE('',(#105220),#104810,.T.);
#105240=CARTESIAN_POINT('',(48.2,49.675,13.4875));
#105250=DIRECTION('',(-0.,-0.,1.));
#105260=DIRECTION('',(1.,0.,-0.));
#105270=AXIS2_PLACEMENT_3D('',#105240,#105250,#105260);
#105280=PLANE('',#105270);
#105290=CARTESIAN_POINT('',(49.38,49.795,13.4875));
#105300=DIRECTION('',(1.,0.,0.));
#105310=VECTOR('',#105300,1.);
#105320=LINE('',#105290,#105310);
#105330=CARTESIAN_POINT('',(49.38,49.795,13.4875));
#105340=VERTEX_POINT('',#105330);
#105350=EDGE_CURVE('',#105340,#104870,#105320,.T.);
#105360=ORIENTED_EDGE('',*,*,#105350,.F.);
#105370=ORIENTED_EDGE('',*,*,#105190,.F.);
#105380=ORIENTED_EDGE('',*,*,#30810,.F.);
#105390=CARTESIAN_POINT('',(49.38,49.795,13.4875));
#105400=DIRECTION('',(0.,1.,0.));
#105410=VECTOR('',#105400,1.);
#105420=LINE('',#105390,#105410);
#105430=EDGE_CURVE('',#105340,#30720,#105420,.T.);
#105440=ORIENTED_EDGE('',*,*,#105430,.T.);
#105450=EDGE_LOOP('',(#105440,#105380,#105370,#105360));
#105460=FACE_OUTER_BOUND('',#105450,.T.);
#105470=ADVANCED_FACE('',(#105460),#105280,.F.);
#105480=CARTESIAN_POINT('',(49.355,49.88,13.5125));
#105490=DIRECTION('',(0.707106781186548,-0.,0.707106781186548));
#105500=DIRECTION('',(-0.707106781186548,0.,0.707106781186548));
#105510=AXIS2_PLACEMENT_3D('',#105480,#105490,#105500);
#105520=PLANE('',#105510);
#105530=ORIENTED_EDGE('',*,*,#30730,.F.);
#105540=ORIENTED_EDGE('',*,*,#59820,.T.);
#105550=CARTESIAN_POINT('',(49.38,49.795,13.4875));
#105560=DIRECTION('',(-0.57735026918966,-0.577350269189578,
0.577350269189639));
#105570=VECTOR('',#105560,1.);
#105580=LINE('',#105550,#105570);
#105590=EDGE_CURVE('',#105340,#59750,#105580,.T.);
#105600=ORIENTED_EDGE('',*,*,#105590,.T.);
#105610=ORIENTED_EDGE('',*,*,#105430,.F.);
#105620=EDGE_LOOP('',(#105610,#105600,#105540,#105530));
#105630=FACE_OUTER_BOUND('',#105620,.T.);
#105640=ADVANCED_FACE('',(#105630),#105520,.F.);
#105650=CARTESIAN_POINT('',(49.355,49.77,13.4));
#105660=DIRECTION('',(-0.707106781186547,0.707106781186548,-0.));
#105670=DIRECTION('',(-0.707106781186548,-0.707106781186547,0.));
#105680=AXIS2_PLACEMENT_3D('',#105650,#105660,#105670);
#105690=PLANE('',#105680);
#105700=CARTESIAN_POINT('',(49.38,49.795,13.325));
#105710=DIRECTION('',(0.,0.,1.));
#105720=VECTOR('',#105710,1.);
#105730=LINE('',#105700,#105720);
#105740=CARTESIAN_POINT('',(49.38,49.795,13.325));
#105750=VERTEX_POINT('',#105740);
#105760=EDGE_CURVE('',#105750,#104160,#105730,.T.);
#105770=ORIENTED_EDGE('',*,*,#105760,.F.);
#105780=CARTESIAN_POINT('',(49.38,49.795,13.475));
#105790=DIRECTION('',(0.,0.,1.));
#105800=VECTOR('',#105790,1.);
#105810=LINE('',#105780,#105800);
#105820=EDGE_CURVE('',#104160,#105340,#105810,.T.);
#105830=ORIENTED_EDGE('',*,*,#105820,.F.);
#105840=ORIENTED_EDGE('',*,*,#105590,.F.);
#105850=ORIENTED_EDGE('',*,*,#59760,.F.);
#105860=CARTESIAN_POINT('',(49.38,49.795,13.3125));
#105870=DIRECTION('',(-0.577350269189687,-0.577350269189523,
-0.577350269189667));
#105880=VECTOR('',#105870,1.);
#105890=LINE('',#105860,#105880);
#105900=CARTESIAN_POINT('',(49.38,49.795,13.3125));
#105910=VERTEX_POINT('',#105900);
#105920=EDGE_CURVE('',#105910,#59670,#105890,.T.);
#105930=ORIENTED_EDGE('',*,*,#105920,.T.);
#105940=CARTESIAN_POINT('',(49.38,49.795,13.3125));
#105950=DIRECTION('',(0.,0.,1.));
#105960=VECTOR('',#105950,1.);
#105970=LINE('',#105940,#105960);
#105980=EDGE_CURVE('',#105910,#105750,#105970,.T.);
#105990=ORIENTED_EDGE('',*,*,#105980,.F.);
#106000=EDGE_LOOP('',(#105990,#105930,#105850,#105840,#105830,#105770));
#106010=FACE_OUTER_BOUND('',#106000,.T.);
#106020=ADVANCED_FACE('',(#106010),#105690,.T.);
#106030=CARTESIAN_POINT('',(49.67,49.795,13.4));
#106040=DIRECTION('',(-8.16340459283203E-17,1.,-0.));
#106050=DIRECTION('',(1.,8.16340459283203E-17,0.));
#106060=AXIS2_PLACEMENT_3D('',#106030,#106040,#106050);
#106070=PLANE('',#106060);
#106080=ORIENTED_EDGE('',*,*,#105060,.F.);
#106090=CARTESIAN_POINT('',(49.44,49.795,13.325));
#106100=DIRECTION('',(-1.,0.,0.));
#106110=VECTOR('',#106100,1.);
#106120=LINE('',#106090,#106110);
#106130=EDGE_CURVE('',#104970,#105750,#106120,.T.);
#106140=ORIENTED_EDGE('',*,*,#106130,.F.);
#106150=ORIENTED_EDGE('',*,*,#105980,.T.);
#106160=CARTESIAN_POINT('',(49.38,49.795,13.3125));
#106170=DIRECTION('',(1.,0.,0.));
#106180=VECTOR('',#106170,1.);
#106190=LINE('',#106160,#106180);
#106200=EDGE_CURVE('',#105910,#105050,#106190,.T.);
#106210=ORIENTED_EDGE('',*,*,#106200,.F.);
#106220=EDGE_LOOP('',(#106210,#106150,#106140,#106080));
#106230=FACE_OUTER_BOUND('',#106220,.T.);
#106240=ADVANCED_FACE('',(#106230),#106070,.T.);
#106250=CARTESIAN_POINT('',(48.2,49.675,13.3125));
#106260=DIRECTION('',(-0.,-0.,1.));
#106270=DIRECTION('',(1.,0.,-0.));
#106280=AXIS2_PLACEMENT_3D('',#106250,#106260,#106270);
#106290=PLANE('',#106280);
#106300=CARTESIAN_POINT('',(49.38,49.795,13.3125));
#106310=DIRECTION('',(0.,1.,0.));
#106320=VECTOR('',#106310,1.);
#106330=LINE('',#106300,#106320);
#106340=EDGE_CURVE('',#105910,#30960,#106330,.T.);
#106350=ORIENTED_EDGE('',*,*,#106340,.F.);
#106360=ORIENTED_EDGE('',*,*,#30970,.T.);
#106370=ORIENTED_EDGE('',*,*,#105120,.T.);
#106380=ORIENTED_EDGE('',*,*,#106200,.T.);
#106390=EDGE_LOOP('',(#106380,#106370,#106360,#106350));
#106400=FACE_OUTER_BOUND('',#106390,.T.);
#106410=ADVANCED_FACE('',(#106400),#106290,.T.);
#106420=CARTESIAN_POINT('',(49.355,49.88,13.2875));
#106430=DIRECTION('',(-0.707106781186548,-0.,0.707106781186548));
#106440=DIRECTION('',(-0.707106781186548,0.,-0.707106781186548));
#106450=AXIS2_PLACEMENT_3D('',#106420,#106430,#106440);
#106460=PLANE('',#106450);
#106470=ORIENTED_EDGE('',*,*,#106340,.T.);
#106480=ORIENTED_EDGE('',*,*,#105920,.F.);
#106490=ORIENTED_EDGE('',*,*,#59680,.F.);
#106500=ORIENTED_EDGE('',*,*,#31050,.F.);
#106510=EDGE_LOOP('',(#106500,#106490,#106480,#106470));
#106520=FACE_OUTER_BOUND('',#106510,.T.);
#106530=ADVANCED_FACE('',(#106520),#106460,.T.);
#106540=CARTESIAN_POINT('',(48.0687715809733,49.745,13.325));
#106550=DIRECTION('',(-0.,-0.,1.));
#106560=DIRECTION('',(1.,0.,-0.));
#106570=AXIS2_PLACEMENT_3D('',#106540,#106550,#106560);
#106580=PLANE('',#106570);
#106590=CARTESIAN_POINT('',(49.38,49.795,13.325));
#106600=DIRECTION('',(-1.,0.,0.));
#106610=VECTOR('',#106600,1.);
#106620=LINE('',#106590,#106610);
#106630=EDGE_CURVE('',#105750,#70690,#106620,.T.);
#106640=ORIENTED_EDGE('',*,*,#106630,.T.);
#106650=ORIENTED_EDGE('',*,*,#106130,.T.);
#106660=ORIENTED_EDGE('',*,*,#104980,.T.);
#106670=ORIENTED_EDGE('',*,*,#104660,.T.);
#106680=ORIENTED_EDGE('',*,*,#104420,.T.);
#106690=ORIENTED_EDGE('',*,*,#64400,.T.);
#106700=ORIENTED_EDGE('',*,*,#70760,.T.);
#106710=EDGE_LOOP('',(#106700,#106690,#106680,#106670,#106660,#106650,
#106640));
#106720=FACE_OUTER_BOUND('',#106710,.T.);
#106730=ADVANCED_FACE('',(#106720),#106580,.F.);
#106740=CARTESIAN_POINT('',(49.59,49.795,13.475));
#106750=DIRECTION('',(1.73472347597681E-16,1.,-0.));
#106760=DIRECTION('',(1.,-1.73472347597681E-16,0.));
#106770=AXIS2_PLACEMENT_3D('',#106740,#106750,#106760);
#106780=PLANE('',#106770);
#106790=ORIENTED_EDGE('',*,*,#106630,.F.);
#106800=ORIENTED_EDGE('',*,*,#70700,.T.);
#106810=ORIENTED_EDGE('',*,*,#104230,.T.);
#106820=ORIENTED_EDGE('',*,*,#105760,.T.);
#106830=EDGE_LOOP('',(#106820,#106810,#106800,#106790));
#106840=FACE_OUTER_BOUND('',#106830,.T.);
#106850=ADVANCED_FACE('',(#106840),#106780,.F.);
#106860=CARTESIAN_POINT('',(49.67,49.795,13.4));
#106870=DIRECTION('',(-8.16340459283203E-17,1.,-0.));
#106880=DIRECTION('',(1.,8.16340459283203E-17,0.));
#106890=AXIS2_PLACEMENT_3D('',#106860,#106870,#106880);
#106900=PLANE('',#106890);
#106910=ORIENTED_EDGE('',*,*,#104880,.F.);
#106920=ORIENTED_EDGE('',*,*,#105350,.T.);
#106930=ORIENTED_EDGE('',*,*,#105820,.T.);
#106940=ORIENTED_EDGE('',*,*,#104170,.T.);
#106950=EDGE_LOOP('',(#106940,#106930,#106920,#106910));
#106960=FACE_OUTER_BOUND('',#106950,.T.);
#106970=ADVANCED_FACE('',(#106960),#106900,.T.);
#106980=CARTESIAN_POINT('',(48.0687715809733,49.745,13.075));
#106990=DIRECTION('',(-0.,-0.,1.));
#107000=DIRECTION('',(1.,0.,-0.));
#107010=AXIS2_PLACEMENT_3D('',#106980,#106990,#107000);
#107020=PLANE('',#107010);
#107030=CARTESIAN_POINT('',(49.38,49.795,13.075));
#107040=DIRECTION('',(1.,0.,0.));
#107050=VECTOR('',#107040,1.);
#107060=LINE('',#107030,#107050);
#107070=CARTESIAN_POINT('',(49.38,49.795,13.075));
#107080=VERTEX_POINT('',#107070);
#107090=CARTESIAN_POINT('',(49.44,49.795,13.075));
#107100=VERTEX_POINT('',#107090);
#107110=EDGE_CURVE('',#107080,#107100,#107060,.T.);
#107120=ORIENTED_EDGE('',*,*,#107110,.T.);
#107130=CARTESIAN_POINT('',(49.38,49.795,13.075));
#107140=DIRECTION('',(-1.,0.,0.));
#107150=VECTOR('',#107140,1.);
#107160=LINE('',#107130,#107150);
#107170=EDGE_CURVE('',#107080,#70840,#107160,.T.);
#107180=ORIENTED_EDGE('',*,*,#107170,.F.);
#107190=ORIENTED_EDGE('',*,*,#70850,.T.);
#107200=ORIENTED_EDGE('',*,*,#64240,.F.);
#107210=CARTESIAN_POINT('',(49.42,49.895,13.075));
#107220=DIRECTION('',(-0.707106781186548,0.707106781186548,0.));
#107230=VECTOR('',#107220,1.);
#107240=LINE('',#107210,#107230);
#107250=CARTESIAN_POINT('',(49.42,49.895,13.075));
#107260=VERTEX_POINT('',#107250);
#107270=EDGE_CURVE('',#107260,#64150,#107240,.T.);
#107280=ORIENTED_EDGE('',*,*,#107270,.T.);
#107290=CARTESIAN_POINT('',(49.44,49.8908565314309,13.075));
#107300=DIRECTION('',(-0.979206593891497,0.202865587223197,0.));
#107310=VECTOR('',#107300,1.);
#107320=LINE('',#107290,#107310);
#107330=CARTESIAN_POINT('',(49.44,49.8908565314309,13.075));
#107340=VERTEX_POINT('',#107330);
#107350=EDGE_CURVE('',#107340,#107260,#107320,.T.);
#107360=ORIENTED_EDGE('',*,*,#107350,.T.);
#107370=CARTESIAN_POINT('',(49.44,49.795,13.075));
#107380=DIRECTION('',(0.,1.,0.));
#107390=VECTOR('',#107380,1.);
#107400=LINE('',#107370,#107390);
#107410=EDGE_CURVE('',#107100,#107340,#107400,.T.);
#107420=ORIENTED_EDGE('',*,*,#107410,.T.);
#107430=EDGE_LOOP('',(#107420,#107360,#107280,#107200,#107190,#107180,
#107120));
#107440=FACE_OUTER_BOUND('',#107430,.T.);
#107450=ADVANCED_FACE('',(#107440),#107020,.T.);
#107460=CARTESIAN_POINT('',(49.44,49.855,13.));
#107470=DIRECTION('',(1.,-0.,-0.));
#107480=DIRECTION('',(-0.,1.,0.));
#107490=AXIS2_PLACEMENT_3D('',#107460,#107470,#107480);
#107500=PLANE('',#107490);
#107510=CARTESIAN_POINT('',(49.44,49.795,12.9125));
#107520=DIRECTION('',(0.,1.,0.));
#107530=VECTOR('',#107520,1.);
#107540=LINE('',#107510,#107530);
#107550=CARTESIAN_POINT('',(49.44,49.795,12.9125));
#107560=VERTEX_POINT('',#107550);
#107570=EDGE_CURVE('',#107560,#31360,#107540,.T.);
#107580=ORIENTED_EDGE('',*,*,#107570,.F.);
#107590=ORIENTED_EDGE('',*,*,#31370,.T.);
#107600=CARTESIAN_POINT('',(49.44,49.795,13.0875));
#107610=DIRECTION('',(0.,1.,0.));
#107620=VECTOR('',#107610,1.);
#107630=LINE('',#107600,#107620);
#107640=CARTESIAN_POINT('',(49.44,49.795,13.0875));
#107650=VERTEX_POINT('',#107640);
#107660=EDGE_CURVE('',#107650,#31280,#107630,.T.);
#107670=ORIENTED_EDGE('',*,*,#107660,.T.);
#107680=CARTESIAN_POINT('',(49.44,49.795,13.075));
#107690=DIRECTION('',(0.,0.,1.));
#107700=VECTOR('',#107690,1.);
#107710=LINE('',#107680,#107700);
#107720=EDGE_CURVE('',#107100,#107650,#107710,.T.);
#107730=ORIENTED_EDGE('',*,*,#107720,.T.);
#107740=ORIENTED_EDGE('',*,*,#107410,.F.);
#107750=CARTESIAN_POINT('',(49.44,49.8908565314309,12.925));
#107760=DIRECTION('',(0.,0.,1.));
#107770=VECTOR('',#107760,1.);
#107780=LINE('',#107750,#107770);
#107790=CARTESIAN_POINT('',(49.44,49.8908565314309,12.925));
#107800=VERTEX_POINT('',#107790);
#107810=EDGE_CURVE('',#107800,#107340,#107780,.T.);
#107820=ORIENTED_EDGE('',*,*,#107810,.T.);
#107830=CARTESIAN_POINT('',(49.44,49.795,12.925));
#107840=DIRECTION('',(0.,1.,0.));
#107850=VECTOR('',#107840,1.);
#107860=LINE('',#107830,#107850);
#107870=CARTESIAN_POINT('',(49.44,49.795,12.925));
#107880=VERTEX_POINT('',#107870);
#107890=EDGE_CURVE('',#107880,#107800,#107860,.T.);
#107900=ORIENTED_EDGE('',*,*,#107890,.T.);
#107910=CARTESIAN_POINT('',(49.44,49.795,12.9125));
#107920=DIRECTION('',(0.,0.,1.));
#107930=VECTOR('',#107920,1.);
#107940=LINE('',#107910,#107930);
#107950=EDGE_CURVE('',#107560,#107880,#107940,.T.);
#107960=ORIENTED_EDGE('',*,*,#107950,.T.);
#107970=EDGE_LOOP('',(#107960,#107900,#107820,#107740,#107730,#107670,
#107590,#107580));
#107980=FACE_OUTER_BOUND('',#107970,.T.);
#107990=ADVANCED_FACE('',(#107980),#107500,.F.);
#108000=CARTESIAN_POINT('',(49.67,49.795,13.));
#108010=DIRECTION('',(8.16340459283203E-17,-1.,-0.));
#108020=DIRECTION('',(1.,8.16340459283203E-17,0.));
#108030=AXIS2_PLACEMENT_3D('',#108000,#108010,#108020);
#108040=PLANE('',#108030);
#108050=CARTESIAN_POINT('',(49.38,49.795,12.925));
#108060=DIRECTION('',(1.,0.,0.));
#108070=VECTOR('',#108060,1.);
#108080=LINE('',#108050,#108070);
#108090=CARTESIAN_POINT('',(49.38,49.795,12.925));
#108100=VERTEX_POINT('',#108090);
#108110=EDGE_CURVE('',#108100,#107880,#108080,.T.);
#108120=ORIENTED_EDGE('',*,*,#108110,.T.);
#108130=CARTESIAN_POINT('',(49.38,49.795,12.9125));
#108140=DIRECTION('',(0.,0.,1.));
#108150=VECTOR('',#108140,1.);
#108160=LINE('',#108130,#108150);
#108170=CARTESIAN_POINT('',(49.38,49.795,12.9125));
#108180=VERTEX_POINT('',#108170);
#108190=EDGE_CURVE('',#108180,#108100,#108160,.T.);
#108200=ORIENTED_EDGE('',*,*,#108190,.T.);
#108210=CARTESIAN_POINT('',(49.38,49.795,12.9125));
#108220=DIRECTION('',(1.,0.,0.));
#108230=VECTOR('',#108220,1.);
#108240=LINE('',#108210,#108230);
#108250=EDGE_CURVE('',#108180,#107560,#108240,.T.);
#108260=ORIENTED_EDGE('',*,*,#108250,.F.);
#108270=ORIENTED_EDGE('',*,*,#107950,.F.);
#108280=EDGE_LOOP('',(#108270,#108260,#108200,#108120));
#108290=FACE_OUTER_BOUND('',#108280,.T.);
#108300=ADVANCED_FACE('',(#108290),#108040,.F.);
#108310=CARTESIAN_POINT('',(48.0687715809733,49.745,12.925));
#108320=DIRECTION('',(-0.,-0.,1.));
#108330=DIRECTION('',(1.,0.,-0.));
#108340=AXIS2_PLACEMENT_3D('',#108310,#108320,#108330);
#108350=PLANE('',#108340);
#108360=CARTESIAN_POINT('',(49.42,49.895,12.925));
#108370=DIRECTION('',(0.979206593891497,-0.202865587223197,0.));
#108380=VECTOR('',#108370,1.);
#108390=LINE('',#108360,#108380);
#108400=CARTESIAN_POINT('',(49.42,49.895,12.925));
#108410=VERTEX_POINT('',#108400);
#108420=EDGE_CURVE('',#108410,#107800,#108390,.T.);
#108430=ORIENTED_EDGE('',*,*,#108420,.T.);
#108440=CARTESIAN_POINT('',(49.38,49.935,12.925));
#108450=DIRECTION('',(0.707106781186548,-0.707106781186548,0.));
#108460=VECTOR('',#108450,1.);
#108470=LINE('',#108440,#108460);
#108480=EDGE_CURVE('',#64070,#108410,#108470,.T.);
#108490=ORIENTED_EDGE('',*,*,#108480,.T.);
#108500=ORIENTED_EDGE('',*,*,#64080,.T.);
#108510=ORIENTED_EDGE('',*,*,#70990,.T.);
#108520=CARTESIAN_POINT('',(49.38,49.795,12.925));
#108530=DIRECTION('',(-1.,0.,0.));
#108540=VECTOR('',#108530,1.);
#108550=LINE('',#108520,#108540);
#108560=EDGE_CURVE('',#108100,#70920,#108550,.T.);
#108570=ORIENTED_EDGE('',*,*,#108560,.T.);
#108580=ORIENTED_EDGE('',*,*,#108110,.F.);
#108590=ORIENTED_EDGE('',*,*,#107890,.F.);
#108600=EDGE_LOOP('',(#108590,#108580,#108570,#108510,#108500,#108490,
#108430));
#108610=FACE_OUTER_BOUND('',#108600,.T.);
#108620=ADVANCED_FACE('',(#108610),#108350,.F.);
#108630=CARTESIAN_POINT('',(49.42,49.895,13.075));
#108640=DIRECTION('',(-0.202865587223184,-0.9792065938915,-0.));
#108650=DIRECTION('',(-0.9792065938915,0.202865587223184,0.));
#108660=AXIS2_PLACEMENT_3D('',#108630,#108640,#108650);
#108670=PLANE('',#108660);
#108680=ORIENTED_EDGE('',*,*,#107350,.F.);
#108690=CARTESIAN_POINT('',(49.42,49.895,12.925));
#108700=DIRECTION('',(0.,0.,1.));
#108710=VECTOR('',#108700,1.);
#108720=LINE('',#108690,#108710);
#108730=EDGE_CURVE('',#108410,#107260,#108720,.T.);
#108740=ORIENTED_EDGE('',*,*,#108730,.T.);
#108750=ORIENTED_EDGE('',*,*,#108420,.F.);
#108760=ORIENTED_EDGE('',*,*,#107810,.F.);
#108770=EDGE_LOOP('',(#108760,#108750,#108740,#108680));
#108780=FACE_OUTER_BOUND('',#108770,.T.);
#108790=ADVANCED_FACE('',(#108780),#108670,.F.);
#108800=CARTESIAN_POINT('',(49.38,49.935,13.075));
#108810=DIRECTION('',(-0.707106781186548,-0.707106781186548,-0.));
#108820=DIRECTION('',(-0.707106781186548,0.707106781186548,0.));
#108830=AXIS2_PLACEMENT_3D('',#108800,#108810,#108820);
#108840=PLANE('',#108830);
#108850=ORIENTED_EDGE('',*,*,#107270,.F.);
#108860=ORIENTED_EDGE('',*,*,#64160,.T.);
#108870=ORIENTED_EDGE('',*,*,#108480,.F.);
#108880=ORIENTED_EDGE('',*,*,#108730,.F.);
#108890=EDGE_LOOP('',(#108880,#108870,#108860,#108850));
#108900=FACE_OUTER_BOUND('',#108890,.T.);
#108910=ADVANCED_FACE('',(#108900),#108840,.F.);
#108920=CARTESIAN_POINT('',(49.59,49.795,13.075));
#108930=DIRECTION('',(1.73472347597681E-16,1.,-0.));
#108940=DIRECTION('',(1.,-1.73472347597681E-16,0.));
#108950=AXIS2_PLACEMENT_3D('',#108920,#108930,#108940);
#108960=PLANE('',#108950);
#108970=ORIENTED_EDGE('',*,*,#107170,.T.);
#108980=CARTESIAN_POINT('',(49.38,49.795,13.075));
#108990=DIRECTION('',(0.,0.,-1.));
#109000=VECTOR('',#108990,1.);
#109010=LINE('',#108980,#109000);
#109020=EDGE_CURVE('',#107080,#108100,#109010,.T.);
#109030=ORIENTED_EDGE('',*,*,#109020,.F.);
#109040=ORIENTED_EDGE('',*,*,#108560,.F.);
#109050=ORIENTED_EDGE('',*,*,#70930,.T.);
#109060=EDGE_LOOP('',(#109050,#109040,#109030,#108970));
#109070=FACE_OUTER_BOUND('',#109060,.T.);
#109080=ADVANCED_FACE('',(#109070),#108960,.F.);
#109090=CARTESIAN_POINT('',(49.355,49.77,13.));
#109100=DIRECTION('',(0.707106781186547,-0.707106781186548,-0.));
#109110=DIRECTION('',(-0.707106781186548,-0.707106781186547,0.));
#109120=AXIS2_PLACEMENT_3D('',#109090,#109100,#109110);
#109130=PLANE('',#109120);
#109140=CARTESIAN_POINT('',(49.38,49.795,12.9125));
#109150=DIRECTION('',(-0.577350269189694,-0.57735026918953,
-0.577350269189653));
#109160=VECTOR('',#109150,1.);
#109170=LINE('',#109140,#109160);
#109180=EDGE_CURVE('',#108180,#59440,#109170,.T.);
#109190=ORIENTED_EDGE('',*,*,#109180,.T.);
#109200=ORIENTED_EDGE('',*,*,#108190,.F.);
#109210=ORIENTED_EDGE('',*,*,#109020,.T.);
#109220=CARTESIAN_POINT('',(49.38,49.795,13.075));
#109230=DIRECTION('',(0.,0.,1.));
#109240=VECTOR('',#109230,1.);
#109250=LINE('',#109220,#109240);
#109260=CARTESIAN_POINT('',(49.38,49.795,13.0875));
#109270=VERTEX_POINT('',#109260);
#109280=EDGE_CURVE('',#107080,#109270,#109250,.T.);
#109290=ORIENTED_EDGE('',*,*,#109280,.F.);
#109300=CARTESIAN_POINT('',(49.33,49.745,13.1375));
#109310=DIRECTION('',(0.577350269189694,0.57735026918953,
-0.577350269189653));
#109320=VECTOR('',#109310,1.);
#109330=LINE('',#109300,#109320);
#109340=EDGE_CURVE('',#59520,#109270,#109330,.T.);
#109350=ORIENTED_EDGE('',*,*,#109340,.T.);
#109360=ORIENTED_EDGE('',*,*,#59530,.T.);
#109370=EDGE_LOOP('',(#109360,#109350,#109290,#109210,#109200,#109190));
#109380=FACE_OUTER_BOUND('',#109370,.T.);
#109390=ADVANCED_FACE('',(#109380),#109130,.F.);
#109400=CARTESIAN_POINT('',(49.355,49.88,12.8875));
#109410=DIRECTION('',(-0.707106781186547,-0.,0.707106781186548));
#109420=DIRECTION('',(-0.707106781186548,0.,-0.707106781186547));
#109430=AXIS2_PLACEMENT_3D('',#109400,#109410,#109420);
#109440=PLANE('',#109430);
#109450=CARTESIAN_POINT('',(49.38,49.795,12.9125));
#109460=DIRECTION('',(0.,1.,0.));
#109470=VECTOR('',#109460,1.);
#109480=LINE('',#109450,#109470);
#109490=EDGE_CURVE('',#108180,#31440,#109480,.T.);
#109500=ORIENTED_EDGE('',*,*,#109490,.T.);
#109510=ORIENTED_EDGE('',*,*,#109180,.F.);
#109520=ORIENTED_EDGE('',*,*,#59450,.F.);
#109530=ORIENTED_EDGE('',*,*,#31530,.F.);
#109540=EDGE_LOOP('',(#109530,#109520,#109510,#109500));
#109550=FACE_OUTER_BOUND('',#109540,.T.);
#109560=ADVANCED_FACE('',(#109550),#109440,.T.);
#109570=CARTESIAN_POINT('',(48.2,49.675,12.9125));
#109580=DIRECTION('',(-0.,-0.,1.));
#109590=DIRECTION('',(1.,0.,-0.));
#109600=AXIS2_PLACEMENT_3D('',#109570,#109580,#109590);
#109610=PLANE('',#109600);
#109620=ORIENTED_EDGE('',*,*,#109490,.F.);
#109630=ORIENTED_EDGE('',*,*,#31450,.T.);
#109640=ORIENTED_EDGE('',*,*,#107570,.T.);
#109650=ORIENTED_EDGE('',*,*,#108250,.T.);
#109660=EDGE_LOOP('',(#109650,#109640,#109630,#109620));
#109670=FACE_OUTER_BOUND('',#109660,.T.);
#109680=ADVANCED_FACE('',(#109670),#109610,.T.);
#109690=CARTESIAN_POINT('',(49.67,49.795,13.));
#109700=DIRECTION('',(8.16340459283203E-17,-1.,-0.));
#109710=DIRECTION('',(1.,8.16340459283203E-17,0.));
#109720=AXIS2_PLACEMENT_3D('',#109690,#109700,#109710);
#109730=PLANE('',#109720);
#109740=ORIENTED_EDGE('',*,*,#107720,.F.);
#109750=CARTESIAN_POINT('',(49.38,49.795,13.0875));
#109760=DIRECTION('',(1.,0.,0.));
#109770=VECTOR('',#109760,1.);
#109780=LINE('',#109750,#109770);
#109790=EDGE_CURVE('',#109270,#107650,#109780,.T.);
#109800=ORIENTED_EDGE('',*,*,#109790,.T.);
#109810=ORIENTED_EDGE('',*,*,#109280,.T.);
#109820=ORIENTED_EDGE('',*,*,#107110,.F.);
#109830=EDGE_LOOP('',(#109820,#109810,#109800,#109740));
#109840=FACE_OUTER_BOUND('',#109830,.T.);
#109850=ADVANCED_FACE('',(#109840),#109730,.F.);
#109860=CARTESIAN_POINT('',(48.2,49.675,13.0875));
#109870=DIRECTION('',(-0.,-0.,1.));
#109880=DIRECTION('',(1.,0.,-0.));
#109890=AXIS2_PLACEMENT_3D('',#109860,#109870,#109880);
#109900=PLANE('',#109890);
#109910=CARTESIAN_POINT('',(49.38,49.795,13.0875));
#109920=DIRECTION('',(0.,1.,0.));
#109930=VECTOR('',#109920,1.);
#109940=LINE('',#109910,#109930);
#109950=EDGE_CURVE('',#109270,#31200,#109940,.T.);
#109960=ORIENTED_EDGE('',*,*,#109950,.T.);
#109970=ORIENTED_EDGE('',*,*,#109790,.F.);
#109980=ORIENTED_EDGE('',*,*,#107660,.F.);
#109990=ORIENTED_EDGE('',*,*,#31290,.F.);
#110000=EDGE_LOOP('',(#109990,#109980,#109970,#109960));
#110010=FACE_OUTER_BOUND('',#110000,.T.);
#110020=ADVANCED_FACE('',(#110010),#109900,.F.);
#110030=CARTESIAN_POINT('',(49.355,49.88,13.1125));
#110040=DIRECTION('',(0.707106781186548,-0.,0.707106781186548));
#110050=DIRECTION('',(-0.707106781186548,0.,0.707106781186548));
#110060=AXIS2_PLACEMENT_3D('',#110030,#110040,#110050);
#110070=PLANE('',#110060);
#110080=ORIENTED_EDGE('',*,*,#109950,.F.);
#110090=ORIENTED_EDGE('',*,*,#31210,.F.);
#110100=ORIENTED_EDGE('',*,*,#59590,.T.);
#110110=ORIENTED_EDGE('',*,*,#109340,.F.);
#110120=EDGE_LOOP('',(#110110,#110100,#110090,#110080));
#110130=FACE_OUTER_BOUND('',#110120,.T.);
#110140=ADVANCED_FACE('',(#110130),#110070,.F.);
#110150=CARTESIAN_POINT('',(48.5199995839305,49.965,12.));
#110160=DIRECTION('',(-0.393919298579168,-0.919145030018058,-0.));
#110170=DIRECTION('',(-0.919145030018058,0.393919298579168,0.));
#110180=AXIS2_PLACEMENT_3D('',#110150,#110160,#110170);
#110190=PLANE('',#110180);
#110200=ORIENTED_EDGE('',*,*,#27530,.F.);
#110210=ORIENTED_EDGE('',*,*,#65970,.F.);
#110220=ORIENTED_EDGE('',*,*,#1570,.F.);
#110230=CARTESIAN_POINT('',(48.5433329172638,49.955,9.69999999999998));
#110240=DIRECTION('',(0.,0.,1.));
#110250=VECTOR('',#110240,1.);
#110260=LINE('',#110230,#110250);
#110270=EDGE_CURVE('',#27520,#1480,#110260,.T.);
#110280=ORIENTED_EDGE('',*,*,#110270,.T.);
#110290=EDGE_LOOP('',(#110280,#110220,#110210,#110200));
#110300=FACE_OUTER_BOUND('',#110290,.T.);
#110310=ADVANCED_FACE('',(#110300),#110190,.F.);
#110320=CARTESIAN_POINT('',(47.8149995839305,49.955,12.6));
#110330=DIRECTION('',(-0.,-1.,-0.));
#110340=DIRECTION('',(0.,0.,-1.));
#110350=AXIS2_PLACEMENT_3D('',#110320,#110330,#110340);
#110360=PLANE('',#110350);
#110370=ORIENTED_EDGE('',*,*,#110270,.F.);
#110380=ORIENTED_EDGE('',*,*,#1490,.F.);
#110390=CARTESIAN_POINT('',(47.1099995839305,49.955,15.5));
#110400=DIRECTION('',(0.,0.,-1.));
#110410=VECTOR('',#110400,1.);
#110420=LINE('',#110390,#110410);
#110430=EDGE_CURVE('',#1400,#27600,#110420,.T.);
#110440=ORIENTED_EDGE('',*,*,#110430,.F.);
#110450=ORIENTED_EDGE('',*,*,#27610,.T.);
#110460=EDGE_LOOP('',(#110450,#110440,#110380,#110370));
#110470=FACE_OUTER_BOUND('',#110460,.T.);
#110480=ADVANCED_FACE('',(#110470),#110360,.F.);
#110490=CARTESIAN_POINT('',(47.1099995839305,49.825,10.8));
#110500=DIRECTION('',(1.,-0.,-0.));
#110510=DIRECTION('',(-0.,-1.,0.));
#110520=AXIS2_PLACEMENT_3D('',#110490,#110500,#110510);
#110530=PLANE('',#110520);
#110540=ORIENTED_EDGE('',*,*,#27690,.F.);
#110550=ORIENTED_EDGE('',*,*,#110430,.T.);
#110560=ORIENTED_EDGE('',*,*,#1410,.T.);
#110570=CARTESIAN_POINT('',(47.1099995839305,49.825,9.69999999999998));
#110580=DIRECTION('',(0.,0.,1.));
#110590=VECTOR('',#110580,1.);
#110600=LINE('',#110570,#110590);
#110610=EDGE_CURVE('',#27680,#1320,#110600,.T.);
#110620=ORIENTED_EDGE('',*,*,#110610,.T.);
#110630=EDGE_LOOP('',(#110620,#110560,#110550,#110540));
#110640=FACE_OUTER_BOUND('',#110630,.T.);
#110650=ADVANCED_FACE('',(#110640),#110530,.F.);
#110660=CARTESIAN_POINT('',(47.2399995839305,49.645,13.2));
#110670=DIRECTION('',(0.810679228399881,0.585490553844359,-0.));
#110680=DIRECTION('',(-0.585490553844359,0.810679228399881,0.));
#110690=AXIS2_PLACEMENT_3D('',#110660,#110670,#110680);
#110700=PLANE('',#110690);
#110710=ORIENTED_EDGE('',*,*,#110610,.F.);
#110720=ORIENTED_EDGE('',*,*,#1330,.F.);
#110730=ORIENTED_EDGE('',*,*,#4980,.T.);
#110740=ORIENTED_EDGE('',*,*,#27750,.F.);
#110750=EDGE_LOOP('',(#110740,#110730,#110720,#110710));
#110760=FACE_OUTER_BOUND('',#110750,.T.);
#110770=ADVANCED_FACE('',(#110760),#110700,.F.);
#110780=CARTESIAN_POINT('',(49.38,49.935,10.125));
#110790=DIRECTION('',(0.707106781186548,0.707106781186548,-0.));
#110800=DIRECTION('',(-0.707106781186548,0.707106781186548,0.));
#110810=AXIS2_PLACEMENT_3D('',#110780,#110790,#110800);
#110820=PLANE('',#110810);
#110830=ORIENTED_EDGE('',*,*,#63380,.T.);
#110840=ORIENTED_EDGE('',*,*,#63140,.F.);
#110850=ORIENTED_EDGE('',*,*,#66110,.F.);
#110860=ORIENTED_EDGE('',*,*,#63840,.F.);
#110870=EDGE_LOOP('',(#110860,#110850,#110840,#110830));
#110880=FACE_OUTER_BOUND('',#110870,.T.);
#110890=ADVANCED_FACE('',(#110880),#110820,.T.);
#110900=CARTESIAN_POINT('',(49.67,49.795,10.2));
#110910=DIRECTION('',(-8.16340459283203E-17,1.,-0.));
#110920=DIRECTION('',(1.,8.16340459283203E-17,0.));
#110930=AXIS2_PLACEMENT_3D('',#110900,#110910,#110920);
#110940=PLANE('',#110930);
#110950=ORIENTED_EDGE('',*,*,#61240,.F.);
#110960=ORIENTED_EDGE('',*,*,#61730,.T.);
#110970=ORIENTED_EDGE('',*,*,#63740,.T.);
#110980=ORIENTED_EDGE('',*,*,#62410,.F.);
#110990=EDGE_LOOP('',(#110980,#110970,#110960,#110950));
#111000=FACE_OUTER_BOUND('',#110990,.T.);
#111010=ADVANCED_FACE('',(#111000),#110940,.T.);
#111020=CARTESIAN_POINT('',(49.28,49.965,15.5));
#111030=DIRECTION('',(0.707106781186547,-0.707106781186548,-0.));
#111040=DIRECTION('',(0.707106781186548,0.707106781186547,0.));
#111050=AXIS2_PLACEMENT_3D('',#111020,#111030,#111040);
#111060=PLANE('',#111050);
#111070=ORIENTED_EDGE('',*,*,#380,.T.);
#111080=ORIENTED_EDGE('',*,*,#56700,.F.);
#111090=ORIENTED_EDGE('',*,*,#28570,.F.);
#111100=ORIENTED_EDGE('',*,*,#610,.T.);
#111110=EDGE_LOOP('',(#111100,#111090,#111080,#111070));
#111120=FACE_OUTER_BOUND('',#111110,.T.);
#111130=ADVANCED_FACE('',(#111120),#111060,.F.);
#111140=CARTESIAN_POINT('',(49.18,49.865,9.45999999999998));
#111150=DIRECTION('',(-0.,-1.,-0.));
#111160=DIRECTION('',(1.,0.,0.));
#111170=AXIS2_PLACEMENT_3D('',#111140,#111150,#111160);
#111180=PLANE('',#111170);
#111190=CARTESIAN_POINT('',(48.71,49.865,9.45999999999998));
#111200=DIRECTION('',(1.,0.,0.));
#111210=VECTOR('',#111200,1.);
#111220=LINE('',#111190,#111210);
#111230=CARTESIAN_POINT('',(48.71,49.865,9.45999999999998));
#111240=VERTEX_POINT('',#111230);
#111250=CARTESIAN_POINT('',(49.18,49.865,9.45999999999998));
#111260=VERTEX_POINT('',#111250);
#111270=EDGE_CURVE('',#111240,#111260,#111220,.T.);
#111280=ORIENTED_EDGE('',*,*,#111270,.F.);
#111290=CARTESIAN_POINT('',(49.18,49.865,9.69999999999998));
#111300=DIRECTION('',(0.,0.,-1.));
#111310=VECTOR('',#111300,1.);
#111320=LINE('',#111290,#111310);
#111330=EDGE_CURVE('',#55570,#111260,#111320,.T.);
#111340=ORIENTED_EDGE('',*,*,#111330,.T.);
#111350=ORIENTED_EDGE('',*,*,#55580,.T.);
#111360=ORIENTED_EDGE('',*,*,#27290,.F.);
#111370=CARTESIAN_POINT('',(48.71,49.865,9.45999999999998));
#111380=DIRECTION('',(0.,0.,1.));
#111390=VECTOR('',#111380,1.);
#111400=LINE('',#111370,#111390);
#111410=EDGE_CURVE('',#111240,#27200,#111400,.T.);
#111420=ORIENTED_EDGE('',*,*,#111410,.T.);
#111430=EDGE_LOOP('',(#111420,#111360,#111350,#111340,#111280));
#111440=FACE_OUTER_BOUND('',#111430,.T.);
#111450=ADVANCED_FACE('',(#111440),#111180,.F.);
#111460=CARTESIAN_POINT('',(48.71,49.865,9.69999999999998));
#111470=DIRECTION('',(0.707106781186548,0.707106781186547,-0.));
#111480=DIRECTION('',(0.707106781186547,-0.707106781186548,0.));
#111490=AXIS2_PLACEMENT_3D('',#111460,#111470,#111480);
#111500=PLANE('',#111490);
#111510=ORIENTED_EDGE('',*,*,#27210,.F.);
#111520=ORIENTED_EDGE('',*,*,#27990,.F.);
#111530=ORIENTED_EDGE('',*,*,#35270,.T.);
#111540=CARTESIAN_POINT('',(48.62,49.955,9.41499999999998));
#111550=DIRECTION('',(0.666666666666696,-0.666666666666643,
0.333333333333322));
#111560=VECTOR('',#111550,1.);
#111570=LINE('',#111540,#111560);
#111580=EDGE_CURVE('',#35200,#111240,#111570,.T.);
#111590=ORIENTED_EDGE('',*,*,#111580,.F.);
#111600=ORIENTED_EDGE('',*,*,#111410,.F.);
#111610=EDGE_LOOP('',(#111600,#111590,#111530,#111520,#111510));
#111620=FACE_OUTER_BOUND('',#111610,.T.);
#111630=ADVANCED_FACE('',(#111620),#111500,.T.);
#111640=CARTESIAN_POINT('',(48.945,49.915,9.43499999999998));
#111650=DIRECTION('',(-0.,0.447213595499957,0.894427190999917));
#111660=DIRECTION('',(0.,0.894427190999917,-0.447213595499957));
#111670=AXIS2_PLACEMENT_3D('',#111640,#111650,#111660);
#111680=PLANE('',#111670);
#111690=ORIENTED_EDGE('',*,*,#111580,.T.);
#111700=ORIENTED_EDGE('',*,*,#35210,.T.);
#111710=CARTESIAN_POINT('',(49.18,49.865,9.45999999999998));
#111720=DIRECTION('',(0.666666666666667,0.666666666666667,
-0.333333333333333));
#111730=VECTOR('',#111720,1.);
#111740=LINE('',#111710,#111730);
#111750=EDGE_CURVE('',#111260,#35120,#111740,.T.);
#111760=ORIENTED_EDGE('',*,*,#111750,.T.);
#111770=ORIENTED_EDGE('',*,*,#111270,.T.);
#111780=EDGE_LOOP('',(#111770,#111760,#111700,#111690));
#111790=FACE_OUTER_BOUND('',#111780,.T.);
#111800=ADVANCED_FACE('',(#111790),#111680,.T.);
#111810=CARTESIAN_POINT('',(49.28,49.965,9.69999999999998));
#111820=DIRECTION('',(-0.707106781186547,0.707106781186548,-0.));
#111830=DIRECTION('',(0.707106781186548,0.707106781186547,0.));
#111840=AXIS2_PLACEMENT_3D('',#111810,#111820,#111830);
#111850=PLANE('',#111840);
#111860=ORIENTED_EDGE('',*,*,#111750,.F.);
#111870=ORIENTED_EDGE('',*,*,#35130,.T.);
#111880=ORIENTED_EDGE('',*,*,#55640,.F.);
#111890=ORIENTED_EDGE('',*,*,#111330,.F.);
#111900=EDGE_LOOP('',(#111890,#111880,#111870,#111860));
#111910=FACE_OUTER_BOUND('',#111900,.T.);
#111920=ADVANCED_FACE('',(#111910),#111850,.T.);
#111930=CARTESIAN_POINT('',(48.01,49.94,15.525));
#111940=DIRECTION('',(-0.,0.707106781186557,-0.707106781186538));
#111950=DIRECTION('',(0.,0.707106781186538,0.707106781186557));
#111960=AXIS2_PLACEMENT_3D('',#111930,#111940,#111950);
#111970=PLANE('',#111960);
#111980=ORIENTED_EDGE('',*,*,#1810,.T.);
#111990=ORIENTED_EDGE('',*,*,#1010,.F.);
#112000=ORIENTED_EDGE('',*,*,#28470,.T.);
#112010=ORIENTED_EDGE('',*,*,#2040,.F.);
#112020=EDGE_LOOP('',(#112010,#112000,#111990,#111980));
#112030=FACE_OUTER_BOUND('',#112020,.T.);
#112040=ADVANCED_FACE('',(#112030),#111970,.T.);
#112050=CARTESIAN_POINT('',(48.0687715809733,49.745,10.125));
#112060=DIRECTION('',(-0.,-0.,1.));
#112070=DIRECTION('',(1.,0.,-0.));
#112080=AXIS2_PLACEMENT_3D('',#112050,#112060,#112070);
#112090=PLANE('',#112080);
#112100=CARTESIAN_POINT('',(46.86,49.255,10.125));
#112110=DIRECTION('',(0.,-0.,-1.));
#112120=DIRECTION('',(7.10542735760141E-13,-1.,0.));
#112130=AXIS2_PLACEMENT_3D('',#112100,#112110,#112120);
#112140=CIRCLE('',#112130,0.05);
#112150=CARTESIAN_POINT('',(46.86,49.205,10.125));
#112160=VERTEX_POINT('',#112150);
#112170=CARTESIAN_POINT('',(46.81,49.255,10.125));
#112180=VERTEX_POINT('',#112170);
#112190=EDGE_CURVE('',#112160,#112180,#112140,.T.);
#112200=ORIENTED_EDGE('',*,*,#112190,.T.);
#112210=CARTESIAN_POINT('',(47.24,49.225,10.125));
#112220=DIRECTION('',(-0.998617829332511,-0.052558833122745,0.));
#112230=VECTOR('',#112220,1.);
#112240=LINE('',#112210,#112230);
#112250=CARTESIAN_POINT('',(47.24,49.225,10.125));
#112260=VERTEX_POINT('',#112250);
#112270=EDGE_CURVE('',#112260,#112160,#112240,.T.);
#112280=ORIENTED_EDGE('',*,*,#112270,.T.);
#112290=CARTESIAN_POINT('',(47.34,49.265,10.125));
#112300=DIRECTION('',(-0.928476690885273,-0.37139067635407,0.));
#112310=VECTOR('',#112300,1.);
#112320=LINE('',#112290,#112310);
#112330=CARTESIAN_POINT('',(47.34,49.265,10.125));
#112340=VERTEX_POINT('',#112330);
#112350=EDGE_CURVE('',#112340,#112260,#112320,.T.);
#112360=ORIENTED_EDGE('',*,*,#112350,.T.);
#112370=CARTESIAN_POINT('',(47.34,49.265,10.125));
#112380=DIRECTION('',(1.,0.,0.));
#112390=VECTOR('',#112380,1.);
#112400=LINE('',#112370,#112390);
#112410=CARTESIAN_POINT('',(47.38,49.265,10.125));
#112420=VERTEX_POINT('',#112410);
#112430=EDGE_CURVE('',#112340,#112420,#112400,.T.);
#112440=ORIENTED_EDGE('',*,*,#112430,.F.);
#112450=CARTESIAN_POINT('',(47.38,49.235,10.125));
#112460=DIRECTION('',(0.,0.,1.));
#112470=DIRECTION('',(1.,0.,0.));
#112480=AXIS2_PLACEMENT_3D('',#112450,#112460,#112470);
#112490=CIRCLE('',#112480,0.03);
#112500=CARTESIAN_POINT('',(47.41,49.235,10.125));
#112510=VERTEX_POINT('',#112500);
#112520=EDGE_CURVE('',#112510,#112420,#112490,.T.);
#112530=ORIENTED_EDGE('',*,*,#112520,.T.);
#112540=CARTESIAN_POINT('',(47.41,49.235,10.125));
#112550=DIRECTION('',(1.,0.,0.));
#112560=VECTOR('',#112550,1.);
#112570=LINE('',#112540,#112560);
#112580=EDGE_CURVE('',#112510,#25900,#112570,.T.);
#112590=ORIENTED_EDGE('',*,*,#112580,.F.);
#112600=ORIENTED_EDGE('',*,*,#25910,.T.);
#112610=ORIENTED_EDGE('',*,*,#4600,.T.);
#112620=CARTESIAN_POINT('',(47.36,49.485,10.125));
#112630=DIRECTION('',(0.,1.,0.));
#112640=VECTOR('',#112630,1.);
#112650=LINE('',#112620,#112640);
#112660=CARTESIAN_POINT('',(47.36,49.485,10.125));
#112670=VERTEX_POINT('',#112660);
#112680=EDGE_CURVE('',#112670,#4510,#112650,.T.);
#112690=ORIENTED_EDGE('',*,*,#112680,.T.);
#112700=CARTESIAN_POINT('',(47.36,49.425,10.125));
#112710=DIRECTION('',(0.,0.,1.));
#112720=DIRECTION('',(7.10542735760073E-13,-1.,0.));
#112730=AXIS2_PLACEMENT_3D('',#112700,#112710,#112720);
#112740=CIRCLE('',#112730,0.06);
#112750=CARTESIAN_POINT('',(47.36,49.365,10.125));
#112760=VERTEX_POINT('',#112750);
#112770=EDGE_CURVE('',#112760,#112670,#112740,.T.);
#112780=ORIENTED_EDGE('',*,*,#112770,.T.);
#112790=CARTESIAN_POINT('',(46.81,49.365,10.125));
#112800=DIRECTION('',(1.,0.,0.));
#112810=VECTOR('',#112800,1.);
#112820=LINE('',#112790,#112810);
#112830=CARTESIAN_POINT('',(46.81,49.365,10.125));
#112840=VERTEX_POINT('',#112830);
#112850=EDGE_CURVE('',#112840,#112760,#112820,.T.);
#112860=ORIENTED_EDGE('',*,*,#112850,.T.);
#112870=CARTESIAN_POINT('',(46.81,49.255,10.125));
#112880=DIRECTION('',(0.,1.,0.));
#112890=VECTOR('',#112880,1.);
#112900=LINE('',#112870,#112890);
#112910=EDGE_CURVE('',#112180,#112840,#112900,.T.);
#112920=ORIENTED_EDGE('',*,*,#112910,.T.);
#112930=EDGE_LOOP('',(#112920,#112860,#112780,#112690,#112610,#112600,
#112590,#112530,#112440,#112360,#112280,#112200));
#112940=FACE_OUTER_BOUND('',#112930,.T.);
#112950=ADVANCED_FACE('',(#112940),#112090,.F.);
#112960=CARTESIAN_POINT('',(46.81,49.255,10.125));
#112970=DIRECTION('',(-1.,-0.,-0.));
#112980=DIRECTION('',(0.,-1.,0.));
#112990=AXIS2_PLACEMENT_3D('',#112960,#112970,#112980);
#113000=PLANE('',#112990);
#113010=CARTESIAN_POINT('',(46.81,49.365,10.275));
#113020=DIRECTION('',(0.,0.,-1.));
#113030=VECTOR('',#113020,1.);
#113040=LINE('',#113010,#113030);
#113050=CARTESIAN_POINT('',(46.81,49.365,10.275));
#113060=VERTEX_POINT('',#113050);
#113070=EDGE_CURVE('',#113060,#112840,#113040,.T.);
#113080=ORIENTED_EDGE('',*,*,#113070,.T.);
#113090=CARTESIAN_POINT('',(46.81,49.255,10.275));
#113100=DIRECTION('',(0.,1.,0.));
#113110=VECTOR('',#113100,1.);
#113120=LINE('',#113090,#113110);
#113130=CARTESIAN_POINT('',(46.81,49.255,10.275));
#113140=VERTEX_POINT('',#113130);
#113150=EDGE_CURVE('',#113140,#113060,#113120,.T.);
#113160=ORIENTED_EDGE('',*,*,#113150,.T.);
#113170=CARTESIAN_POINT('',(46.81,49.255,10.275));
#113180=DIRECTION('',(0.,0.,-1.));
#113190=VECTOR('',#113180,1.);
#113200=LINE('',#113170,#113190);
#113210=EDGE_CURVE('',#113140,#112180,#113200,.T.);
#113220=ORIENTED_EDGE('',*,*,#113210,.F.);
#113230=ORIENTED_EDGE('',*,*,#112910,.F.);
#113240=EDGE_LOOP('',(#113230,#113220,#113160,#113080));
#113250=FACE_OUTER_BOUND('',#113240,.T.);
#113260=ADVANCED_FACE('',(#113250),#113000,.T.);
#113270=CARTESIAN_POINT('',(46.81,49.365,10.125));
#113280=DIRECTION('',(-0.,1.,-0.));
#113290=DIRECTION('',(-1.,-0.,0.));
#113300=AXIS2_PLACEMENT_3D('',#113270,#113280,#113290);
#113310=PLANE('',#113300);
#113320=CARTESIAN_POINT('',(47.36,49.365,10.125));
#113330=DIRECTION('',(0.,0.,1.));
#113340=VECTOR('',#113330,1.);
#113350=LINE('',#113320,#113340);
#113360=CARTESIAN_POINT('',(47.36,49.365,10.275));
#113370=VERTEX_POINT('',#113360);
#113380=EDGE_CURVE('',#112760,#113370,#113350,.T.);
#113390=ORIENTED_EDGE('',*,*,#113380,.F.);
#113400=CARTESIAN_POINT('',(46.81,49.365,10.275));
#113410=DIRECTION('',(1.,0.,0.));
#113420=VECTOR('',#113410,1.);
#113430=LINE('',#113400,#113420);
#113440=EDGE_CURVE('',#113060,#113370,#113430,.T.);
#113450=ORIENTED_EDGE('',*,*,#113440,.T.);
#113460=ORIENTED_EDGE('',*,*,#113070,.F.);
#113470=ORIENTED_EDGE('',*,*,#112850,.F.);
#113480=EDGE_LOOP('',(#113470,#113460,#113450,#113390));
#113490=FACE_OUTER_BOUND('',#113480,.T.);
#113500=ADVANCED_FACE('',(#113490),#113310,.T.);
#113510=CARTESIAN_POINT('',(47.36,49.425,10.125));
#113520=DIRECTION('',(-0.,-0.,1.));
#113530=DIRECTION('',(-1.,0.,-0.));
#113540=AXIS2_PLACEMENT_3D('',#113510,#113520,#113530);
#113550=CYLINDRICAL_SURFACE('',#113540,0.06);
#113560=CARTESIAN_POINT('',(47.36,49.485,10.275));
#113570=DIRECTION('',(0.,0.,-1.));
#113580=VECTOR('',#113570,1.);
#113590=LINE('',#113560,#113580);
#113600=CARTESIAN_POINT('',(47.36,49.485,10.275));
#113610=VERTEX_POINT('',#113600);
#113620=EDGE_CURVE('',#113610,#112670,#113590,.T.);
#113630=ORIENTED_EDGE('',*,*,#113620,.T.);
#113640=CARTESIAN_POINT('',(47.36,49.425,10.275));
#113650=DIRECTION('',(0.,0.,-1.));
#113660=DIRECTION('',(1.,0.,0.));
#113670=AXIS2_PLACEMENT_3D('',#113640,#113650,#113660);
#113680=CIRCLE('',#113670,0.06);
#113690=EDGE_CURVE('',#113610,#113370,#113680,.T.);
#113700=ORIENTED_EDGE('',*,*,#113690,.F.);
#113710=ORIENTED_EDGE('',*,*,#113380,.T.);
#113720=ORIENTED_EDGE('',*,*,#112770,.F.);
#113730=EDGE_LOOP('',(#113720,#113710,#113700,#113630));
#113740=FACE_OUTER_BOUND('',#113730,.T.);
#113750=ADVANCED_FACE('',(#113740),#113550,.F.);
#113760=CARTESIAN_POINT('',(47.36,49.485,10.125));
#113770=DIRECTION('',(-1.,-0.,-0.));
#113780=DIRECTION('',(0.,-1.,0.));
#113790=AXIS2_PLACEMENT_3D('',#113760,#113770,#113780);
#113800=PLANE('',#113790);
#113810=ORIENTED_EDGE('',*,*,#4520,.T.);
#113820=CARTESIAN_POINT('',(47.36,49.485,10.275));
#113830=DIRECTION('',(0.,1.,0.));
#113840=VECTOR('',#113830,1.);
#113850=LINE('',#113820,#113840);
#113860=EDGE_CURVE('',#113610,#4430,#113850,.T.);
#113870=ORIENTED_EDGE('',*,*,#113860,.T.);
#113880=ORIENTED_EDGE('',*,*,#113620,.F.);
#113890=ORIENTED_EDGE('',*,*,#112680,.F.);
#113900=EDGE_LOOP('',(#113890,#113880,#113870,#113810));
#113910=FACE_OUTER_BOUND('',#113900,.T.);
#113920=ADVANCED_FACE('',(#113910),#113800,.T.);
#113930=CARTESIAN_POINT('',(48.0687715809733,49.745,10.275));
#113940=DIRECTION('',(-0.,-0.,1.));
#113950=DIRECTION('',(1.,0.,-0.));
#113960=AXIS2_PLACEMENT_3D('',#113930,#113940,#113950);
#113970=PLANE('',#113960);
#113980=ORIENTED_EDGE('',*,*,#113150,.F.);
#113990=ORIENTED_EDGE('',*,*,#113440,.F.);
#114000=ORIENTED_EDGE('',*,*,#113690,.T.);
#114010=ORIENTED_EDGE('',*,*,#113860,.F.);
#114020=ORIENTED_EDGE('',*,*,#4440,.F.);
#114030=ORIENTED_EDGE('',*,*,#26050,.F.);
#114040=CARTESIAN_POINT('',(47.41,49.235,10.275));
#114050=DIRECTION('',(1.,0.,0.));
#114060=VECTOR('',#114050,1.);
#114070=LINE('',#114040,#114060);
#114080=CARTESIAN_POINT('',(47.41,49.235,10.275));
#114090=VERTEX_POINT('',#114080);
#114100=EDGE_CURVE('',#114090,#25980,#114070,.T.);
#114110=ORIENTED_EDGE('',*,*,#114100,.T.);
#114120=CARTESIAN_POINT('',(47.38,49.235,10.275));
#114130=DIRECTION('',(0.,0.,-1.));
#114140=DIRECTION('',(0.,1.,0.));
#114150=AXIS2_PLACEMENT_3D('',#114120,#114130,#114140);
#114160=CIRCLE('',#114150,0.03);
#114170=CARTESIAN_POINT('',(47.38,49.265,10.275));
#114180=VERTEX_POINT('',#114170);
#114190=EDGE_CURVE('',#114180,#114090,#114160,.T.);
#114200=ORIENTED_EDGE('',*,*,#114190,.T.);
#114210=CARTESIAN_POINT('',(47.34,49.265,10.275));
#114220=DIRECTION('',(1.,0.,0.));
#114230=VECTOR('',#114220,1.);
#114240=LINE('',#114210,#114230);
#114250=CARTESIAN_POINT('',(47.34,49.265,10.275));
#114260=VERTEX_POINT('',#114250);
#114270=EDGE_CURVE('',#114260,#114180,#114240,.T.);
#114280=ORIENTED_EDGE('',*,*,#114270,.T.);
#114290=CARTESIAN_POINT('',(47.24,49.225,10.275));
#114300=DIRECTION('',(0.928476690885273,0.37139067635407,0.));
#114310=VECTOR('',#114300,1.);
#114320=LINE('',#114290,#114310);
#114330=CARTESIAN_POINT('',(47.24,49.225,10.275));
#114340=VERTEX_POINT('',#114330);
#114350=EDGE_CURVE('',#114340,#114260,#114320,.T.);
#114360=ORIENTED_EDGE('',*,*,#114350,.T.);
#114370=CARTESIAN_POINT('',(46.86,49.205,10.275));
#114380=DIRECTION('',(0.998617829332511,0.052558833122745,0.));
#114390=VECTOR('',#114380,1.);
#114400=LINE('',#114370,#114390);
#114410=CARTESIAN_POINT('',(46.8599999999999,49.205,10.275));
#114420=VERTEX_POINT('',#114410);
#114430=EDGE_CURVE('',#114420,#114340,#114400,.T.);
#114440=ORIENTED_EDGE('',*,*,#114430,.T.);
#114450=CARTESIAN_POINT('',(46.86,49.255,10.275));
#114460=DIRECTION('',(0.,0.,1.));
#114470=DIRECTION('',(-1.,0.,0.));
#114480=AXIS2_PLACEMENT_3D('',#114450,#114460,#114470);
#114490=CIRCLE('',#114480,0.05);
#114500=EDGE_CURVE('',#113140,#114420,#114490,.T.);
#114510=ORIENTED_EDGE('',*,*,#114500,.T.);
#114520=EDGE_LOOP('',(#114510,#114440,#114360,#114280,#114200,#114110,
#114030,#114020,#114010,#114000,#113990,#113980));
#114530=FACE_OUTER_BOUND('',#114520,.T.);
#114540=ADVANCED_FACE('',(#114530),#113970,.T.);
#114550=CARTESIAN_POINT('',(46.86,49.255,10.125));
#114560=DIRECTION('',(-0.,-0.,-1.));
#114570=DIRECTION('',(1.,0.,0.));
#114580=AXIS2_PLACEMENT_3D('',#114550,#114560,#114570);
#114590=CYLINDRICAL_SURFACE('',#114580,0.05);
#114600=ORIENTED_EDGE('',*,*,#113210,.T.);
#114610=ORIENTED_EDGE('',*,*,#114500,.F.);
#114620=CARTESIAN_POINT('',(46.86,49.205,10.125));
#114630=DIRECTION('',(0.,0.,1.));
#114640=VECTOR('',#114630,1.);
#114650=LINE('',#114620,#114640);
#114660=EDGE_CURVE('',#112160,#114420,#114650,.T.);
#114670=ORIENTED_EDGE('',*,*,#114660,.T.);
#114680=ORIENTED_EDGE('',*,*,#112190,.F.);
#114690=EDGE_LOOP('',(#114680,#114670,#114610,#114600));
#114700=FACE_OUTER_BOUND('',#114690,.T.);
#114710=ADVANCED_FACE('',(#114700),#114590,.T.);
#114720=CARTESIAN_POINT('',(47.24,49.225,10.125));
#114730=DIRECTION('',(0.0525588331227304,-0.998617829332512,-0.));
#114740=DIRECTION('',(0.998617829332512,0.0525588331227304,0.));
#114750=AXIS2_PLACEMENT_3D('',#114720,#114730,#114740);
#114760=PLANE('',#114750);
#114770=ORIENTED_EDGE('',*,*,#114660,.F.);
#114780=ORIENTED_EDGE('',*,*,#114430,.F.);
#114790=CARTESIAN_POINT('',(47.24,49.225,10.275));
#114800=DIRECTION('',(0.,0.,-1.));
#114810=VECTOR('',#114800,1.);
#114820=LINE('',#114790,#114810);
#114830=EDGE_CURVE('',#114340,#112260,#114820,.T.);
#114840=ORIENTED_EDGE('',*,*,#114830,.F.);
#114850=ORIENTED_EDGE('',*,*,#112270,.F.);
#114860=EDGE_LOOP('',(#114850,#114840,#114780,#114770));
#114870=FACE_OUTER_BOUND('',#114860,.T.);
#114880=ADVANCED_FACE('',(#114870),#114760,.T.);
#114890=CARTESIAN_POINT('',(47.34,49.265,10.125));
#114900=DIRECTION('',(0.371390676354106,-0.928476690885259,-0.));
#114910=DIRECTION('',(0.928476690885258,0.371390676354106,0.));
#114920=AXIS2_PLACEMENT_3D('',#114890,#114900,#114910);
#114930=PLANE('',#114920);
#114940=ORIENTED_EDGE('',*,*,#114830,.T.);
#114950=ORIENTED_EDGE('',*,*,#114350,.F.);
#114960=CARTESIAN_POINT('',(47.34,49.265,10.275));
#114970=DIRECTION('',(0.,0.,-1.));
#114980=VECTOR('',#114970,1.);
#114990=LINE('',#114960,#114980);
#115000=EDGE_CURVE('',#114260,#112340,#114990,.T.);
#115010=ORIENTED_EDGE('',*,*,#115000,.F.);
#115020=ORIENTED_EDGE('',*,*,#112350,.F.);
#115030=EDGE_LOOP('',(#115020,#115010,#114950,#114940));
#115040=FACE_OUTER_BOUND('',#115030,.T.);
#115050=ADVANCED_FACE('',(#115040),#114930,.T.);
#115060=CARTESIAN_POINT('',(47.38,49.265,10.125));
#115070=DIRECTION('',(-0.,-1.,-0.));
#115080=DIRECTION('',(1.,0.,0.));
#115090=AXIS2_PLACEMENT_3D('',#115060,#115070,#115080);
#115100=PLANE('',#115090);
#115110=ORIENTED_EDGE('',*,*,#115000,.T.);
#115120=ORIENTED_EDGE('',*,*,#114270,.F.);
#115130=CARTESIAN_POINT('',(47.38,49.265,10.275));
#115140=DIRECTION('',(0.,0.,-1.));
#115150=VECTOR('',#115140,1.);
#115160=LINE('',#115130,#115150);
#115170=EDGE_CURVE('',#114180,#112420,#115160,.T.);
#115180=ORIENTED_EDGE('',*,*,#115170,.F.);
#115190=ORIENTED_EDGE('',*,*,#112430,.T.);
#115200=EDGE_LOOP('',(#115190,#115180,#115120,#115110));
#115210=FACE_OUTER_BOUND('',#115200,.T.);
#115220=ADVANCED_FACE('',(#115210),#115100,.T.);
#115230=CARTESIAN_POINT('',(47.38,49.235,10.125));
#115240=DIRECTION('',(-0.,-0.,1.));
#115250=DIRECTION('',(-1.,0.,-0.));
#115260=AXIS2_PLACEMENT_3D('',#115230,#115240,#115250);
#115270=CYLINDRICAL_SURFACE('',#115260,0.03);
#115280=ORIENTED_EDGE('',*,*,#115170,.T.);
#115290=ORIENTED_EDGE('',*,*,#114190,.F.);
#115300=CARTESIAN_POINT('',(47.41,49.235,10.125));
#115310=DIRECTION('',(0.,0.,1.));
#115320=VECTOR('',#115310,1.);
#115330=LINE('',#115300,#115320);
#115340=EDGE_CURVE('',#112510,#114090,#115330,.T.);
#115350=ORIENTED_EDGE('',*,*,#115340,.T.);
#115360=ORIENTED_EDGE('',*,*,#112520,.F.);
#115370=EDGE_LOOP('',(#115360,#115350,#115290,#115280));
#115380=FACE_OUTER_BOUND('',#115370,.T.);
#115390=ADVANCED_FACE('',(#115380),#115270,.F.);
#115400=CARTESIAN_POINT('',(47.51,49.235,10.125));
#115410=DIRECTION('',(-5.96744875736022E-15,-1.,-0.));
#115420=DIRECTION('',(1.,-5.96744875736022E-15,0.));
#115430=AXIS2_PLACEMENT_3D('',#115400,#115410,#115420);
#115440=PLANE('',#115430);
#115450=ORIENTED_EDGE('',*,*,#115340,.F.);
#115460=ORIENTED_EDGE('',*,*,#114100,.F.);
#115470=ORIENTED_EDGE('',*,*,#25990,.F.);
#115480=ORIENTED_EDGE('',*,*,#112580,.T.);
#115490=EDGE_LOOP('',(#115480,#115470,#115460,#115450));
#115500=FACE_OUTER_BOUND('',#115490,.T.);
#115510=ADVANCED_FACE('',(#115500),#115440,.T.);
#115520=CARTESIAN_POINT('',(47.41,49.215,10.8));
#115530=DIRECTION('',(-1.,-3.41607084500048E-16,-0.));
#115540=DIRECTION('',(3.41607084500048E-16,-1.,0.));
#115550=AXIS2_PLACEMENT_3D('',#115520,#115530,#115540);
#115560=PLANE('',#115550);
#115570=ORIENTED_EDGE('',*,*,#13150,.F.);
#115580=ORIENTED_EDGE('',*,*,#12260,.F.);
#115590=ORIENTED_EDGE('',*,*,#10760,.T.);
#115600=CARTESIAN_POINT('',(47.41,49.215,11.6625));
#115610=DIRECTION('',(0.,1.,0.));
#115620=VECTOR('',#115610,1.);
#115630=LINE('',#115600,#115620);
#115640=EDGE_CURVE('',#13140,#10670,#115630,.T.);
#115650=ORIENTED_EDGE('',*,*,#115640,.T.);
#115660=EDGE_LOOP('',(#115650,#115590,#115580,#115570));
#115670=FACE_OUTER_BOUND('',#115660,.T.);
#115680=ADVANCED_FACE('',(#115670),#115560,.T.);
#115690=CARTESIAN_POINT('',(47.435,49.43,11.6875));
#115700=DIRECTION('',(-0.707106781186547,-2.4155268595135E-16,
0.707106781186548));
#115710=DIRECTION('',(-0.707106781186548,-3.92523114670943E-16,
-0.707106781186547));
#115720=AXIS2_PLACEMENT_3D('',#115690,#115700,#115710);
#115730=PLANE('',#115720);
#115740=ORIENTED_EDGE('',*,*,#10680,.F.);
#115750=CARTESIAN_POINT('',(47.46,49.645,11.7125));
#115760=DIRECTION('',(0.,-1.,0.));
#115770=VECTOR('',#115760,1.);
#115780=LINE('',#115750,#115770);
#115790=EDGE_CURVE('',#10590,#13220,#115780,.T.);
#115800=ORIENTED_EDGE('',*,*,#115790,.F.);
#115810=ORIENTED_EDGE('',*,*,#13230,.F.);
#115820=ORIENTED_EDGE('',*,*,#115640,.F.);
#115830=EDGE_LOOP('',(#115820,#115810,#115800,#115740));
#115840=FACE_OUTER_BOUND('',#115830,.T.);
#115850=ADVANCED_FACE('',(#115840),#115730,.T.);
#115860=CARTESIAN_POINT('',(47.46,49.215,11.8875));
#115870=DIRECTION('',(1.,3.41607084500048E-16,-0.));
#115880=DIRECTION('',(-3.41607084500048E-16,1.,0.));
#115890=AXIS2_PLACEMENT_3D('',#115860,#115870,#115880);
#115900=PLANE('',#115890);
#115910=CARTESIAN_POINT('',(47.46,49.215,11.8875));
#115920=DIRECTION('',(0.,1.,0.));
#115930=VECTOR('',#115920,1.);
#115940=LINE('',#115910,#115930);
#115950=EDGE_CURVE('',#13300,#10190,#115940,.T.);
#115960=ORIENTED_EDGE('',*,*,#115950,.T.);
#115970=ORIENTED_EDGE('',*,*,#13310,.T.);
#115980=ORIENTED_EDGE('',*,*,#115790,.T.);
#115990=ORIENTED_EDGE('',*,*,#10600,.F.);
#116000=CARTESIAN_POINT('',(47.46,49.645,11.725));
#116010=DIRECTION('',(0.,-1.,0.));
#116020=VECTOR('',#116010,1.);
#116030=LINE('',#116000,#116020);
#116040=CARTESIAN_POINT('',(47.46,49.235,11.725));
#116050=VERTEX_POINT('',#116040);
#116060=EDGE_CURVE('',#10510,#116050,#116030,.T.);
#116070=ORIENTED_EDGE('',*,*,#116060,.F.);
#116080=CARTESIAN_POINT('',(47.46,49.235,11.875));
#116090=DIRECTION('',(0.,0.,-1.));
#116100=VECTOR('',#116090,1.);
#116110=LINE('',#116080,#116100);
#116120=CARTESIAN_POINT('',(47.46,49.235,11.875));
#116130=VERTEX_POINT('',#116120);
#116140=EDGE_CURVE('',#116130,#116050,#116110,.T.);
#116150=ORIENTED_EDGE('',*,*,#116140,.T.);
#116160=CARTESIAN_POINT('',(47.46,49.645,11.875));
#116170=DIRECTION('',(0.,-1.,0.));
#116180=VECTOR('',#116170,1.);
#116190=LINE('',#116160,#116180);
#116200=EDGE_CURVE('',#10270,#116130,#116190,.T.);
#116210=ORIENTED_EDGE('',*,*,#116200,.T.);
#116220=ORIENTED_EDGE('',*,*,#10280,.F.);
#116230=EDGE_LOOP('',(#116220,#116210,#116150,#116070,#115990,#115980,
#115970,#115960));
#116240=FACE_OUTER_BOUND('',#116230,.T.);
#116250=ADVANCED_FACE('',(#116240),#115900,.F.);
#116260=CARTESIAN_POINT('',(47.435,49.43,11.9125));
#116270=DIRECTION('',(0.707106781186547,2.4155268595135E-16,
0.707106781186548));
#116280=DIRECTION('',(-0.707106781186548,-3.92523114670943E-16,
0.707106781186547));
#116290=AXIS2_PLACEMENT_3D('',#116260,#116270,#116280);
#116300=PLANE('',#116290);
#116310=CARTESIAN_POINT('',(47.41,49.215,11.9375));
#116320=DIRECTION('',(0.,1.,4.13106241720989E-15));
#116330=VECTOR('',#116320,1.);
#116340=LINE('',#116310,#116330);
#116350=EDGE_CURVE('',#13380,#10110,#116340,.T.);
#116360=ORIENTED_EDGE('',*,*,#116350,.T.);
#116370=ORIENTED_EDGE('',*,*,#13390,.F.);
#116380=ORIENTED_EDGE('',*,*,#115950,.F.);
#116390=ORIENTED_EDGE('',*,*,#10200,.F.);
#116400=EDGE_LOOP('',(#116390,#116380,#116370,#116360));
#116410=FACE_OUTER_BOUND('',#116400,.T.);
#116420=ADVANCED_FACE('',(#116410),#116300,.F.);
#116430=CARTESIAN_POINT('',(47.41,49.215,12.8));
#116440=DIRECTION('',(1.,3.41607084500048E-16,-0.));
#116450=DIRECTION('',(3.41607084500048E-16,-1.,0.));
#116460=AXIS2_PLACEMENT_3D('',#116430,#116440,#116450);
#116470=PLANE('',#116460);
#116480=ORIENTED_EDGE('',*,*,#116350,.F.);
#116490=ORIENTED_EDGE('',*,*,#10120,.F.);
#116500=CARTESIAN_POINT('',(47.41,49.215,12.0625));
#116510=DIRECTION('',(0.,1.,0.));
#116520=VECTOR('',#116510,1.);
#116530=LINE('',#116500,#116520);
#116540=EDGE_CURVE('',#13460,#10030,#116530,.T.);
#116550=ORIENTED_EDGE('',*,*,#116540,.T.);
#116560=ORIENTED_EDGE('',*,*,#13470,.T.);
#116570=EDGE_LOOP('',(#116560,#116550,#116490,#116480));
#116580=FACE_OUTER_BOUND('',#116570,.T.);
#116590=ADVANCED_FACE('',(#116580),#116470,.F.);
#116600=CARTESIAN_POINT('',(47.435,49.43,12.0875));
#116610=DIRECTION('',(-0.707106781186547,-2.4155268595135E-16,
0.707106781186548));
#116620=DIRECTION('',(-0.707106781186548,-3.92523114670943E-16,
-0.707106781186547));
#116630=AXIS2_PLACEMENT_3D('',#116600,#116610,#116620);
#116640=PLANE('',#116630);
#116650=ORIENTED_EDGE('',*,*,#13550,.F.);
#116660=ORIENTED_EDGE('',*,*,#116540,.F.);
#116670=ORIENTED_EDGE('',*,*,#10040,.F.);
#116680=CARTESIAN_POINT('',(47.46,49.645,12.1125));
#116690=DIRECTION('',(0.,-1.,0.));
#116700=VECTOR('',#116690,1.);
#116710=LINE('',#116680,#116700);
#116720=EDGE_CURVE('',#9950,#13540,#116710,.T.);
#116730=ORIENTED_EDGE('',*,*,#116720,.F.);
#116740=EDGE_LOOP('',(#116730,#116670,#116660,#116650));
#116750=FACE_OUTER_BOUND('',#116740,.T.);
#116760=ADVANCED_FACE('',(#116750),#116640,.T.);
#116770=CARTESIAN_POINT('',(47.46,49.215,12.2875));
#116780=DIRECTION('',(1.,3.41607084500048E-16,-0.));
#116790=DIRECTION('',(-3.41607084500048E-16,1.,0.));
#116800=AXIS2_PLACEMENT_3D('',#116770,#116780,#116790);
#116810=PLANE('',#116800);
#116820=CARTESIAN_POINT('',(47.46,49.215,12.2875));
#116830=DIRECTION('',(0.,1.,0.));
#116840=VECTOR('',#116830,1.);
#116850=LINE('',#116820,#116840);
#116860=EDGE_CURVE('',#13620,#9550,#116850,.T.);
#116870=ORIENTED_EDGE('',*,*,#116860,.T.);
#116880=ORIENTED_EDGE('',*,*,#13630,.T.);
#116890=ORIENTED_EDGE('',*,*,#116720,.T.);
#116900=ORIENTED_EDGE('',*,*,#9960,.F.);
#116910=CARTESIAN_POINT('',(47.46,49.645,12.125));
#116920=DIRECTION('',(0.,-1.,0.));
#116930=VECTOR('',#116920,1.);
#116940=LINE('',#116910,#116930);
#116950=CARTESIAN_POINT('',(47.46,49.235,12.125));
#116960=VERTEX_POINT('',#116950);
#116970=EDGE_CURVE('',#9870,#116960,#116940,.T.);
#116980=ORIENTED_EDGE('',*,*,#116970,.F.);
#116990=CARTESIAN_POINT('',(47.46,49.235,12.275));
#117000=DIRECTION('',(0.,0.,-1.));
#117010=VECTOR('',#117000,1.);
#117020=LINE('',#116990,#117010);
#117030=CARTESIAN_POINT('',(47.46,49.235,12.275));
#117040=VERTEX_POINT('',#117030);
#117050=EDGE_CURVE('',#117040,#116960,#117020,.T.);
#117060=ORIENTED_EDGE('',*,*,#117050,.T.);
#117070=CARTESIAN_POINT('',(47.46,49.645,12.275));
#117080=DIRECTION('',(0.,-1.,0.));
#117090=VECTOR('',#117080,1.);
#117100=LINE('',#117070,#117090);
#117110=EDGE_CURVE('',#9630,#117040,#117100,.T.);
#117120=ORIENTED_EDGE('',*,*,#117110,.T.);
#117130=ORIENTED_EDGE('',*,*,#9640,.F.);
#117140=EDGE_LOOP('',(#117130,#117120,#117060,#116980,#116900,#116890,
#116880,#116870));
#117150=FACE_OUTER_BOUND('',#117140,.T.);
#117160=ADVANCED_FACE('',(#117150),#116810,.F.);
#117170=CARTESIAN_POINT('',(47.435,49.43,12.3125));
#117180=DIRECTION('',(0.707106781186546,2.4155268595135E-16,
0.707106781186549));
#117190=DIRECTION('',(-0.707106781186549,-3.92523114670943E-16,
0.707106781186546));
#117200=AXIS2_PLACEMENT_3D('',#117170,#117180,#117190);
#117210=PLANE('',#117200);
#117220=ORIENTED_EDGE('',*,*,#9560,.F.);
#117230=CARTESIAN_POINT('',(47.41,49.215,12.3375));
#117240=DIRECTION('',(0.,1.,0.));
#117250=VECTOR('',#117240,1.);
#117260=LINE('',#117230,#117250);
#117270=EDGE_CURVE('',#13700,#9470,#117260,.T.);
#117280=ORIENTED_EDGE('',*,*,#117270,.T.);
#117290=ORIENTED_EDGE('',*,*,#13710,.F.);
#117300=ORIENTED_EDGE('',*,*,#116860,.F.);
#117310=EDGE_LOOP('',(#117300,#117290,#117280,#117220));
#117320=FACE_OUTER_BOUND('',#117310,.T.);
#117330=ADVANCED_FACE('',(#117320),#117210,.F.);
#117340=CARTESIAN_POINT('',(47.41,49.215,12.8));
#117350=DIRECTION('',(1.,3.41607084500048E-16,-0.));
#117360=DIRECTION('',(3.41607084500048E-16,-1.,0.));
#117370=AXIS2_PLACEMENT_3D('',#117340,#117350,#117360);
#117380=PLANE('',#117370);
#117390=ORIENTED_EDGE('',*,*,#117270,.F.);
#117400=ORIENTED_EDGE('',*,*,#9480,.F.);
#117410=CARTESIAN_POINT('',(47.41,49.215,12.4625));
#117420=DIRECTION('',(0.,1.,0.));
#117430=VECTOR('',#117420,1.);
#117440=LINE('',#117410,#117430);
#117450=EDGE_CURVE('',#13780,#9390,#117440,.T.);
#117460=ORIENTED_EDGE('',*,*,#117450,.T.);
#117470=ORIENTED_EDGE('',*,*,#13790,.T.);
#117480=EDGE_LOOP('',(#117470,#117460,#117400,#117390));
#117490=FACE_OUTER_BOUND('',#117480,.T.);
#117500=ADVANCED_FACE('',(#117490),#117380,.F.);
#117510=CARTESIAN_POINT('',(47.435,49.43,12.4875));
#117520=DIRECTION('',(-0.707106781186546,-2.4155268595135E-16,
0.707106781186549));
#117530=DIRECTION('',(-0.707106781186549,-3.92523114670943E-16,
-0.707106781186546));
#117540=AXIS2_PLACEMENT_3D('',#117510,#117520,#117530);
#117550=PLANE('',#117540);
#117560=ORIENTED_EDGE('',*,*,#13870,.F.);
#117570=ORIENTED_EDGE('',*,*,#117450,.F.);
#117580=ORIENTED_EDGE('',*,*,#9400,.F.);
#117590=CARTESIAN_POINT('',(47.46,49.215,12.5125));
#117600=DIRECTION('',(0.,1.,0.));
#117610=VECTOR('',#117600,1.);
#117620=LINE('',#117590,#117610);
#117630=EDGE_CURVE('',#13860,#9310,#117620,.T.);
#117640=ORIENTED_EDGE('',*,*,#117630,.T.);
#117650=EDGE_LOOP('',(#117640,#117580,#117570,#117560));
#117660=FACE_OUTER_BOUND('',#117650,.T.);
#117670=ADVANCED_FACE('',(#117660),#117550,.T.);
#117680=CARTESIAN_POINT('',(47.46,49.645,12.5125));
#117690=DIRECTION('',(1.,3.41607084500048E-16,-0.));
#117700=DIRECTION('',(-3.41607084500048E-16,1.,0.));
#117710=AXIS2_PLACEMENT_3D('',#117680,#117690,#117700);
#117720=PLANE('',#117710);
#117730=ORIENTED_EDGE('',*,*,#117630,.F.);
#117740=ORIENTED_EDGE('',*,*,#9320,.F.);
#117750=CARTESIAN_POINT('',(47.46,49.645,12.525));
#117760=DIRECTION('',(0.,-1.,0.));
#117770=VECTOR('',#117760,1.);
#117780=LINE('',#117750,#117770);
#117790=CARTESIAN_POINT('',(47.46,49.235,12.525));
#117800=VERTEX_POINT('',#117790);
#117810=EDGE_CURVE('',#9230,#117800,#117780,.T.);
#117820=ORIENTED_EDGE('',*,*,#117810,.F.);
#117830=CARTESIAN_POINT('',(47.46,49.235,12.675));
#117840=DIRECTION('',(0.,0.,-1.));
#117850=VECTOR('',#117840,1.);
#117860=LINE('',#117830,#117850);
#117870=CARTESIAN_POINT('',(47.46,49.235,12.675));
#117880=VERTEX_POINT('',#117870);
#117890=EDGE_CURVE('',#117880,#117800,#117860,.T.);
#117900=ORIENTED_EDGE('',*,*,#117890,.T.);
#117910=CARTESIAN_POINT('',(47.46,49.645,12.675));
#117920=DIRECTION('',(0.,-1.,0.));
#117930=VECTOR('',#117920,1.);
#117940=LINE('',#117910,#117930);
#117950=EDGE_CURVE('',#8990,#117880,#117940,.T.);
#117960=ORIENTED_EDGE('',*,*,#117950,.T.);
#117970=ORIENTED_EDGE('',*,*,#9000,.T.);
#117980=CARTESIAN_POINT('',(47.46,49.215,12.6875));
#117990=DIRECTION('',(0.,1.,0.));
#118000=VECTOR('',#117990,1.);
#118010=LINE('',#117980,#118000);
#118020=EDGE_CURVE('',#13940,#8910,#118010,.T.);
#118030=ORIENTED_EDGE('',*,*,#118020,.T.);
#118040=ORIENTED_EDGE('',*,*,#13950,.T.);
#118050=EDGE_LOOP('',(#118040,#118030,#117970,#117960,#117900,#117820,
#117740,#117730));
#118060=FACE_OUTER_BOUND('',#118050,.T.);
#118070=ADVANCED_FACE('',(#118060),#117720,.F.);
#118080=CARTESIAN_POINT('',(48.0687715809733,49.745,12.525));
#118090=DIRECTION('',(-0.,-0.,1.));
#118100=DIRECTION('',(1.,0.,-0.));
#118110=AXIS2_PLACEMENT_3D('',#118080,#118090,#118100);
#118120=PLANE('',#118110);
#118130=CARTESIAN_POINT('',(46.86,49.255,12.525));
#118140=DIRECTION('',(0.,0.,-1.));
#118150=DIRECTION('',(7.10542735760141E-13,-1.,0.));
#118160=AXIS2_PLACEMENT_3D('',#118130,#118140,#118150);
#118170=CIRCLE('',#118160,0.05);
#118180=CARTESIAN_POINT('',(46.86,49.205,12.525));
#118190=VERTEX_POINT('',#118180);
#118200=CARTESIAN_POINT('',(46.81,49.255,12.525));
#118210=VERTEX_POINT('',#118200);
#118220=EDGE_CURVE('',#118190,#118210,#118170,.T.);
#118230=ORIENTED_EDGE('',*,*,#118220,.T.);
#118240=CARTESIAN_POINT('',(47.24,49.225,12.525));
#118250=DIRECTION('',(-0.998617829332511,-0.052558833122745,0.));
#118260=VECTOR('',#118250,1.);
#118270=LINE('',#118240,#118260);
#118280=CARTESIAN_POINT('',(47.24,49.225,12.525));
#118290=VERTEX_POINT('',#118280);
#118300=EDGE_CURVE('',#118290,#118190,#118270,.T.);
#118310=ORIENTED_EDGE('',*,*,#118300,.T.);
#118320=CARTESIAN_POINT('',(47.34,49.265,12.525));
#118330=DIRECTION('',(-0.928476690885273,-0.37139067635407,0.));
#118340=VECTOR('',#118330,1.);
#118350=LINE('',#118320,#118340);
#118360=CARTESIAN_POINT('',(47.34,49.265,12.525));
#118370=VERTEX_POINT('',#118360);
#118380=EDGE_CURVE('',#118370,#118290,#118350,.T.);
#118390=ORIENTED_EDGE('',*,*,#118380,.T.);
#118400=CARTESIAN_POINT('',(47.34,49.265,12.525));
#118410=DIRECTION('',(1.,0.,0.));
#118420=VECTOR('',#118410,1.);
#118430=LINE('',#118400,#118420);
#118440=CARTESIAN_POINT('',(47.38,49.265,12.525));
#118450=VERTEX_POINT('',#118440);
#118460=EDGE_CURVE('',#118370,#118450,#118430,.T.);
#118470=ORIENTED_EDGE('',*,*,#118460,.F.);
#118480=CARTESIAN_POINT('',(47.38,49.235,12.525));
#118490=DIRECTION('',(0.,0.,1.));
#118500=DIRECTION('',(1.,0.,0.));
#118510=AXIS2_PLACEMENT_3D('',#118480,#118490,#118500);
#118520=CIRCLE('',#118510,0.03);
#118530=CARTESIAN_POINT('',(47.41,49.235,12.525));
#118540=VERTEX_POINT('',#118530);
#118550=EDGE_CURVE('',#118540,#118450,#118520,.T.);
#118560=ORIENTED_EDGE('',*,*,#118550,.T.);
#118570=CARTESIAN_POINT('',(47.41,49.235,12.525));
#118580=DIRECTION('',(1.,0.,0.));
#118590=VECTOR('',#118580,1.);
#118600=LINE('',#118570,#118590);
#118610=EDGE_CURVE('',#118540,#117800,#118600,.T.);
#118620=ORIENTED_EDGE('',*,*,#118610,.F.);
#118630=ORIENTED_EDGE('',*,*,#117810,.T.);
#118640=ORIENTED_EDGE('',*,*,#9240,.F.);
#118650=CARTESIAN_POINT('',(47.36,49.485,12.525));
#118660=DIRECTION('',(0.,1.,0.));
#118670=VECTOR('',#118660,1.);
#118680=LINE('',#118650,#118670);
#118690=CARTESIAN_POINT('',(47.36,49.485,12.525));
#118700=VERTEX_POINT('',#118690);
#118710=EDGE_CURVE('',#118700,#9150,#118680,.T.);
#118720=ORIENTED_EDGE('',*,*,#118710,.T.);
#118730=CARTESIAN_POINT('',(47.36,49.425,12.525));
#118740=DIRECTION('',(0.,0.,1.));
#118750=DIRECTION('',(7.10542735760073E-13,-1.,0.));
#118760=AXIS2_PLACEMENT_3D('',#118730,#118740,#118750);
#118770=CIRCLE('',#118760,0.06);
#118780=CARTESIAN_POINT('',(47.36,49.365,12.525));
#118790=VERTEX_POINT('',#118780);
#118800=EDGE_CURVE('',#118790,#118700,#118770,.T.);
#118810=ORIENTED_EDGE('',*,*,#118800,.T.);
#118820=CARTESIAN_POINT('',(46.81,49.365,12.525));
#118830=DIRECTION('',(1.,0.,0.));
#118840=VECTOR('',#118830,1.);
#118850=LINE('',#118820,#118840);
#118860=CARTESIAN_POINT('',(46.81,49.365,12.525));
#118870=VERTEX_POINT('',#118860);
#118880=EDGE_CURVE('',#118870,#118790,#118850,.T.);
#118890=ORIENTED_EDGE('',*,*,#118880,.T.);
#118900=CARTESIAN_POINT('',(46.81,49.255,12.525));
#118910=DIRECTION('',(0.,1.,0.));
#118920=VECTOR('',#118910,1.);
#118930=LINE('',#118900,#118920);
#118940=EDGE_CURVE('',#118210,#118870,#118930,.T.);
#118950=ORIENTED_EDGE('',*,*,#118940,.T.);
#118960=EDGE_LOOP('',(#118950,#118890,#118810,#118720,#118640,#118630,
#118620,#118560,#118470,#118390,#118310,#118230));
#118970=FACE_OUTER_BOUND('',#118960,.T.);
#118980=ADVANCED_FACE('',(#118970),#118120,.F.);
#118990=CARTESIAN_POINT('',(46.81,49.255,12.525));
#119000=DIRECTION('',(-1.,-0.,-0.));
#119010=DIRECTION('',(0.,-1.,0.));
#119020=AXIS2_PLACEMENT_3D('',#118990,#119000,#119010);
#119030=PLANE('',#119020);
#119040=CARTESIAN_POINT('',(46.81,49.365,12.675));
#119050=DIRECTION('',(0.,0.,-1.));
#119060=VECTOR('',#119050,1.);
#119070=LINE('',#119040,#119060);
#119080=CARTESIAN_POINT('',(46.81,49.365,12.675));
#119090=VERTEX_POINT('',#119080);
#119100=EDGE_CURVE('',#119090,#118870,#119070,.T.);
#119110=ORIENTED_EDGE('',*,*,#119100,.T.);
#119120=CARTESIAN_POINT('',(46.81,49.255,12.675));
#119130=DIRECTION('',(0.,1.,0.));
#119140=VECTOR('',#119130,1.);
#119150=LINE('',#119120,#119140);
#119160=CARTESIAN_POINT('',(46.81,49.255,12.675));
#119170=VERTEX_POINT('',#119160);
#119180=EDGE_CURVE('',#119170,#119090,#119150,.T.);
#119190=ORIENTED_EDGE('',*,*,#119180,.T.);
#119200=CARTESIAN_POINT('',(46.81,49.255,12.675));
#119210=DIRECTION('',(0.,0.,-1.));
#119220=VECTOR('',#119210,1.);
#119230=LINE('',#119200,#119220);
#119240=EDGE_CURVE('',#119170,#118210,#119230,.T.);
#119250=ORIENTED_EDGE('',*,*,#119240,.F.);
#119260=ORIENTED_EDGE('',*,*,#118940,.F.);
#119270=EDGE_LOOP('',(#119260,#119250,#119190,#119110));
#119280=FACE_OUTER_BOUND('',#119270,.T.);
#119290=ADVANCED_FACE('',(#119280),#119030,.T.);
#119300=CARTESIAN_POINT('',(46.81,49.365,12.675));
#119310=DIRECTION('',(-0.,-1.,-0.));
#119320=DIRECTION('',(-1.,0.,0.));
#119330=AXIS2_PLACEMENT_3D('',#119300,#119310,#119320);
#119340=PLANE('',#119330);
#119350=CARTESIAN_POINT('',(46.81,49.365,12.675));
#119360=DIRECTION('',(1.,0.,0.));
#119370=VECTOR('',#119360,1.);
#119380=LINE('',#119350,#119370);
#119390=CARTESIAN_POINT('',(47.36,49.365,12.675));
#119400=VERTEX_POINT('',#119390);
#119410=EDGE_CURVE('',#119090,#119400,#119380,.T.);
#119420=ORIENTED_EDGE('',*,*,#119410,.T.);
#119430=ORIENTED_EDGE('',*,*,#119100,.F.);
#119440=ORIENTED_EDGE('',*,*,#118880,.F.);
#119450=CARTESIAN_POINT('',(47.36,49.365,12.525));
#119460=DIRECTION('',(0.,0.,1.));
#119470=VECTOR('',#119460,1.);
#119480=LINE('',#119450,#119470);
#119490=EDGE_CURVE('',#118790,#119400,#119480,.T.);
#119500=ORIENTED_EDGE('',*,*,#119490,.F.);
#119510=EDGE_LOOP('',(#119500,#119440,#119430,#119420));
#119520=FACE_OUTER_BOUND('',#119510,.T.);
#119530=ADVANCED_FACE('',(#119520),#119340,.F.);
#119540=CARTESIAN_POINT('',(47.36,49.425,12.525));
#119550=DIRECTION('',(-0.,-0.,1.));
#119560=DIRECTION('',(-1.,0.,-0.));
#119570=AXIS2_PLACEMENT_3D('',#119540,#119550,#119560);
#119580=CYLINDRICAL_SURFACE('',#119570,0.06);
#119590=CARTESIAN_POINT('',(47.36,49.485,12.675));
#119600=DIRECTION('',(0.,0.,-1.));
#119610=VECTOR('',#119600,1.);
#119620=LINE('',#119590,#119610);
#119630=CARTESIAN_POINT('',(47.36,49.485,12.675));
#119640=VERTEX_POINT('',#119630);
#119650=EDGE_CURVE('',#119640,#118700,#119620,.T.);
#119660=ORIENTED_EDGE('',*,*,#119650,.T.);
#119670=CARTESIAN_POINT('',(47.36,49.425,12.675));
#119680=DIRECTION('',(0.,0.,-1.));
#119690=DIRECTION('',(1.,0.,0.));
#119700=AXIS2_PLACEMENT_3D('',#119670,#119680,#119690);
#119710=CIRCLE('',#119700,0.06);
#119720=EDGE_CURVE('',#119640,#119400,#119710,.T.);
#119730=ORIENTED_EDGE('',*,*,#119720,.F.);
#119740=ORIENTED_EDGE('',*,*,#119490,.T.);
#119750=ORIENTED_EDGE('',*,*,#118800,.F.);
#119760=EDGE_LOOP('',(#119750,#119740,#119730,#119660));
#119770=FACE_OUTER_BOUND('',#119760,.T.);
#119780=ADVANCED_FACE('',(#119770),#119580,.F.);
#119790=CARTESIAN_POINT('',(47.36,49.485,12.675));
#119800=DIRECTION('',(1.,-0.,-0.));
#119810=DIRECTION('',(-0.,-1.,0.));
#119820=AXIS2_PLACEMENT_3D('',#119790,#119800,#119810);
#119830=PLANE('',#119820);
#119840=CARTESIAN_POINT('',(47.36,49.485,12.675));
#119850=DIRECTION('',(0.,1.,0.));
#119860=VECTOR('',#119850,1.);
#119870=LINE('',#119840,#119860);
#119880=EDGE_CURVE('',#119640,#9070,#119870,.T.);
#119890=ORIENTED_EDGE('',*,*,#119880,.T.);
#119900=ORIENTED_EDGE('',*,*,#119650,.F.);
#119910=ORIENTED_EDGE('',*,*,#118710,.F.);
#119920=ORIENTED_EDGE('',*,*,#9160,.T.);
#119930=EDGE_LOOP('',(#119920,#119910,#119900,#119890));
#119940=FACE_OUTER_BOUND('',#119930,.T.);
#119950=ADVANCED_FACE('',(#119940),#119830,.F.);
#119960=CARTESIAN_POINT('',(48.0687715809733,49.745,12.675));
#119970=DIRECTION('',(-0.,-0.,1.));
#119980=DIRECTION('',(1.,0.,-0.));
#119990=AXIS2_PLACEMENT_3D('',#119960,#119970,#119980);
#120000=PLANE('',#119990);
#120010=ORIENTED_EDGE('',*,*,#119180,.F.);
#120020=ORIENTED_EDGE('',*,*,#119410,.F.);
#120030=ORIENTED_EDGE('',*,*,#119720,.T.);
#120040=ORIENTED_EDGE('',*,*,#119880,.F.);
#120050=ORIENTED_EDGE('',*,*,#9080,.T.);
#120060=ORIENTED_EDGE('',*,*,#117950,.F.);
#120070=CARTESIAN_POINT('',(47.41,49.235,12.675));
#120080=DIRECTION('',(1.,0.,0.));
#120090=VECTOR('',#120080,1.);
#120100=LINE('',#120070,#120090);
#120110=CARTESIAN_POINT('',(47.41,49.235,12.675));
#120120=VERTEX_POINT('',#120110);
#120130=EDGE_CURVE('',#120120,#117880,#120100,.T.);
#120140=ORIENTED_EDGE('',*,*,#120130,.T.);
#120150=CARTESIAN_POINT('',(47.38,49.235,12.675));
#120160=DIRECTION('',(0.,0.,-1.));
#120170=DIRECTION('',(0.,1.,0.));
#120180=AXIS2_PLACEMENT_3D('',#120150,#120160,#120170);
#120190=CIRCLE('',#120180,0.03);
#120200=CARTESIAN_POINT('',(47.38,49.265,12.675));
#120210=VERTEX_POINT('',#120200);
#120220=EDGE_CURVE('',#120210,#120120,#120190,.T.);
#120230=ORIENTED_EDGE('',*,*,#120220,.T.);
#120240=CARTESIAN_POINT('',(47.34,49.265,12.675));
#120250=DIRECTION('',(1.,0.,0.));
#120260=VECTOR('',#120250,1.);
#120270=LINE('',#120240,#120260);
#120280=CARTESIAN_POINT('',(47.34,49.265,12.675));
#120290=VERTEX_POINT('',#120280);
#120300=EDGE_CURVE('',#120290,#120210,#120270,.T.);
#120310=ORIENTED_EDGE('',*,*,#120300,.T.);
#120320=CARTESIAN_POINT('',(47.24,49.225,12.675));
#120330=DIRECTION('',(0.928476690885273,0.37139067635407,0.));
#120340=VECTOR('',#120330,1.);
#120350=LINE('',#120320,#120340);
#120360=CARTESIAN_POINT('',(47.24,49.225,12.675));
#120370=VERTEX_POINT('',#120360);
#120380=EDGE_CURVE('',#120370,#120290,#120350,.T.);
#120390=ORIENTED_EDGE('',*,*,#120380,.T.);
#120400=CARTESIAN_POINT('',(46.86,49.205,12.675));
#120410=DIRECTION('',(0.998617829332511,0.052558833122745,0.));
#120420=VECTOR('',#120410,1.);
#120430=LINE('',#120400,#120420);
#120440=CARTESIAN_POINT('',(46.8599999999999,49.205,12.675));
#120450=VERTEX_POINT('',#120440);
#120460=EDGE_CURVE('',#120450,#120370,#120430,.T.);
#120470=ORIENTED_EDGE('',*,*,#120460,.T.);
#120480=CARTESIAN_POINT('',(46.86,49.255,12.675));
#120490=DIRECTION('',(0.,0.,1.));
#120500=DIRECTION('',(-1.,0.,0.));
#120510=AXIS2_PLACEMENT_3D('',#120480,#120490,#120500);
#120520=CIRCLE('',#120510,0.05);
#120530=EDGE_CURVE('',#119170,#120450,#120520,.T.);
#120540=ORIENTED_EDGE('',*,*,#120530,.T.);
#120550=EDGE_LOOP('',(#120540,#120470,#120390,#120310,#120230,#120140,
#120060,#120050,#120040,#120030,#120020,#120010));
#120560=FACE_OUTER_BOUND('',#120550,.T.);
#120570=ADVANCED_FACE('',(#120560),#120000,.T.);
#120580=CARTESIAN_POINT('',(46.86,49.255,12.675));
#120590=DIRECTION('',(-0.,-0.,1.));
#120600=DIRECTION('',(1.,0.,0.));
#120610=AXIS2_PLACEMENT_3D('',#120580,#120590,#120600);
#120620=CYLINDRICAL_SURFACE('',#120610,0.05);
#120630=ORIENTED_EDGE('',*,*,#120530,.F.);
#120640=CARTESIAN_POINT('',(46.86,49.205,12.525));
#120650=DIRECTION('',(0.,0.,1.));
#120660=VECTOR('',#120650,1.);
#120670=LINE('',#120640,#120660);
#120680=EDGE_CURVE('',#118190,#120450,#120670,.T.);
#120690=ORIENTED_EDGE('',*,*,#120680,.T.);
#120700=ORIENTED_EDGE('',*,*,#118220,.F.);
#120710=ORIENTED_EDGE('',*,*,#119240,.T.);
#120720=EDGE_LOOP('',(#120710,#120700,#120690,#120630));
#120730=FACE_OUTER_BOUND('',#120720,.T.);
#120740=ADVANCED_FACE('',(#120730),#120620,.T.);
#120750=CARTESIAN_POINT('',(47.24,49.225,12.525));
#120760=DIRECTION('',(0.0525588331227304,-0.998617829332512,-0.));
#120770=DIRECTION('',(0.998617829332512,0.0525588331227304,0.));
#120780=AXIS2_PLACEMENT_3D('',#120750,#120760,#120770);
#120790=PLANE('',#120780);
#120800=ORIENTED_EDGE('',*,*,#120680,.F.);
#120810=ORIENTED_EDGE('',*,*,#120460,.F.);
#120820=CARTESIAN_POINT('',(47.24,49.225,12.525));
#120830=DIRECTION('',(0.,0.,1.));
#120840=VECTOR('',#120830,1.);
#120850=LINE('',#120820,#120840);
#120860=EDGE_CURVE('',#118290,#120370,#120850,.T.);
#120870=ORIENTED_EDGE('',*,*,#120860,.T.);
#120880=ORIENTED_EDGE('',*,*,#118300,.F.);
#120890=EDGE_LOOP('',(#120880,#120870,#120810,#120800));
#120900=FACE_OUTER_BOUND('',#120890,.T.);
#120910=ADVANCED_FACE('',(#120900),#120790,.T.);
#120920=CARTESIAN_POINT('',(47.34,49.265,12.525));
#120930=DIRECTION('',(0.371390676354106,-0.928476690885259,-0.));
#120940=DIRECTION('',(0.928476690885258,0.371390676354106,0.));
#120950=AXIS2_PLACEMENT_3D('',#120920,#120930,#120940);
#120960=PLANE('',#120950);
#120970=ORIENTED_EDGE('',*,*,#120860,.F.);
#120980=ORIENTED_EDGE('',*,*,#120380,.F.);
#120990=CARTESIAN_POINT('',(47.34,49.265,12.675));
#121000=DIRECTION('',(0.,0.,-1.));
#121010=VECTOR('',#121000,1.);
#121020=LINE('',#120990,#121010);
#121030=EDGE_CURVE('',#120290,#118370,#121020,.T.);
#121040=ORIENTED_EDGE('',*,*,#121030,.F.);
#121050=ORIENTED_EDGE('',*,*,#118380,.F.);
#121060=EDGE_LOOP('',(#121050,#121040,#120980,#120970));
#121070=FACE_OUTER_BOUND('',#121060,.T.);
#121080=ADVANCED_FACE('',(#121070),#120960,.T.);
#121090=CARTESIAN_POINT('',(47.38,49.265,12.675));
#121100=DIRECTION('',(-0.,1.,-0.));
#121110=DIRECTION('',(1.,-0.,0.));
#121120=AXIS2_PLACEMENT_3D('',#121090,#121100,#121110);
#121130=PLANE('',#121120);
#121140=ORIENTED_EDGE('',*,*,#120300,.F.);
#121150=CARTESIAN_POINT('',(47.38,49.265,12.675));
#121160=DIRECTION('',(0.,0.,-1.));
#121170=VECTOR('',#121160,1.);
#121180=LINE('',#121150,#121170);
#121190=EDGE_CURVE('',#120210,#118450,#121180,.T.);
#121200=ORIENTED_EDGE('',*,*,#121190,.F.);
#121210=ORIENTED_EDGE('',*,*,#118460,.T.);
#121220=ORIENTED_EDGE('',*,*,#121030,.T.);
#121230=EDGE_LOOP('',(#121220,#121210,#121200,#121140));
#121240=FACE_OUTER_BOUND('',#121230,.T.);
#121250=ADVANCED_FACE('',(#121240),#121130,.F.);
#121260=CARTESIAN_POINT('',(47.38,49.235,12.525));
#121270=DIRECTION('',(-0.,-0.,1.));
#121280=DIRECTION('',(-1.,0.,-0.));
#121290=AXIS2_PLACEMENT_3D('',#121260,#121270,#121280);
#121300=CYLINDRICAL_SURFACE('',#121290,0.03);
#121310=ORIENTED_EDGE('',*,*,#121190,.T.);
#121320=ORIENTED_EDGE('',*,*,#120220,.F.);
#121330=CARTESIAN_POINT('',(47.41,49.235,12.525));
#121340=DIRECTION('',(0.,0.,1.));
#121350=VECTOR('',#121340,1.);
#121360=LINE('',#121330,#121350);
#121370=EDGE_CURVE('',#118540,#120120,#121360,.T.);
#121380=ORIENTED_EDGE('',*,*,#121370,.T.);
#121390=ORIENTED_EDGE('',*,*,#118550,.F.);
#121400=EDGE_LOOP('',(#121390,#121380,#121320,#121310));
#121410=FACE_OUTER_BOUND('',#121400,.T.);
#121420=ADVANCED_FACE('',(#121410),#121300,.F.);
#121430=CARTESIAN_POINT('',(47.51,49.235,12.525));
#121440=DIRECTION('',(-5.96744875736022E-15,-1.,-0.));
#121450=DIRECTION('',(1.,-5.96744875736022E-15,0.));
#121460=AXIS2_PLACEMENT_3D('',#121430,#121440,#121450);
#121470=PLANE('',#121460);
#121480=ORIENTED_EDGE('',*,*,#121370,.F.);
#121490=ORIENTED_EDGE('',*,*,#120130,.F.);
#121500=ORIENTED_EDGE('',*,*,#117890,.F.);
#121510=ORIENTED_EDGE('',*,*,#118610,.T.);
#121520=EDGE_LOOP('',(#121510,#121500,#121490,#121480));
#121530=FACE_OUTER_BOUND('',#121520,.T.);
#121540=ADVANCED_FACE('',(#121530),#121470,.T.);
#121550=CARTESIAN_POINT('',(47.435,49.43,12.7125));
#121560=DIRECTION('',(0.707106781186546,2.4155268595135E-16,
0.707106781186549));
#121570=DIRECTION('',(-0.707106781186549,-3.92523114670943E-16,
0.707106781186546));
#121580=AXIS2_PLACEMENT_3D('',#121550,#121560,#121570);
#121590=PLANE('',#121580);
#121600=ORIENTED_EDGE('',*,*,#118020,.F.);
#121610=ORIENTED_EDGE('',*,*,#8920,.F.);
#121620=CARTESIAN_POINT('',(47.41,49.215,12.7375));
#121630=DIRECTION('',(0.,1.,0.));
#121640=VECTOR('',#121630,1.);
#121650=LINE('',#121620,#121640);
#121660=EDGE_CURVE('',#14020,#8830,#121650,.T.);
#121670=ORIENTED_EDGE('',*,*,#121660,.T.);
#121680=ORIENTED_EDGE('',*,*,#14030,.F.);
#121690=EDGE_LOOP('',(#121680,#121670,#121610,#121600));
#121700=FACE_OUTER_BOUND('',#121690,.T.);
#121710=ADVANCED_FACE('',(#121700),#121590,.F.);
#121720=CARTESIAN_POINT('',(47.41,49.215,12.4));
#121730=DIRECTION('',(-1.,-3.41607084500048E-16,-0.));
#121740=DIRECTION('',(3.41607084500048E-16,-1.,0.));
#121750=AXIS2_PLACEMENT_3D('',#121720,#121730,#121740);
#121760=PLANE('',#121750);
#121770=ORIENTED_EDGE('',*,*,#14110,.F.);
#121780=ORIENTED_EDGE('',*,*,#121660,.F.);
#121790=ORIENTED_EDGE('',*,*,#8840,.T.);
#121800=CARTESIAN_POINT('',(47.41,49.215,12.8625));
#121810=DIRECTION('',(0.,1.,0.));
#121820=VECTOR('',#121810,1.);
#121830=LINE('',#121800,#121820);
#121840=EDGE_CURVE('',#14100,#8750,#121830,.T.);
#121850=ORIENTED_EDGE('',*,*,#121840,.T.);
#121860=EDGE_LOOP('',(#121850,#121790,#121780,#121770));
#121870=FACE_OUTER_BOUND('',#121860,.T.);
#121880=ADVANCED_FACE('',(#121870),#121760,.T.);
#121890=CARTESIAN_POINT('',(47.435,49.43,12.8875));
#121900=DIRECTION('',(-0.707106781186546,-2.4155268595135E-16,
0.707106781186549));
#121910=DIRECTION('',(-0.707106781186549,-3.92523114670943E-16,
-0.707106781186546));
#121920=AXIS2_PLACEMENT_3D('',#121890,#121900,#121910);
#121930=PLANE('',#121920);
#121940=CARTESIAN_POINT('',(47.46,49.215,12.9125));
#121950=DIRECTION('',(0.,1.,0.));
#121960=VECTOR('',#121950,1.);
#121970=LINE('',#121940,#121960);
#121980=EDGE_CURVE('',#14180,#8670,#121970,.T.);
#121990=ORIENTED_EDGE('',*,*,#121980,.T.);
#122000=ORIENTED_EDGE('',*,*,#14190,.F.);
#122010=ORIENTED_EDGE('',*,*,#121840,.F.);
#122020=ORIENTED_EDGE('',*,*,#8760,.F.);
#122030=EDGE_LOOP('',(#122020,#122010,#122000,#121990));
#122040=FACE_OUTER_BOUND('',#122030,.T.);
#122050=ADVANCED_FACE('',(#122040),#121930,.T.);
#122060=CARTESIAN_POINT('',(47.46,49.215,12.9125));
#122070=DIRECTION('',(-1.,-3.41607084500048E-16,-0.));
#122080=DIRECTION('',(-3.41607084500048E-16,1.,0.));
#122090=AXIS2_PLACEMENT_3D('',#122060,#122070,#122080);
#122100=PLANE('',#122090);
#122110=ORIENTED_EDGE('',*,*,#8680,.T.);
#122120=CARTESIAN_POINT('',(47.46,49.645,12.925));
#122130=DIRECTION('',(0.,-1.,0.));
#122140=VECTOR('',#122130,1.);
#122150=LINE('',#122120,#122140);
#122160=CARTESIAN_POINT('',(47.46,49.235,12.925));
#122170=VERTEX_POINT('',#122160);
#122180=EDGE_CURVE('',#8590,#122170,#122150,.T.);
#122190=ORIENTED_EDGE('',*,*,#122180,.F.);
#122200=CARTESIAN_POINT('',(47.46,49.235,12.925));
#122210=DIRECTION('',(0.,0.,1.));
#122220=VECTOR('',#122210,1.);
#122230=LINE('',#122200,#122220);
#122240=CARTESIAN_POINT('',(47.46,49.235,13.075));
#122250=VERTEX_POINT('',#122240);
#122260=EDGE_CURVE('',#122170,#122250,#122230,.T.);
#122270=ORIENTED_EDGE('',*,*,#122260,.F.);
#122280=CARTESIAN_POINT('',(47.46,49.645,13.075));
#122290=DIRECTION('',(0.,-1.,0.));
#122300=VECTOR('',#122290,1.);
#122310=LINE('',#122280,#122300);
#122320=EDGE_CURVE('',#8350,#122250,#122310,.T.);
#122330=ORIENTED_EDGE('',*,*,#122320,.T.);
#122340=ORIENTED_EDGE('',*,*,#8360,.T.);
#122350=CARTESIAN_POINT('',(47.46,49.645,13.0875));
#122360=DIRECTION('',(0.,-1.,-4.13106241720989E-15));
#122370=VECTOR('',#122360,1.);
#122380=LINE('',#122350,#122370);
#122390=EDGE_CURVE('',#8270,#14260,#122380,.T.);
#122400=ORIENTED_EDGE('',*,*,#122390,.F.);
#122410=ORIENTED_EDGE('',*,*,#14270,.F.);
#122420=ORIENTED_EDGE('',*,*,#121980,.F.);
#122430=EDGE_LOOP('',(#122420,#122410,#122400,#122340,#122330,#122270,
#122190,#122110));
#122440=FACE_OUTER_BOUND('',#122430,.T.);
#122450=ADVANCED_FACE('',(#122440),#122100,.T.);
#122460=CARTESIAN_POINT('',(48.0687715809733,49.745,12.925));
#122470=DIRECTION('',(-0.,-0.,1.));
#122480=DIRECTION('',(1.,0.,-0.));
#122490=AXIS2_PLACEMENT_3D('',#122460,#122470,#122480);
#122500=PLANE('',#122490);
#122510=CARTESIAN_POINT('',(46.86,49.255,12.925));
#122520=DIRECTION('',(0.,0.,-1.));
#122530=DIRECTION('',(7.10542735760141E-13,-1.,0.));
#122540=AXIS2_PLACEMENT_3D('',#122510,#122520,#122530);
#122550=CIRCLE('',#122540,0.05);
#122560=CARTESIAN_POINT('',(46.86,49.205,12.925));
#122570=VERTEX_POINT('',#122560);
#122580=CARTESIAN_POINT('',(46.81,49.255,12.925));
#122590=VERTEX_POINT('',#122580);
#122600=EDGE_CURVE('',#122570,#122590,#122550,.T.);
#122610=ORIENTED_EDGE('',*,*,#122600,.T.);
#122620=CARTESIAN_POINT('',(47.24,49.225,12.925));
#122630=DIRECTION('',(-0.998617829332511,-0.052558833122745,0.));
#122640=VECTOR('',#122630,1.);
#122650=LINE('',#122620,#122640);
#122660=CARTESIAN_POINT('',(47.24,49.225,12.925));
#122670=VERTEX_POINT('',#122660);
#122680=EDGE_CURVE('',#122670,#122570,#122650,.T.);
#122690=ORIENTED_EDGE('',*,*,#122680,.T.);
#122700=CARTESIAN_POINT('',(47.34,49.265,12.925));
#122710=DIRECTION('',(-0.928476690885273,-0.37139067635407,0.));
#122720=VECTOR('',#122710,1.);
#122730=LINE('',#122700,#122720);
#122740=CARTESIAN_POINT('',(47.34,49.265,12.925));
#122750=VERTEX_POINT('',#122740);
#122760=EDGE_CURVE('',#122750,#122670,#122730,.T.);
#122770=ORIENTED_EDGE('',*,*,#122760,.T.);
#122780=CARTESIAN_POINT('',(47.34,49.265,12.925));
#122790=DIRECTION('',(1.,0.,0.));
#122800=VECTOR('',#122790,1.);
#122810=LINE('',#122780,#122800);
#122820=CARTESIAN_POINT('',(47.38,49.265,12.925));
#122830=VERTEX_POINT('',#122820);
#122840=EDGE_CURVE('',#122750,#122830,#122810,.T.);
#122850=ORIENTED_EDGE('',*,*,#122840,.F.);
#122860=CARTESIAN_POINT('',(47.38,49.235,12.925));
#122870=DIRECTION('',(0.,0.,1.));
#122880=DIRECTION('',(1.,0.,0.));
#122890=AXIS2_PLACEMENT_3D('',#122860,#122870,#122880);
#122900=CIRCLE('',#122890,0.03);
#122910=CARTESIAN_POINT('',(47.41,49.235,12.925));
#122920=VERTEX_POINT('',#122910);
#122930=EDGE_CURVE('',#122920,#122830,#122900,.T.);
#122940=ORIENTED_EDGE('',*,*,#122930,.T.);
#122950=CARTESIAN_POINT('',(47.41,49.235,12.925));
#122960=DIRECTION('',(1.,0.,0.));
#122970=VECTOR('',#122960,1.);
#122980=LINE('',#122950,#122970);
#122990=EDGE_CURVE('',#122920,#122170,#122980,.T.);
#123000=ORIENTED_EDGE('',*,*,#122990,.F.);
#123010=ORIENTED_EDGE('',*,*,#122180,.T.);
#123020=ORIENTED_EDGE('',*,*,#8600,.T.);
#123030=CARTESIAN_POINT('',(47.36,49.485,12.925));
#123040=DIRECTION('',(0.,1.,0.));
#123050=VECTOR('',#123040,1.);
#123060=LINE('',#123030,#123050);
#123070=CARTESIAN_POINT('',(47.36,49.485,12.925));
#123080=VERTEX_POINT('',#123070);
#123090=EDGE_CURVE('',#123080,#8510,#123060,.T.);
#123100=ORIENTED_EDGE('',*,*,#123090,.T.);
#123110=CARTESIAN_POINT('',(47.36,49.425,12.925));
#123120=DIRECTION('',(0.,0.,1.));
#123130=DIRECTION('',(7.10542735760073E-13,-1.,0.));
#123140=AXIS2_PLACEMENT_3D('',#123110,#123120,#123130);
#123150=CIRCLE('',#123140,0.06);
#123160=CARTESIAN_POINT('',(47.36,49.365,12.925));
#123170=VERTEX_POINT('',#123160);
#123180=EDGE_CURVE('',#123170,#123080,#123150,.T.);
#123190=ORIENTED_EDGE('',*,*,#123180,.T.);
#123200=CARTESIAN_POINT('',(46.81,49.365,12.925));
#123210=DIRECTION('',(1.,0.,0.));
#123220=VECTOR('',#123210,1.);
#123230=LINE('',#123200,#123220);
#123240=CARTESIAN_POINT('',(46.81,49.365,12.925));
#123250=VERTEX_POINT('',#123240);
#123260=EDGE_CURVE('',#123250,#123170,#123230,.T.);
#123270=ORIENTED_EDGE('',*,*,#123260,.T.);
#123280=CARTESIAN_POINT('',(46.81,49.255,12.925));
#123290=DIRECTION('',(0.,1.,0.));
#123300=VECTOR('',#123290,1.);
#123310=LINE('',#123280,#123300);
#123320=EDGE_CURVE('',#122590,#123250,#123310,.T.);
#123330=ORIENTED_EDGE('',*,*,#123320,.T.);
#123340=EDGE_LOOP('',(#123330,#123270,#123190,#123100,#123020,#123010,
#123000,#122940,#122850,#122770,#122690,#122610));
#123350=FACE_OUTER_BOUND('',#123340,.T.);
#123360=ADVANCED_FACE('',(#123350),#122500,.F.);
#123370=CARTESIAN_POINT('',(46.81,49.255,13.075));
#123380=DIRECTION('',(1.,-0.,-0.));
#123390=DIRECTION('',(-0.,-1.,0.));
#123400=AXIS2_PLACEMENT_3D('',#123370,#123380,#123390);
#123410=PLANE('',#123400);
#123420=CARTESIAN_POINT('',(46.81,49.255,13.075));
#123430=DIRECTION('',(0.,1.,0.));
#123440=VECTOR('',#123430,1.);
#123450=LINE('',#123420,#123440);
#123460=CARTESIAN_POINT('',(46.81,49.255,13.075));
#123470=VERTEX_POINT('',#123460);
#123480=CARTESIAN_POINT('',(46.81,49.365,13.075));
#123490=VERTEX_POINT('',#123480);
#123500=EDGE_CURVE('',#123470,#123490,#123450,.T.);
#123510=ORIENTED_EDGE('',*,*,#123500,.T.);
#123520=CARTESIAN_POINT('',(46.81,49.255,13.075));
#123530=DIRECTION('',(0.,0.,-1.));
#123540=VECTOR('',#123530,1.);
#123550=LINE('',#123520,#123540);
#123560=EDGE_CURVE('',#123470,#122590,#123550,.T.);
#123570=ORIENTED_EDGE('',*,*,#123560,.F.);
#123580=ORIENTED_EDGE('',*,*,#123320,.F.);
#123590=CARTESIAN_POINT('',(46.81,49.365,12.925));
#123600=DIRECTION('',(0.,0.,1.));
#123610=VECTOR('',#123600,1.);
#123620=LINE('',#123590,#123610);
#123630=EDGE_CURVE('',#123250,#123490,#123620,.T.);
#123640=ORIENTED_EDGE('',*,*,#123630,.F.);
#123650=EDGE_LOOP('',(#123640,#123580,#123570,#123510));
#123660=FACE_OUTER_BOUND('',#123650,.T.);
#123670=ADVANCED_FACE('',(#123660),#123410,.F.);
#123680=CARTESIAN_POINT('',(46.81,49.365,13.075));
#123690=DIRECTION('',(-0.,-1.,-0.));
#123700=DIRECTION('',(-1.,0.,0.));
#123710=AXIS2_PLACEMENT_3D('',#123680,#123690,#123700);
#123720=PLANE('',#123710);
#123730=CARTESIAN_POINT('',(46.81,49.365,13.075));
#123740=DIRECTION('',(1.,0.,0.));
#123750=VECTOR('',#123740,1.);
#123760=LINE('',#123730,#123750);
#123770=CARTESIAN_POINT('',(47.36,49.365,13.075));
#123780=VERTEX_POINT('',#123770);
#123790=EDGE_CURVE('',#123490,#123780,#123760,.T.);
#123800=ORIENTED_EDGE('',*,*,#123790,.T.);
#123810=ORIENTED_EDGE('',*,*,#123630,.T.);
#123820=ORIENTED_EDGE('',*,*,#123260,.F.);
#123830=CARTESIAN_POINT('',(47.36,49.365,12.925));
#123840=DIRECTION('',(0.,0.,1.));
#123850=VECTOR('',#123840,1.);
#123860=LINE('',#123830,#123850);
#123870=EDGE_CURVE('',#123170,#123780,#123860,.T.);
#123880=ORIENTED_EDGE('',*,*,#123870,.F.);
#123890=EDGE_LOOP('',(#123880,#123820,#123810,#123800));
#123900=FACE_OUTER_BOUND('',#123890,.T.);
#123910=ADVANCED_FACE('',(#123900),#123720,.F.);
#123920=CARTESIAN_POINT('',(47.36,49.425,13.075));
#123930=DIRECTION('',(-0.,-0.,-1.));
#123940=DIRECTION('',(-1.,0.,0.));
#123950=AXIS2_PLACEMENT_3D('',#123920,#123930,#123940);
#123960=CYLINDRICAL_SURFACE('',#123950,0.06);
#123970=CARTESIAN_POINT('',(47.36,49.425,13.075));
#123980=DIRECTION('',(0.,0.,-1.));
#123990=DIRECTION('',(1.,0.,0.));
#124000=AXIS2_PLACEMENT_3D('',#123970,#123980,#123990);
#124010=CIRCLE('',#124000,0.06);
#124020=CARTESIAN_POINT('',(47.36,49.485,13.075));
#124030=VERTEX_POINT('',#124020);
#124040=EDGE_CURVE('',#124030,#123780,#124010,.T.);
#124050=ORIENTED_EDGE('',*,*,#124040,.F.);
#124060=ORIENTED_EDGE('',*,*,#123870,.T.);
#124070=ORIENTED_EDGE('',*,*,#123180,.F.);
#124080=CARTESIAN_POINT('',(47.36,49.485,13.075));
#124090=DIRECTION('',(0.,0.,-1.));
#124100=VECTOR('',#124090,1.);
#124110=LINE('',#124080,#124100);
#124120=EDGE_CURVE('',#124030,#123080,#124110,.T.);
#124130=ORIENTED_EDGE('',*,*,#124120,.T.);
#124140=EDGE_LOOP('',(#124130,#124070,#124060,#124050));
#124150=FACE_OUTER_BOUND('',#124140,.T.);
#124160=ADVANCED_FACE('',(#124150),#123960,.F.);
#124170=CARTESIAN_POINT('',(47.36,49.485,13.075));
#124180=DIRECTION('',(1.,-0.,-0.));
#124190=DIRECTION('',(-0.,-1.,0.));
#124200=AXIS2_PLACEMENT_3D('',#124170,#124180,#124190);
#124210=PLANE('',#124200);
#124220=CARTESIAN_POINT('',(47.36,49.485,13.075));
#124230=DIRECTION('',(0.,1.,0.));
#124240=VECTOR('',#124230,1.);
#124250=LINE('',#124220,#124240);
#124260=EDGE_CURVE('',#124030,#8430,#124250,.T.);
#124270=ORIENTED_EDGE('',*,*,#124260,.T.);
#124280=ORIENTED_EDGE('',*,*,#124120,.F.);
#124290=ORIENTED_EDGE('',*,*,#123090,.F.);
#124300=ORIENTED_EDGE('',*,*,#8520,.F.);
#124310=EDGE_LOOP('',(#124300,#124290,#124280,#124270));
#124320=FACE_OUTER_BOUND('',#124310,.T.);
#124330=ADVANCED_FACE('',(#124320),#124210,.F.);
#124340=CARTESIAN_POINT('',(48.0687715809733,49.745,13.075));
#124350=DIRECTION('',(-0.,-0.,1.));
#124360=DIRECTION('',(1.,0.,-0.));
#124370=AXIS2_PLACEMENT_3D('',#124340,#124350,#124360);
#124380=PLANE('',#124370);
#124390=ORIENTED_EDGE('',*,*,#123500,.F.);
#124400=ORIENTED_EDGE('',*,*,#123790,.F.);
#124410=ORIENTED_EDGE('',*,*,#124040,.T.);
#124420=ORIENTED_EDGE('',*,*,#124260,.F.);
#124430=ORIENTED_EDGE('',*,*,#8440,.F.);
#124440=ORIENTED_EDGE('',*,*,#122320,.F.);
#124450=CARTESIAN_POINT('',(47.41,49.235,13.075));
#124460=DIRECTION('',(1.,0.,0.));
#124470=VECTOR('',#124460,1.);
#124480=LINE('',#124450,#124470);
#124490=CARTESIAN_POINT('',(47.41,49.235,13.075));
#124500=VERTEX_POINT('',#124490);
#124510=EDGE_CURVE('',#124500,#122250,#124480,.T.);
#124520=ORIENTED_EDGE('',*,*,#124510,.T.);
#124530=CARTESIAN_POINT('',(47.38,49.235,13.075));
#124540=DIRECTION('',(0.,0.,-1.));
#124550=DIRECTION('',(0.,1.,0.));
#124560=AXIS2_PLACEMENT_3D('',#124530,#124540,#124550);
#124570=CIRCLE('',#124560,0.03);
#124580=CARTESIAN_POINT('',(47.38,49.265,13.075));
#124590=VERTEX_POINT('',#124580);
#124600=EDGE_CURVE('',#124590,#124500,#124570,.T.);
#124610=ORIENTED_EDGE('',*,*,#124600,.T.);
#124620=CARTESIAN_POINT('',(47.34,49.265,13.075));
#124630=DIRECTION('',(1.,0.,0.));
#124640=VECTOR('',#124630,1.);
#124650=LINE('',#124620,#124640);
#124660=CARTESIAN_POINT('',(47.34,49.265,13.075));
#124670=VERTEX_POINT('',#124660);
#124680=EDGE_CURVE('',#124670,#124590,#124650,.T.);
#124690=ORIENTED_EDGE('',*,*,#124680,.T.);
#124700=CARTESIAN_POINT('',(47.24,49.225,13.075));
#124710=DIRECTION('',(0.928476690885273,0.37139067635407,0.));
#124720=VECTOR('',#124710,1.);
#124730=LINE('',#124700,#124720);
#124740=CARTESIAN_POINT('',(47.24,49.225,13.075));
#124750=VERTEX_POINT('',#124740);
#124760=EDGE_CURVE('',#124750,#124670,#124730,.T.);
#124770=ORIENTED_EDGE('',*,*,#124760,.T.);
#124780=CARTESIAN_POINT('',(46.86,49.205,13.075));
#124790=DIRECTION('',(0.998617829332511,0.052558833122745,0.));
#124800=VECTOR('',#124790,1.);
#124810=LINE('',#124780,#124800);
#124820=CARTESIAN_POINT('',(46.8599999999999,49.205,13.075));
#124830=VERTEX_POINT('',#124820);
#124840=EDGE_CURVE('',#124830,#124750,#124810,.T.);
#124850=ORIENTED_EDGE('',*,*,#124840,.T.);
#124860=CARTESIAN_POINT('',(46.86,49.255,13.075));
#124870=DIRECTION('',(0.,0.,1.));
#124880=DIRECTION('',(-1.,0.,0.));
#124890=AXIS2_PLACEMENT_3D('',#124860,#124870,#124880);
#124900=CIRCLE('',#124890,0.05);
#124910=EDGE_CURVE('',#123470,#124830,#124900,.T.);
#124920=ORIENTED_EDGE('',*,*,#124910,.T.);
#124930=EDGE_LOOP('',(#124920,#124850,#124770,#124690,#124610,#124520,
#124440,#124430,#124420,#124410,#124400,#124390));
#124940=FACE_OUTER_BOUND('',#124930,.T.);
#124950=ADVANCED_FACE('',(#124940),#124380,.T.);
#124960=CARTESIAN_POINT('',(46.86,49.255,13.075));
#124970=DIRECTION('',(-0.,-0.,1.));
#124980=DIRECTION('',(1.,0.,0.));
#124990=AXIS2_PLACEMENT_3D('',#124960,#124970,#124980);
#125000=CYLINDRICAL_SURFACE('',#124990,0.05);
#125010=ORIENTED_EDGE('',*,*,#124910,.F.);
#125020=CARTESIAN_POINT('',(46.86,49.205,12.925));
#125030=DIRECTION('',(0.,0.,1.));
#125040=VECTOR('',#125030,1.);
#125050=LINE('',#125020,#125040);
#125060=EDGE_CURVE('',#122570,#124830,#125050,.T.);
#125070=ORIENTED_EDGE('',*,*,#125060,.T.);
#125080=ORIENTED_EDGE('',*,*,#122600,.F.);
#125090=ORIENTED_EDGE('',*,*,#123560,.T.);
#125100=EDGE_LOOP('',(#125090,#125080,#125070,#125010));
#125110=FACE_OUTER_BOUND('',#125100,.T.);
#125120=ADVANCED_FACE('',(#125110),#125000,.T.);
#125130=CARTESIAN_POINT('',(47.24,49.225,13.075));
#125140=DIRECTION('',(-0.0525588331227304,0.998617829332512,-0.));
#125150=DIRECTION('',(0.998617829332512,0.0525588331227304,-0.));
#125160=AXIS2_PLACEMENT_3D('',#125130,#125140,#125150);
#125170=PLANE('',#125160);
#125180=ORIENTED_EDGE('',*,*,#124840,.F.);
#125190=CARTESIAN_POINT('',(47.24,49.225,12.925));
#125200=DIRECTION('',(0.,0.,1.));
#125210=VECTOR('',#125200,1.);
#125220=LINE('',#125190,#125210);
#125230=EDGE_CURVE('',#122670,#124750,#125220,.T.);
#125240=ORIENTED_EDGE('',*,*,#125230,.T.);
#125250=ORIENTED_EDGE('',*,*,#122680,.F.);
#125260=ORIENTED_EDGE('',*,*,#125060,.F.);
#125270=EDGE_LOOP('',(#125260,#125250,#125240,#125180));
#125280=FACE_OUTER_BOUND('',#125270,.T.);
#125290=ADVANCED_FACE('',(#125280),#125170,.F.);
#125300=CARTESIAN_POINT('',(47.34,49.265,13.075));
#125310=DIRECTION('',(-0.371390676354106,0.928476690885259,-0.));
#125320=DIRECTION('',(0.928476690885258,0.371390676354106,-0.));
#125330=AXIS2_PLACEMENT_3D('',#125300,#125310,#125320);
#125340=PLANE('',#125330);
#125350=ORIENTED_EDGE('',*,*,#124760,.F.);
#125360=CARTESIAN_POINT('',(47.34,49.265,12.925));
#125370=DIRECTION('',(0.,0.,1.));
#125380=VECTOR('',#125370,1.);
#125390=LINE('',#125360,#125380);
#125400=EDGE_CURVE('',#122750,#124670,#125390,.T.);
#125410=ORIENTED_EDGE('',*,*,#125400,.T.);
#125420=ORIENTED_EDGE('',*,*,#122760,.F.);
#125430=ORIENTED_EDGE('',*,*,#125230,.F.);
#125440=EDGE_LOOP('',(#125430,#125420,#125410,#125350));
#125450=FACE_OUTER_BOUND('',#125440,.T.);
#125460=ADVANCED_FACE('',(#125450),#125340,.F.);
#125470=CARTESIAN_POINT('',(47.38,49.265,13.075));
#125480=DIRECTION('',(-0.,1.,-0.));
#125490=DIRECTION('',(1.,-0.,0.));
#125500=AXIS2_PLACEMENT_3D('',#125470,#125480,#125490);
#125510=PLANE('',#125500);
#125520=ORIENTED_EDGE('',*,*,#124680,.F.);
#125530=CARTESIAN_POINT('',(47.38,49.265,13.075));
#125540=DIRECTION('',(0.,0.,-1.));
#125550=VECTOR('',#125540,1.);
#125560=LINE('',#125530,#125550);
#125570=EDGE_CURVE('',#124590,#122830,#125560,.T.);
#125580=ORIENTED_EDGE('',*,*,#125570,.F.);
#125590=ORIENTED_EDGE('',*,*,#122840,.T.);
#125600=ORIENTED_EDGE('',*,*,#125400,.F.);
#125610=EDGE_LOOP('',(#125600,#125590,#125580,#125520));
#125620=FACE_OUTER_BOUND('',#125610,.T.);
#125630=ADVANCED_FACE('',(#125620),#125510,.F.);
#125640=CARTESIAN_POINT('',(47.38,49.235,13.075));
#125650=DIRECTION('',(-0.,-0.,-1.));
#125660=DIRECTION('',(-1.,0.,0.));
#125670=AXIS2_PLACEMENT_3D('',#125640,#125650,#125660);
#125680=CYLINDRICAL_SURFACE('',#125670,0.03);
#125690=ORIENTED_EDGE('',*,*,#124600,.F.);
#125700=CARTESIAN_POINT('',(47.41,49.235,12.925));
#125710=DIRECTION('',(0.,0.,1.));
#125720=VECTOR('',#125710,1.);
#125730=LINE('',#125700,#125720);
#125740=EDGE_CURVE('',#122920,#124500,#125730,.T.);
#125750=ORIENTED_EDGE('',*,*,#125740,.T.);
#125760=ORIENTED_EDGE('',*,*,#122930,.F.);
#125770=ORIENTED_EDGE('',*,*,#125570,.T.);
#125780=EDGE_LOOP('',(#125770,#125760,#125750,#125690));
#125790=FACE_OUTER_BOUND('',#125780,.T.);
#125800=ADVANCED_FACE('',(#125790),#125680,.F.);
#125810=CARTESIAN_POINT('',(47.51,49.235,13.075));
#125820=DIRECTION('',(5.96744875736022E-15,1.,-0.));
#125830=DIRECTION('',(1.,-5.96744875736022E-15,0.));
#125840=AXIS2_PLACEMENT_3D('',#125810,#125820,#125830);
#125850=PLANE('',#125840);
#125860=ORIENTED_EDGE('',*,*,#124510,.F.);
#125870=ORIENTED_EDGE('',*,*,#122260,.T.);
#125880=ORIENTED_EDGE('',*,*,#122990,.T.);
#125890=ORIENTED_EDGE('',*,*,#125740,.F.);
#125900=EDGE_LOOP('',(#125890,#125880,#125870,#125860));
#125910=FACE_OUTER_BOUND('',#125900,.T.);
#125920=ADVANCED_FACE('',(#125910),#125850,.F.);
#125930=CARTESIAN_POINT('',(47.435,49.43,13.1125));
#125940=DIRECTION('',(0.707106781186547,2.4155268595135E-16,
0.707106781186548));
#125950=DIRECTION('',(-0.707106781186548,-3.92523114670943E-16,
0.707106781186547));
#125960=AXIS2_PLACEMENT_3D('',#125930,#125940,#125950);
#125970=PLANE('',#125960);
#125980=ORIENTED_EDGE('',*,*,#122390,.T.);
#125990=ORIENTED_EDGE('',*,*,#8280,.F.);
#126000=CARTESIAN_POINT('',(47.41,49.215,13.1375));
#126010=DIRECTION('',(-1.65242496688396E-14,1.,0.));
#126020=VECTOR('',#126010,1.);
#126030=LINE('',#126000,#126020);
#126040=EDGE_CURVE('',#14340,#8190,#126030,.T.);
#126050=ORIENTED_EDGE('',*,*,#126040,.T.);
#126060=ORIENTED_EDGE('',*,*,#14350,.F.);
#126070=EDGE_LOOP('',(#126060,#126050,#125990,#125980));
#126080=FACE_OUTER_BOUND('',#126070,.T.);
#126090=ADVANCED_FACE('',(#126080),#125970,.F.);
#126100=CARTESIAN_POINT('',(47.41,49.215,12.4));
#126110=DIRECTION('',(-1.,-3.41607084500048E-16,-0.));
#126120=DIRECTION('',(3.41607084500048E-16,-1.,0.));
#126130=AXIS2_PLACEMENT_3D('',#126100,#126110,#126120);
#126140=PLANE('',#126130);
#126150=ORIENTED_EDGE('',*,*,#14430,.F.);
#126160=ORIENTED_EDGE('',*,*,#126040,.F.);
#126170=ORIENTED_EDGE('',*,*,#8200,.T.);
#126180=CARTESIAN_POINT('',(47.41,49.215,13.2625));
#126190=DIRECTION('',(0.,1.,0.));
#126200=VECTOR('',#126190,1.);
#126210=LINE('',#126180,#126200);
#126220=EDGE_CURVE('',#14420,#8110,#126210,.T.);
#126230=ORIENTED_EDGE('',*,*,#126220,.T.);
#126240=EDGE_LOOP('',(#126230,#126170,#126160,#126150));
#126250=FACE_OUTER_BOUND('',#126240,.T.);
#126260=ADVANCED_FACE('',(#126250),#126140,.T.);
#126270=CARTESIAN_POINT('',(47.435,49.43,13.2875));
#126280=DIRECTION('',(-0.707106781186547,-2.4155268595135E-16,
0.707106781186548));
#126290=DIRECTION('',(-0.707106781186548,-3.92523114670943E-16,
-0.707106781186547));
#126300=AXIS2_PLACEMENT_3D('',#126270,#126280,#126290);
#126310=PLANE('',#126300);
#126320=ORIENTED_EDGE('',*,*,#8120,.F.);
#126330=CARTESIAN_POINT('',(47.46,49.215,13.3125));
#126340=DIRECTION('',(0.,1.,-4.13106241720989E-15));
#126350=VECTOR('',#126340,1.);
#126360=LINE('',#126330,#126350);
#126370=EDGE_CURVE('',#14500,#8030,#126360,.T.);
#126380=ORIENTED_EDGE('',*,*,#126370,.T.);
#126390=ORIENTED_EDGE('',*,*,#14510,.F.);
#126400=ORIENTED_EDGE('',*,*,#126220,.F.);
#126410=EDGE_LOOP('',(#126400,#126390,#126380,#126320));
#126420=FACE_OUTER_BOUND('',#126410,.T.);
#126430=ADVANCED_FACE('',(#126420),#126310,.T.);
#126440=CARTESIAN_POINT('',(47.46,49.215,13.3125));
#126450=DIRECTION('',(-1.,-3.41607084500048E-16,-0.));
#126460=DIRECTION('',(-3.41607084500048E-16,1.,0.));
#126470=AXIS2_PLACEMENT_3D('',#126440,#126450,#126460);
#126480=PLANE('',#126470);
#126490=ORIENTED_EDGE('',*,*,#8040,.T.);
#126500=CARTESIAN_POINT('',(47.46,49.645,13.325));
#126510=DIRECTION('',(0.,-1.,0.));
#126520=VECTOR('',#126510,1.);
#126530=LINE('',#126500,#126520);
#126540=CARTESIAN_POINT('',(47.46,49.235,13.325));
#126550=VERTEX_POINT('',#126540);
#126560=EDGE_CURVE('',#7950,#126550,#126530,.T.);
#126570=ORIENTED_EDGE('',*,*,#126560,.F.);
#126580=CARTESIAN_POINT('',(47.46,49.235,13.325));
#126590=DIRECTION('',(0.,0.,1.));
#126600=VECTOR('',#126590,1.);
#126610=LINE('',#126580,#126600);
#126620=CARTESIAN_POINT('',(47.46,49.235,13.475));
#126630=VERTEX_POINT('',#126620);
#126640=EDGE_CURVE('',#126550,#126630,#126610,.T.);
#126650=ORIENTED_EDGE('',*,*,#126640,.F.);
#126660=CARTESIAN_POINT('',(47.46,49.645,13.475));
#126670=DIRECTION('',(0.,-1.,0.));
#126680=VECTOR('',#126670,1.);
#126690=LINE('',#126660,#126680);
#126700=EDGE_CURVE('',#7710,#126630,#126690,.T.);
#126710=ORIENTED_EDGE('',*,*,#126700,.T.);
#126720=ORIENTED_EDGE('',*,*,#7720,.T.);
#126730=CARTESIAN_POINT('',(47.46,49.645,13.4875));
#126740=DIRECTION('',(0.,-1.,0.));
#126750=VECTOR('',#126740,1.);
#126760=LINE('',#126730,#126750);
#126770=EDGE_CURVE('',#7630,#14580,#126760,.T.);
#126780=ORIENTED_EDGE('',*,*,#126770,.F.);
#126790=ORIENTED_EDGE('',*,*,#14590,.F.);
#126800=ORIENTED_EDGE('',*,*,#126370,.F.);
#126810=EDGE_LOOP('',(#126800,#126790,#126780,#126720,#126710,#126650,
#126570,#126490));
#126820=FACE_OUTER_BOUND('',#126810,.T.);
#126830=ADVANCED_FACE('',(#126820),#126480,.T.);
#126840=CARTESIAN_POINT('',(48.0687715809733,49.745,13.325));
#126850=DIRECTION('',(-0.,-0.,1.));
#126860=DIRECTION('',(1.,0.,-0.));
#126870=AXIS2_PLACEMENT_3D('',#126840,#126850,#126860);
#126880=PLANE('',#126870);
#126890=CARTESIAN_POINT('',(46.86,49.255,13.325));
#126900=DIRECTION('',(0.,0.,-1.));
#126910=DIRECTION('',(7.10542735760141E-13,-1.,0.));
#126920=AXIS2_PLACEMENT_3D('',#126890,#126900,#126910);
#126930=CIRCLE('',#126920,0.05);
#126940=CARTESIAN_POINT('',(46.86,49.205,13.325));
#126950=VERTEX_POINT('',#126940);
#126960=CARTESIAN_POINT('',(46.81,49.255,13.325));
#126970=VERTEX_POINT('',#126960);
#126980=EDGE_CURVE('',#126950,#126970,#126930,.T.);
#126990=ORIENTED_EDGE('',*,*,#126980,.T.);
#127000=CARTESIAN_POINT('',(47.24,49.225,13.325));
#127010=DIRECTION('',(-0.998617829332511,-0.052558833122745,0.));
#127020=VECTOR('',#127010,1.);
#127030=LINE('',#127000,#127020);
#127040=CARTESIAN_POINT('',(47.24,49.225,13.325));
#127050=VERTEX_POINT('',#127040);
#127060=EDGE_CURVE('',#127050,#126950,#127030,.T.);
#127070=ORIENTED_EDGE('',*,*,#127060,.T.);
#127080=CARTESIAN_POINT('',(47.34,49.265,13.325));
#127090=DIRECTION('',(-0.928476690885273,-0.37139067635407,0.));
#127100=VECTOR('',#127090,1.);
#127110=LINE('',#127080,#127100);
#127120=CARTESIAN_POINT('',(47.34,49.265,13.325));
#127130=VERTEX_POINT('',#127120);
#127140=EDGE_CURVE('',#127130,#127050,#127110,.T.);
#127150=ORIENTED_EDGE('',*,*,#127140,.T.);
#127160=CARTESIAN_POINT('',(47.34,49.265,13.325));
#127170=DIRECTION('',(1.,0.,0.));
#127180=VECTOR('',#127170,1.);
#127190=LINE('',#127160,#127180);
#127200=CARTESIAN_POINT('',(47.38,49.265,13.325));
#127210=VERTEX_POINT('',#127200);
#127220=EDGE_CURVE('',#127130,#127210,#127190,.T.);
#127230=ORIENTED_EDGE('',*,*,#127220,.F.);
#127240=CARTESIAN_POINT('',(47.38,49.235,13.325));
#127250=DIRECTION('',(0.,0.,1.));
#127260=DIRECTION('',(1.,0.,0.));
#127270=AXIS2_PLACEMENT_3D('',#127240,#127250,#127260);
#127280=CIRCLE('',#127270,0.03);
#127290=CARTESIAN_POINT('',(47.41,49.235,13.325));
#127300=VERTEX_POINT('',#127290);
#127310=EDGE_CURVE('',#127300,#127210,#127280,.T.);
#127320=ORIENTED_EDGE('',*,*,#127310,.T.);
#127330=CARTESIAN_POINT('',(47.41,49.235,13.325));
#127340=DIRECTION('',(1.,0.,0.));
#127350=VECTOR('',#127340,1.);
#127360=LINE('',#127330,#127350);
#127370=EDGE_CURVE('',#127300,#126550,#127360,.T.);
#127380=ORIENTED_EDGE('',*,*,#127370,.F.);
#127390=ORIENTED_EDGE('',*,*,#126560,.T.);
#127400=ORIENTED_EDGE('',*,*,#7960,.T.);
#127410=CARTESIAN_POINT('',(47.36,49.485,13.325));
#127420=DIRECTION('',(0.,1.,0.));
#127430=VECTOR('',#127420,1.);
#127440=LINE('',#127410,#127430);
#127450=CARTESIAN_POINT('',(47.36,49.485,13.325));
#127460=VERTEX_POINT('',#127450);
#127470=EDGE_CURVE('',#127460,#7870,#127440,.T.);
#127480=ORIENTED_EDGE('',*,*,#127470,.T.);
#127490=CARTESIAN_POINT('',(47.36,49.425,13.325));
#127500=DIRECTION('',(0.,0.,1.));
#127510=DIRECTION('',(7.10542735760073E-13,-1.,0.));
#127520=AXIS2_PLACEMENT_3D('',#127490,#127500,#127510);
#127530=CIRCLE('',#127520,0.06);
#127540=CARTESIAN_POINT('',(47.36,49.365,13.325));
#127550=VERTEX_POINT('',#127540);
#127560=EDGE_CURVE('',#127550,#127460,#127530,.T.);
#127570=ORIENTED_EDGE('',*,*,#127560,.T.);
#127580=CARTESIAN_POINT('',(46.81,49.365,13.325));
#127590=DIRECTION('',(1.,0.,0.));
#127600=VECTOR('',#127590,1.);
#127610=LINE('',#127580,#127600);
#127620=CARTESIAN_POINT('',(46.81,49.365,13.325));
#127630=VERTEX_POINT('',#127620);
#127640=EDGE_CURVE('',#127630,#127550,#127610,.T.);
#127650=ORIENTED_EDGE('',*,*,#127640,.T.);
#127660=CARTESIAN_POINT('',(46.81,49.255,13.325));
#127670=DIRECTION('',(0.,1.,0.));
#127680=VECTOR('',#127670,1.);
#127690=LINE('',#127660,#127680);
#127700=EDGE_CURVE('',#126970,#127630,#127690,.T.);
#127710=ORIENTED_EDGE('',*,*,#127700,.T.);
#127720=EDGE_LOOP('',(#127710,#127650,#127570,#127480,#127400,#127390,
#127380,#127320,#127230,#127150,#127070,#126990));
#127730=FACE_OUTER_BOUND('',#127720,.T.);
#127740=ADVANCED_FACE('',(#127730),#126880,.F.);
#127750=CARTESIAN_POINT('',(46.81,49.255,13.475));
#127760=DIRECTION('',(1.,-0.,-0.));
#127770=DIRECTION('',(-0.,-1.,0.));
#127780=AXIS2_PLACEMENT_3D('',#127750,#127760,#127770);
#127790=PLANE('',#127780);
#127800=CARTESIAN_POINT('',(46.81,49.255,13.475));
#127810=DIRECTION('',(0.,1.,0.));
#127820=VECTOR('',#127810,1.);
#127830=LINE('',#127800,#127820);
#127840=CARTESIAN_POINT('',(46.81,49.255,13.475));
#127850=VERTEX_POINT('',#127840);
#127860=CARTESIAN_POINT('',(46.81,49.365,13.475));
#127870=VERTEX_POINT('',#127860);
#127880=EDGE_CURVE('',#127850,#127870,#127830,.T.);
#127890=ORIENTED_EDGE('',*,*,#127880,.T.);
#127900=CARTESIAN_POINT('',(46.81,49.255,13.475));
#127910=DIRECTION('',(0.,0.,-1.));
#127920=VECTOR('',#127910,1.);
#127930=LINE('',#127900,#127920);
#127940=EDGE_CURVE('',#127850,#126970,#127930,.T.);
#127950=ORIENTED_EDGE('',*,*,#127940,.F.);
#127960=ORIENTED_EDGE('',*,*,#127700,.F.);
#127970=CARTESIAN_POINT('',(46.81,49.365,13.325));
#127980=DIRECTION('',(0.,0.,1.));
#127990=VECTOR('',#127980,1.);
#128000=LINE('',#127970,#127990);
#128010=EDGE_CURVE('',#127630,#127870,#128000,.T.);
#128020=ORIENTED_EDGE('',*,*,#128010,.F.);
#128030=EDGE_LOOP('',(#128020,#127960,#127950,#127890));
#128040=FACE_OUTER_BOUND('',#128030,.T.);
#128050=ADVANCED_FACE('',(#128040),#127790,.F.);
#128060=CARTESIAN_POINT('',(46.81,49.365,13.475));
#128070=DIRECTION('',(-0.,-1.,-0.));
#128080=DIRECTION('',(-1.,0.,0.));
#128090=AXIS2_PLACEMENT_3D('',#128060,#128070,#128080);
#128100=PLANE('',#128090);
#128110=CARTESIAN_POINT('',(46.81,49.365,13.475));
#128120=DIRECTION('',(1.,0.,0.));
#128130=VECTOR('',#128120,1.);
#128140=LINE('',#128110,#128130);
#128150=CARTESIAN_POINT('',(47.36,49.365,13.475));
#128160=VERTEX_POINT('',#128150);
#128170=EDGE_CURVE('',#127870,#128160,#128140,.T.);
#128180=ORIENTED_EDGE('',*,*,#128170,.T.);
#128190=ORIENTED_EDGE('',*,*,#128010,.T.);
#128200=ORIENTED_EDGE('',*,*,#127640,.F.);
#128210=CARTESIAN_POINT('',(47.36,49.365,13.325));
#128220=DIRECTION('',(0.,0.,1.));
#128230=VECTOR('',#128220,1.);
#128240=LINE('',#128210,#128230);
#128250=EDGE_CURVE('',#127550,#128160,#128240,.T.);
#128260=ORIENTED_EDGE('',*,*,#128250,.F.);
#128270=EDGE_LOOP('',(#128260,#128200,#128190,#128180));
#128280=FACE_OUTER_BOUND('',#128270,.T.);
#128290=ADVANCED_FACE('',(#128280),#128100,.F.);
#128300=CARTESIAN_POINT('',(47.36,49.425,13.475));
#128310=DIRECTION('',(-0.,-0.,-1.));
#128320=DIRECTION('',(-1.,0.,0.));
#128330=AXIS2_PLACEMENT_3D('',#128300,#128310,#128320);
#128340=CYLINDRICAL_SURFACE('',#128330,0.06);
#128350=CARTESIAN_POINT('',(47.36,49.425,13.475));
#128360=DIRECTION('',(0.,0.,-1.));
#128370=DIRECTION('',(1.,0.,0.));
#128380=AXIS2_PLACEMENT_3D('',#128350,#128360,#128370);
#128390=CIRCLE('',#128380,0.06);
#128400=CARTESIAN_POINT('',(47.36,49.485,13.475));
#128410=VERTEX_POINT('',#128400);
#128420=EDGE_CURVE('',#128410,#128160,#128390,.T.);
#128430=ORIENTED_EDGE('',*,*,#128420,.F.);
#128440=ORIENTED_EDGE('',*,*,#128250,.T.);
#128450=ORIENTED_EDGE('',*,*,#127560,.F.);
#128460=CARTESIAN_POINT('',(47.36,49.485,13.475));
#128470=DIRECTION('',(0.,0.,-1.));
#128480=VECTOR('',#128470,1.);
#128490=LINE('',#128460,#128480);
#128500=EDGE_CURVE('',#128410,#127460,#128490,.T.);
#128510=ORIENTED_EDGE('',*,*,#128500,.T.);
#128520=EDGE_LOOP('',(#128510,#128450,#128440,#128430));
#128530=FACE_OUTER_BOUND('',#128520,.T.);
#128540=ADVANCED_FACE('',(#128530),#128340,.F.);
#128550=CARTESIAN_POINT('',(47.36,49.485,13.475));
#128560=DIRECTION('',(1.,-0.,-0.));
#128570=DIRECTION('',(-0.,-1.,0.));
#128580=AXIS2_PLACEMENT_3D('',#128550,#128560,#128570);
#128590=PLANE('',#128580);
#128600=CARTESIAN_POINT('',(47.36,49.485,13.475));
#128610=DIRECTION('',(0.,1.,0.));
#128620=VECTOR('',#128610,1.);
#128630=LINE('',#128600,#128620);
#128640=EDGE_CURVE('',#128410,#7790,#128630,.T.);
#128650=ORIENTED_EDGE('',*,*,#128640,.T.);
#128660=ORIENTED_EDGE('',*,*,#128500,.F.);
#128670=ORIENTED_EDGE('',*,*,#127470,.F.);
#128680=ORIENTED_EDGE('',*,*,#7880,.F.);
#128690=EDGE_LOOP('',(#128680,#128670,#128660,#128650));
#128700=FACE_OUTER_BOUND('',#128690,.T.);
#128710=ADVANCED_FACE('',(#128700),#128590,.F.);
#128720=CARTESIAN_POINT('',(48.0687715809733,49.745,13.475));
#128730=DIRECTION('',(-0.,-0.,1.));
#128740=DIRECTION('',(1.,0.,-0.));
#128750=AXIS2_PLACEMENT_3D('',#128720,#128730,#128740);
#128760=PLANE('',#128750);
#128770=ORIENTED_EDGE('',*,*,#127880,.F.);
#128780=ORIENTED_EDGE('',*,*,#128170,.F.);
#128790=ORIENTED_EDGE('',*,*,#128420,.T.);
#128800=ORIENTED_EDGE('',*,*,#128640,.F.);
#128810=ORIENTED_EDGE('',*,*,#7800,.F.);
#128820=ORIENTED_EDGE('',*,*,#126700,.F.);
#128830=CARTESIAN_POINT('',(47.41,49.235,13.475));
#128840=DIRECTION('',(1.,0.,0.));
#128850=VECTOR('',#128840,1.);
#128860=LINE('',#128830,#128850);
#128870=CARTESIAN_POINT('',(47.41,49.235,13.475));
#128880=VERTEX_POINT('',#128870);
#128890=EDGE_CURVE('',#128880,#126630,#128860,.T.);
#128900=ORIENTED_EDGE('',*,*,#128890,.T.);
#128910=CARTESIAN_POINT('',(47.38,49.235,13.475));
#128920=DIRECTION('',(0.,0.,-1.));
#128930=DIRECTION('',(0.,1.,0.));
#128940=AXIS2_PLACEMENT_3D('',#128910,#128920,#128930);
#128950=CIRCLE('',#128940,0.03);
#128960=CARTESIAN_POINT('',(47.38,49.265,13.475));
#128970=VERTEX_POINT('',#128960);
#128980=EDGE_CURVE('',#128970,#128880,#128950,.T.);
#128990=ORIENTED_EDGE('',*,*,#128980,.T.);
#129000=CARTESIAN_POINT('',(47.34,49.265,13.475));
#129010=DIRECTION('',(1.,0.,0.));
#129020=VECTOR('',#129010,1.);
#129030=LINE('',#129000,#129020);
#129040=CARTESIAN_POINT('',(47.34,49.265,13.475));
#129050=VERTEX_POINT('',#129040);
#129060=EDGE_CURVE('',#129050,#128970,#129030,.T.);
#129070=ORIENTED_EDGE('',*,*,#129060,.T.);
#129080=CARTESIAN_POINT('',(47.24,49.225,13.475));
#129090=DIRECTION('',(0.928476690885273,0.37139067635407,0.));
#129100=VECTOR('',#129090,1.);
#129110=LINE('',#129080,#129100);
#129120=CARTESIAN_POINT('',(47.24,49.225,13.475));
#129130=VERTEX_POINT('',#129120);
#129140=EDGE_CURVE('',#129130,#129050,#129110,.T.);
#129150=ORIENTED_EDGE('',*,*,#129140,.T.);
#129160=CARTESIAN_POINT('',(46.86,49.205,13.475));
#129170=DIRECTION('',(0.998617829332511,0.052558833122745,0.));
#129180=VECTOR('',#129170,1.);
#129190=LINE('',#129160,#129180);
#129200=CARTESIAN_POINT('',(46.8599999999999,49.205,13.475));
#129210=VERTEX_POINT('',#129200);
#129220=EDGE_CURVE('',#129210,#129130,#129190,.T.);
#129230=ORIENTED_EDGE('',*,*,#129220,.T.);
#129240=CARTESIAN_POINT('',(46.86,49.255,13.475));
#129250=DIRECTION('',(0.,0.,1.));
#129260=DIRECTION('',(-1.,0.,0.));
#129270=AXIS2_PLACEMENT_3D('',#129240,#129250,#129260);
#129280=CIRCLE('',#129270,0.05);
#129290=EDGE_CURVE('',#127850,#129210,#129280,.T.);
#129300=ORIENTED_EDGE('',*,*,#129290,.T.);
#129310=EDGE_LOOP('',(#129300,#129230,#129150,#129070,#128990,#128900,
#128820,#128810,#128800,#128790,#128780,#128770));
#129320=FACE_OUTER_BOUND('',#129310,.T.);
#129330=ADVANCED_FACE('',(#129320),#128760,.T.);
#129340=CARTESIAN_POINT('',(46.86,49.255,13.475));
#129350=DIRECTION('',(-0.,-0.,1.));
#129360=DIRECTION('',(1.,0.,0.));
#129370=AXIS2_PLACEMENT_3D('',#129340,#129350,#129360);
#129380=CYLINDRICAL_SURFACE('',#129370,0.05);
#129390=ORIENTED_EDGE('',*,*,#129290,.F.);
#129400=CARTESIAN_POINT('',(46.86,49.205,13.325));
#129410=DIRECTION('',(0.,0.,1.));
#129420=VECTOR('',#129410,1.);
#129430=LINE('',#129400,#129420);
#129440=EDGE_CURVE('',#126950,#129210,#129430,.T.);
#129450=ORIENTED_EDGE('',*,*,#129440,.T.);
#129460=ORIENTED_EDGE('',*,*,#126980,.F.);
#129470=ORIENTED_EDGE('',*,*,#127940,.T.);
#129480=EDGE_LOOP('',(#129470,#129460,#129450,#129390));
#129490=FACE_OUTER_BOUND('',#129480,.T.);
#129500=ADVANCED_FACE('',(#129490),#129380,.T.);
#129510=CARTESIAN_POINT('',(47.24,49.225,13.475));
#129520=DIRECTION('',(-0.0525588331227304,0.998617829332512,-0.));
#129530=DIRECTION('',(0.998617829332512,0.0525588331227304,-0.));
#129540=AXIS2_PLACEMENT_3D('',#129510,#129520,#129530);
#129550=PLANE('',#129540);
#129560=ORIENTED_EDGE('',*,*,#129220,.F.);
#129570=CARTESIAN_POINT('',(47.24,49.225,13.325));
#129580=DIRECTION('',(0.,0.,1.));
#129590=VECTOR('',#129580,1.);
#129600=LINE('',#129570,#129590);
#129610=EDGE_CURVE('',#127050,#129130,#129600,.T.);
#129620=ORIENTED_EDGE('',*,*,#129610,.T.);
#129630=ORIENTED_EDGE('',*,*,#127060,.F.);
#129640=ORIENTED_EDGE('',*,*,#129440,.F.);
#129650=EDGE_LOOP('',(#129640,#129630,#129620,#129560));
#129660=FACE_OUTER_BOUND('',#129650,.T.);
#129670=ADVANCED_FACE('',(#129660),#129550,.F.);
#129680=CARTESIAN_POINT('',(47.34,49.265,13.475));
#129690=DIRECTION('',(-0.371390676354106,0.928476690885259,-0.));
#129700=DIRECTION('',(0.928476690885258,0.371390676354106,-0.));
#129710=AXIS2_PLACEMENT_3D('',#129680,#129690,#129700);
#129720=PLANE('',#129710);
#129730=ORIENTED_EDGE('',*,*,#129140,.F.);
#129740=CARTESIAN_POINT('',(47.34,49.265,13.325));
#129750=DIRECTION('',(0.,0.,1.));
#129760=VECTOR('',#129750,1.);
#129770=LINE('',#129740,#129760);
#129780=EDGE_CURVE('',#127130,#129050,#129770,.T.);
#129790=ORIENTED_EDGE('',*,*,#129780,.T.);
#129800=ORIENTED_EDGE('',*,*,#127140,.F.);
#129810=ORIENTED_EDGE('',*,*,#129610,.F.);
#129820=EDGE_LOOP('',(#129810,#129800,#129790,#129730));
#129830=FACE_OUTER_BOUND('',#129820,.T.);
#129840=ADVANCED_FACE('',(#129830),#129720,.F.);
#129850=CARTESIAN_POINT('',(47.38,49.265,13.475));
#129860=DIRECTION('',(-0.,1.,-0.));
#129870=DIRECTION('',(1.,-0.,0.));
#129880=AXIS2_PLACEMENT_3D('',#129850,#129860,#129870);
#129890=PLANE('',#129880);
#129900=ORIENTED_EDGE('',*,*,#129060,.F.);
#129910=CARTESIAN_POINT('',(47.38,49.265,13.475));
#129920=DIRECTION('',(0.,0.,-1.));
#129930=VECTOR('',#129920,1.);
#129940=LINE('',#129910,#129930);
#129950=EDGE_CURVE('',#128970,#127210,#129940,.T.);
#129960=ORIENTED_EDGE('',*,*,#129950,.F.);
#129970=ORIENTED_EDGE('',*,*,#127220,.T.);
#129980=ORIENTED_EDGE('',*,*,#129780,.F.);
#129990=EDGE_LOOP('',(#129980,#129970,#129960,#129900));
#130000=FACE_OUTER_BOUND('',#129990,.T.);
#130010=ADVANCED_FACE('',(#130000),#129890,.F.);
#130020=CARTESIAN_POINT('',(47.38,49.235,13.475));
#130030=DIRECTION('',(-0.,-0.,-1.));
#130040=DIRECTION('',(-1.,0.,0.));
#130050=AXIS2_PLACEMENT_3D('',#130020,#130030,#130040);
#130060=CYLINDRICAL_SURFACE('',#130050,0.03);
#130070=ORIENTED_EDGE('',*,*,#128980,.F.);
#130080=CARTESIAN_POINT('',(47.41,49.235,13.325));
#130090=DIRECTION('',(0.,0.,1.));
#130100=VECTOR('',#130090,1.);
#130110=LINE('',#130080,#130100);
#130120=EDGE_CURVE('',#127300,#128880,#130110,.T.);
#130130=ORIENTED_EDGE('',*,*,#130120,.T.);
#130140=ORIENTED_EDGE('',*,*,#127310,.F.);
#130150=ORIENTED_EDGE('',*,*,#129950,.T.);
#130160=EDGE_LOOP('',(#130150,#130140,#130130,#130070));
#130170=FACE_OUTER_BOUND('',#130160,.T.);
#130180=ADVANCED_FACE('',(#130170),#130060,.F.);
#130190=CARTESIAN_POINT('',(47.51,49.235,13.475));
#130200=DIRECTION('',(5.96744875736022E-15,1.,-0.));
#130210=DIRECTION('',(1.,-5.96744875736022E-15,0.));
#130220=AXIS2_PLACEMENT_3D('',#130190,#130200,#130210);
#130230=PLANE('',#130220);
#130240=ORIENTED_EDGE('',*,*,#128890,.F.);
#130250=ORIENTED_EDGE('',*,*,#126640,.T.);
#130260=ORIENTED_EDGE('',*,*,#127370,.T.);
#130270=ORIENTED_EDGE('',*,*,#130120,.F.);
#130280=EDGE_LOOP('',(#130270,#130260,#130250,#130240));
#130290=FACE_OUTER_BOUND('',#130280,.T.);
#130300=ADVANCED_FACE('',(#130290),#130230,.F.);
#130310=CARTESIAN_POINT('',(47.435,49.43,13.5125));
#130320=DIRECTION('',(0.707106781186547,2.4155268595135E-16,
0.707106781186548));
#130330=DIRECTION('',(-0.707106781186548,-3.92523114670943E-16,
0.707106781186547));
#130340=AXIS2_PLACEMENT_3D('',#130310,#130320,#130330);
#130350=PLANE('',#130340);
#130360=CARTESIAN_POINT('',(47.41,49.215,13.5375));
#130370=DIRECTION('',(0.,1.,4.13106241720989E-15));
#130380=VECTOR('',#130370,1.);
#130390=LINE('',#130360,#130380);
#130400=EDGE_CURVE('',#14660,#7550,#130390,.T.);
#130410=ORIENTED_EDGE('',*,*,#130400,.T.);
#130420=ORIENTED_EDGE('',*,*,#14670,.F.);
#130430=ORIENTED_EDGE('',*,*,#126770,.T.);
#130440=ORIENTED_EDGE('',*,*,#7640,.F.);
#130450=EDGE_LOOP('',(#130440,#130430,#130420,#130410));
#130460=FACE_OUTER_BOUND('',#130450,.T.);
#130470=ADVANCED_FACE('',(#130460),#130350,.F.);
#130480=CARTESIAN_POINT('',(47.41,49.215,14.4));
#130490=DIRECTION('',(1.,3.41607084500048E-16,-0.));
#130500=DIRECTION('',(3.41607084500048E-16,-1.,0.));
#130510=AXIS2_PLACEMENT_3D('',#130480,#130490,#130500);
#130520=PLANE('',#130510);
#130530=ORIENTED_EDGE('',*,*,#130400,.F.);
#130540=ORIENTED_EDGE('',*,*,#7560,.F.);
#130550=CARTESIAN_POINT('',(47.41,49.215,13.6625));
#130560=DIRECTION('',(0.,1.,0.));
#130570=VECTOR('',#130560,1.);
#130580=LINE('',#130550,#130570);
#130590=EDGE_CURVE('',#14740,#7470,#130580,.T.);
#130600=ORIENTED_EDGE('',*,*,#130590,.T.);
#130610=ORIENTED_EDGE('',*,*,#14750,.T.);
#130620=EDGE_LOOP('',(#130610,#130600,#130540,#130530));
#130630=FACE_OUTER_BOUND('',#130620,.T.);
#130640=ADVANCED_FACE('',(#130630),#130520,.F.);
#130650=CARTESIAN_POINT('',(47.435,49.43,13.6875));
#130660=DIRECTION('',(-0.707106781186547,-2.4155268595135E-16,
0.707106781186548));
#130670=DIRECTION('',(-0.707106781186548,-3.92523114670943E-16,
-0.707106781186547));
#130680=AXIS2_PLACEMENT_3D('',#130650,#130660,#130670);
#130690=PLANE('',#130680);
#130700=ORIENTED_EDGE('',*,*,#14830,.F.);
#130710=ORIENTED_EDGE('',*,*,#130590,.F.);
#130720=ORIENTED_EDGE('',*,*,#7480,.F.);
#130730=CARTESIAN_POINT('',(47.46,49.215,13.7125));
#130740=DIRECTION('',(0.,1.,-4.13106241720989E-15));
#130750=VECTOR('',#130740,1.);
#130760=LINE('',#130730,#130750);
#130770=EDGE_CURVE('',#14820,#7390,#130760,.T.);
#130780=ORIENTED_EDGE('',*,*,#130770,.T.);
#130790=EDGE_LOOP('',(#130780,#130720,#130710,#130700));
#130800=FACE_OUTER_BOUND('',#130790,.T.);
#130810=ADVANCED_FACE('',(#130800),#130690,.T.);
#130820=CARTESIAN_POINT('',(47.46,49.215,13.7125));
#130830=DIRECTION('',(-1.,-3.41607084500048E-16,-0.));
#130840=DIRECTION('',(-3.41607084500048E-16,1.,0.));
#130850=AXIS2_PLACEMENT_3D('',#130820,#130830,#130840);
#130860=PLANE('',#130850);
#130870=ORIENTED_EDGE('',*,*,#7400,.T.);
#130880=CARTESIAN_POINT('',(47.46,49.645,13.725));
#130890=DIRECTION('',(0.,-1.,0.));
#130900=VECTOR('',#130890,1.);
#130910=LINE('',#130880,#130900);
#130920=CARTESIAN_POINT('',(47.46,49.235,13.725));
#130930=VERTEX_POINT('',#130920);
#130940=EDGE_CURVE('',#7310,#130930,#130910,.T.);
#130950=ORIENTED_EDGE('',*,*,#130940,.F.);
#130960=CARTESIAN_POINT('',(47.46,49.235,13.725));
#130970=DIRECTION('',(0.,0.,1.));
#130980=VECTOR('',#130970,1.);
#130990=LINE('',#130960,#130980);
#131000=CARTESIAN_POINT('',(47.46,49.235,13.875));
#131010=VERTEX_POINT('',#131000);
#131020=EDGE_CURVE('',#130930,#131010,#130990,.T.);
#131030=ORIENTED_EDGE('',*,*,#131020,.F.);
#131040=CARTESIAN_POINT('',(47.46,49.645,13.875));
#131050=DIRECTION('',(0.,-1.,0.));
#131060=VECTOR('',#131050,1.);
#131070=LINE('',#131040,#131060);
#131080=EDGE_CURVE('',#7070,#131010,#131070,.T.);
#131090=ORIENTED_EDGE('',*,*,#131080,.T.);
#131100=ORIENTED_EDGE('',*,*,#7080,.T.);
#131110=CARTESIAN_POINT('',(47.46,49.645,13.8875));
#131120=DIRECTION('',(0.,-1.,0.));
#131130=VECTOR('',#131120,1.);
#131140=LINE('',#131110,#131130);
#131150=EDGE_CURVE('',#6990,#14900,#131140,.T.);
#131160=ORIENTED_EDGE('',*,*,#131150,.F.);
#131170=ORIENTED_EDGE('',*,*,#14910,.F.);
#131180=ORIENTED_EDGE('',*,*,#130770,.F.);
#131190=EDGE_LOOP('',(#131180,#131170,#131160,#131100,#131090,#131030,
#130950,#130870));
#131200=FACE_OUTER_BOUND('',#131190,.T.);
#131210=ADVANCED_FACE('',(#131200),#130860,.T.);
#131220=CARTESIAN_POINT('',(48.0687715809733,49.745,13.725));
#131230=DIRECTION('',(-0.,-0.,1.));
#131240=DIRECTION('',(1.,0.,-0.));
#131250=AXIS2_PLACEMENT_3D('',#131220,#131230,#131240);
#131260=PLANE('',#131250);
#131270=CARTESIAN_POINT('',(46.86,49.255,13.725));
#131280=DIRECTION('',(0.,0.,-1.));
#131290=DIRECTION('',(7.10542735760141E-13,-1.,0.));
#131300=AXIS2_PLACEMENT_3D('',#131270,#131280,#131290);
#131310=CIRCLE('',#131300,0.05);
#131320=CARTESIAN_POINT('',(46.86,49.205,13.725));
#131330=VERTEX_POINT('',#131320);
#131340=CARTESIAN_POINT('',(46.81,49.255,13.725));
#131350=VERTEX_POINT('',#131340);
#131360=EDGE_CURVE('',#131330,#131350,#131310,.T.);
#131370=ORIENTED_EDGE('',*,*,#131360,.T.);
#131380=CARTESIAN_POINT('',(47.24,49.225,13.725));
#131390=DIRECTION('',(-0.998617829332511,-0.052558833122745,0.));
#131400=VECTOR('',#131390,1.);
#131410=LINE('',#131380,#131400);
#131420=CARTESIAN_POINT('',(47.24,49.225,13.725));
#131430=VERTEX_POINT('',#131420);
#131440=EDGE_CURVE('',#131430,#131330,#131410,.T.);
#131450=ORIENTED_EDGE('',*,*,#131440,.T.);
#131460=CARTESIAN_POINT('',(47.34,49.265,13.725));
#131470=DIRECTION('',(-0.928476690885273,-0.37139067635407,0.));
#131480=VECTOR('',#131470,1.);
#131490=LINE('',#131460,#131480);
#131500=CARTESIAN_POINT('',(47.34,49.265,13.725));
#131510=VERTEX_POINT('',#131500);
#131520=EDGE_CURVE('',#131510,#131430,#131490,.T.);
#131530=ORIENTED_EDGE('',*,*,#131520,.T.);
#131540=CARTESIAN_POINT('',(47.34,49.265,13.725));
#131550=DIRECTION('',(1.,0.,0.));
#131560=VECTOR('',#131550,1.);
#131570=LINE('',#131540,#131560);
#131580=CARTESIAN_POINT('',(47.38,49.265,13.725));
#131590=VERTEX_POINT('',#131580);
#131600=EDGE_CURVE('',#131510,#131590,#131570,.T.);
#131610=ORIENTED_EDGE('',*,*,#131600,.F.);
#131620=CARTESIAN_POINT('',(47.38,49.235,13.725));
#131630=DIRECTION('',(0.,0.,1.));
#131640=DIRECTION('',(1.,0.,0.));
#131650=AXIS2_PLACEMENT_3D('',#131620,#131630,#131640);
#131660=CIRCLE('',#131650,0.03);
#131670=CARTESIAN_POINT('',(47.41,49.235,13.725));
#131680=VERTEX_POINT('',#131670);
#131690=EDGE_CURVE('',#131680,#131590,#131660,.T.);
#131700=ORIENTED_EDGE('',*,*,#131690,.T.);
#131710=CARTESIAN_POINT('',(47.41,49.235,13.725));
#131720=DIRECTION('',(1.,0.,0.));
#131730=VECTOR('',#131720,1.);
#131740=LINE('',#131710,#131730);
#131750=EDGE_CURVE('',#131680,#130930,#131740,.T.);
#131760=ORIENTED_EDGE('',*,*,#131750,.F.);
#131770=ORIENTED_EDGE('',*,*,#130940,.T.);
#131780=ORIENTED_EDGE('',*,*,#7320,.T.);
#131790=CARTESIAN_POINT('',(47.36,49.485,13.725));
#131800=DIRECTION('',(0.,1.,0.));
#131810=VECTOR('',#131800,1.);
#131820=LINE('',#131790,#131810);
#131830=CARTESIAN_POINT('',(47.36,49.485,13.725));
#131840=VERTEX_POINT('',#131830);
#131850=EDGE_CURVE('',#131840,#7230,#131820,.T.);
#131860=ORIENTED_EDGE('',*,*,#131850,.T.);
#131870=CARTESIAN_POINT('',(47.36,49.425,13.725));
#131880=DIRECTION('',(0.,0.,1.));
#131890=DIRECTION('',(7.10542735760073E-13,-1.,0.));
#131900=AXIS2_PLACEMENT_3D('',#131870,#131880,#131890);
#131910=CIRCLE('',#131900,0.06);
#131920=CARTESIAN_POINT('',(47.36,49.365,13.725));
#131930=VERTEX_POINT('',#131920);
#131940=EDGE_CURVE('',#131930,#131840,#131910,.T.);
#131950=ORIENTED_EDGE('',*,*,#131940,.T.);
#131960=CARTESIAN_POINT('',(46.81,49.365,13.725));
#131970=DIRECTION('',(1.,0.,0.));
#131980=VECTOR('',#131970,1.);
#131990=LINE('',#131960,#131980);
#132000=CARTESIAN_POINT('',(46.81,49.365,13.725));
#132010=VERTEX_POINT('',#132000);
#132020=EDGE_CURVE('',#132010,#131930,#131990,.T.);
#132030=ORIENTED_EDGE('',*,*,#132020,.T.);
#132040=CARTESIAN_POINT('',(46.81,49.255,13.725));
#132050=DIRECTION('',(0.,1.,0.));
#132060=VECTOR('',#132050,1.);
#132070=LINE('',#132040,#132060);
#132080=EDGE_CURVE('',#131350,#132010,#132070,.T.);
#132090=ORIENTED_EDGE('',*,*,#132080,.T.);
#132100=EDGE_LOOP('',(#132090,#132030,#131950,#131860,#131780,#131770,
#131760,#131700,#131610,#131530,#131450,#131370));
#132110=FACE_OUTER_BOUND('',#132100,.T.);
#132120=ADVANCED_FACE('',(#132110),#131260,.F.);
#132130=CARTESIAN_POINT('',(46.81,49.255,13.875));
#132140=DIRECTION('',(1.,-0.,-0.));
#132150=DIRECTION('',(-0.,-1.,0.));
#132160=AXIS2_PLACEMENT_3D('',#132130,#132140,#132150);
#132170=PLANE('',#132160);
#132180=CARTESIAN_POINT('',(46.81,49.255,13.875));
#132190=DIRECTION('',(0.,1.,0.));
#132200=VECTOR('',#132190,1.);
#132210=LINE('',#132180,#132200);
#132220=CARTESIAN_POINT('',(46.81,49.255,13.875));
#132230=VERTEX_POINT('',#132220);
#132240=CARTESIAN_POINT('',(46.81,49.365,13.875));
#132250=VERTEX_POINT('',#132240);
#132260=EDGE_CURVE('',#132230,#132250,#132210,.T.);
#132270=ORIENTED_EDGE('',*,*,#132260,.T.);
#132280=CARTESIAN_POINT('',(46.81,49.255,13.875));
#132290=DIRECTION('',(0.,0.,-1.));
#132300=VECTOR('',#132290,1.);
#132310=LINE('',#132280,#132300);
#132320=EDGE_CURVE('',#132230,#131350,#132310,.T.);
#132330=ORIENTED_EDGE('',*,*,#132320,.F.);
#132340=ORIENTED_EDGE('',*,*,#132080,.F.);
#132350=CARTESIAN_POINT('',(46.81,49.365,13.725));
#132360=DIRECTION('',(0.,0.,1.));
#132370=VECTOR('',#132360,1.);
#132380=LINE('',#132350,#132370);
#132390=EDGE_CURVE('',#132010,#132250,#132380,.T.);
#132400=ORIENTED_EDGE('',*,*,#132390,.F.);
#132410=EDGE_LOOP('',(#132400,#132340,#132330,#132270));
#132420=FACE_OUTER_BOUND('',#132410,.T.);
#132430=ADVANCED_FACE('',(#132420),#132170,.F.);
#132440=CARTESIAN_POINT('',(46.81,49.365,13.875));
#132450=DIRECTION('',(-0.,-1.,-0.));
#132460=DIRECTION('',(-1.,0.,0.));
#132470=AXIS2_PLACEMENT_3D('',#132440,#132450,#132460);
#132480=PLANE('',#132470);
#132490=CARTESIAN_POINT('',(46.81,49.365,13.875));
#132500=DIRECTION('',(1.,0.,0.));
#132510=VECTOR('',#132500,1.);
#132520=LINE('',#132490,#132510);
#132530=CARTESIAN_POINT('',(47.36,49.365,13.875));
#132540=VERTEX_POINT('',#132530);
#132550=EDGE_CURVE('',#132250,#132540,#132520,.T.);
#132560=ORIENTED_EDGE('',*,*,#132550,.T.);
#132570=ORIENTED_EDGE('',*,*,#132390,.T.);
#132580=ORIENTED_EDGE('',*,*,#132020,.F.);
#132590=CARTESIAN_POINT('',(47.36,49.365,13.725));
#132600=DIRECTION('',(0.,0.,1.));
#132610=VECTOR('',#132600,1.);
#132620=LINE('',#132590,#132610);
#132630=EDGE_CURVE('',#131930,#132540,#132620,.T.);
#132640=ORIENTED_EDGE('',*,*,#132630,.F.);
#132650=EDGE_LOOP('',(#132640,#132580,#132570,#132560));
#132660=FACE_OUTER_BOUND('',#132650,.T.);
#132670=ADVANCED_FACE('',(#132660),#132480,.F.);
#132680=CARTESIAN_POINT('',(47.36,49.425,13.875));
#132690=DIRECTION('',(-0.,-0.,-1.));
#132700=DIRECTION('',(-1.,0.,0.));
#132710=AXIS2_PLACEMENT_3D('',#132680,#132690,#132700);
#132720=CYLINDRICAL_SURFACE('',#132710,0.06);
#132730=CARTESIAN_POINT('',(47.36,49.425,13.875));
#132740=DIRECTION('',(0.,0.,-1.));
#132750=DIRECTION('',(1.,0.,0.));
#132760=AXIS2_PLACEMENT_3D('',#132730,#132740,#132750);
#132770=CIRCLE('',#132760,0.06);
#132780=CARTESIAN_POINT('',(47.36,49.485,13.875));
#132790=VERTEX_POINT('',#132780);
#132800=EDGE_CURVE('',#132790,#132540,#132770,.T.);
#132810=ORIENTED_EDGE('',*,*,#132800,.F.);
#132820=ORIENTED_EDGE('',*,*,#132630,.T.);
#132830=ORIENTED_EDGE('',*,*,#131940,.F.);
#132840=CARTESIAN_POINT('',(47.36,49.485,13.875));
#132850=DIRECTION('',(0.,0.,-1.));
#132860=VECTOR('',#132850,1.);
#132870=LINE('',#132840,#132860);
#132880=EDGE_CURVE('',#132790,#131840,#132870,.T.);
#132890=ORIENTED_EDGE('',*,*,#132880,.T.);
#132900=EDGE_LOOP('',(#132890,#132830,#132820,#132810));
#132910=FACE_OUTER_BOUND('',#132900,.T.);
#132920=ADVANCED_FACE('',(#132910),#132720,.F.);
#132930=CARTESIAN_POINT('',(47.36,49.485,13.875));
#132940=DIRECTION('',(1.,-0.,-0.));
#132950=DIRECTION('',(-0.,-1.,0.));
#132960=AXIS2_PLACEMENT_3D('',#132930,#132940,#132950);
#132970=PLANE('',#132960);
#132980=CARTESIAN_POINT('',(47.36,49.485,13.875));
#132990=DIRECTION('',(0.,1.,0.));
#133000=VECTOR('',#132990,1.);
#133010=LINE('',#132980,#133000);
#133020=EDGE_CURVE('',#132790,#7150,#133010,.T.);
#133030=ORIENTED_EDGE('',*,*,#133020,.T.);
#133040=ORIENTED_EDGE('',*,*,#132880,.F.);
#133050=ORIENTED_EDGE('',*,*,#131850,.F.);
#133060=ORIENTED_EDGE('',*,*,#7240,.F.);
#133070=EDGE_LOOP('',(#133060,#133050,#133040,#133030));
#133080=FACE_OUTER_BOUND('',#133070,.T.);
#133090=ADVANCED_FACE('',(#133080),#132970,.F.);
#133100=CARTESIAN_POINT('',(48.0687715809733,49.745,13.875));
#133110=DIRECTION('',(-0.,-0.,1.));
#133120=DIRECTION('',(1.,0.,-0.));
#133130=AXIS2_PLACEMENT_3D('',#133100,#133110,#133120);
#133140=PLANE('',#133130);
#133150=ORIENTED_EDGE('',*,*,#132260,.F.);
#133160=ORIENTED_EDGE('',*,*,#132550,.F.);
#133170=ORIENTED_EDGE('',*,*,#132800,.T.);
#133180=ORIENTED_EDGE('',*,*,#133020,.F.);
#133190=ORIENTED_EDGE('',*,*,#7160,.F.);
#133200=ORIENTED_EDGE('',*,*,#131080,.F.);
#133210=CARTESIAN_POINT('',(47.41,49.235,13.875));
#133220=DIRECTION('',(1.,0.,0.));
#133230=VECTOR('',#133220,1.);
#133240=LINE('',#133210,#133230);
#133250=CARTESIAN_POINT('',(47.41,49.235,13.875));
#133260=VERTEX_POINT('',#133250);
#133270=EDGE_CURVE('',#133260,#131010,#133240,.T.);
#133280=ORIENTED_EDGE('',*,*,#133270,.T.);
#133290=CARTESIAN_POINT('',(47.38,49.235,13.875));
#133300=DIRECTION('',(0.,0.,-1.));
#133310=DIRECTION('',(0.,1.,0.));
#133320=AXIS2_PLACEMENT_3D('',#133290,#133300,#133310);
#133330=CIRCLE('',#133320,0.03);
#133340=CARTESIAN_POINT('',(47.38,49.265,13.875));
#133350=VERTEX_POINT('',#133340);
#133360=EDGE_CURVE('',#133350,#133260,#133330,.T.);
#133370=ORIENTED_EDGE('',*,*,#133360,.T.);
#133380=CARTESIAN_POINT('',(47.34,49.265,13.875));
#133390=DIRECTION('',(1.,0.,0.));
#133400=VECTOR('',#133390,1.);
#133410=LINE('',#133380,#133400);
#133420=CARTESIAN_POINT('',(47.34,49.265,13.875));
#133430=VERTEX_POINT('',#133420);
#133440=EDGE_CURVE('',#133430,#133350,#133410,.T.);
#133450=ORIENTED_EDGE('',*,*,#133440,.T.);
#133460=CARTESIAN_POINT('',(47.24,49.225,13.875));
#133470=DIRECTION('',(0.928476690885273,0.37139067635407,0.));
#133480=VECTOR('',#133470,1.);
#133490=LINE('',#133460,#133480);
#133500=CARTESIAN_POINT('',(47.24,49.225,13.875));
#133510=VERTEX_POINT('',#133500);
#133520=EDGE_CURVE('',#133510,#133430,#133490,.T.);
#133530=ORIENTED_EDGE('',*,*,#133520,.T.);
#133540=CARTESIAN_POINT('',(46.86,49.205,13.875));
#133550=DIRECTION('',(0.998617829332511,0.052558833122745,0.));
#133560=VECTOR('',#133550,1.);
#133570=LINE('',#133540,#133560);
#133580=CARTESIAN_POINT('',(46.8599999999999,49.205,13.875));
#133590=VERTEX_POINT('',#133580);
#133600=EDGE_CURVE('',#133590,#133510,#133570,.T.);
#133610=ORIENTED_EDGE('',*,*,#133600,.T.);
#133620=CARTESIAN_POINT('',(46.86,49.255,13.875));
#133630=DIRECTION('',(0.,0.,1.));
#133640=DIRECTION('',(-1.,0.,0.));
#133650=AXIS2_PLACEMENT_3D('',#133620,#133630,#133640);
#133660=CIRCLE('',#133650,0.05);
#133670=EDGE_CURVE('',#132230,#133590,#133660,.T.);
#133680=ORIENTED_EDGE('',*,*,#133670,.T.);
#133690=EDGE_LOOP('',(#133680,#133610,#133530,#133450,#133370,#133280,
#133200,#133190,#133180,#133170,#133160,#133150));
#133700=FACE_OUTER_BOUND('',#133690,.T.);
#133710=ADVANCED_FACE('',(#133700),#133140,.T.);
#133720=CARTESIAN_POINT('',(46.86,49.255,13.875));
#133730=DIRECTION('',(-0.,-0.,1.));
#133740=DIRECTION('',(1.,0.,0.));
#133750=AXIS2_PLACEMENT_3D('',#133720,#133730,#133740);
#133760=CYLINDRICAL_SURFACE('',#133750,0.05);
#133770=ORIENTED_EDGE('',*,*,#133670,.F.);
#133780=CARTESIAN_POINT('',(46.86,49.205,13.725));
#133790=DIRECTION('',(0.,0.,1.));
#133800=VECTOR('',#133790,1.);
#133810=LINE('',#133780,#133800);
#133820=EDGE_CURVE('',#131330,#133590,#133810,.T.);
#133830=ORIENTED_EDGE('',*,*,#133820,.T.);
#133840=ORIENTED_EDGE('',*,*,#131360,.F.);
#133850=ORIENTED_EDGE('',*,*,#132320,.T.);
#133860=EDGE_LOOP('',(#133850,#133840,#133830,#133770));
#133870=FACE_OUTER_BOUND('',#133860,.T.);
#133880=ADVANCED_FACE('',(#133870),#133760,.T.);
#133890=CARTESIAN_POINT('',(47.24,49.225,13.875));
#133900=DIRECTION('',(-0.0525588331227304,0.998617829332512,-0.));
#133910=DIRECTION('',(0.998617829332512,0.0525588331227304,-0.));
#133920=AXIS2_PLACEMENT_3D('',#133890,#133900,#133910);
#133930=PLANE('',#133920);
#133940=ORIENTED_EDGE('',*,*,#133600,.F.);
#133950=CARTESIAN_POINT('',(47.24,49.225,13.725));
#133960=DIRECTION('',(0.,0.,1.));
#133970=VECTOR('',#133960,1.);
#133980=LINE('',#133950,#133970);
#133990=EDGE_CURVE('',#131430,#133510,#133980,.T.);
#134000=ORIENTED_EDGE('',*,*,#133990,.T.);
#134010=ORIENTED_EDGE('',*,*,#131440,.F.);
#134020=ORIENTED_EDGE('',*,*,#133820,.F.);
#134030=EDGE_LOOP('',(#134020,#134010,#134000,#133940));
#134040=FACE_OUTER_BOUND('',#134030,.T.);
#134050=ADVANCED_FACE('',(#134040),#133930,.F.);
#134060=CARTESIAN_POINT('',(47.34,49.265,13.875));
#134070=DIRECTION('',(-0.371390676354106,0.928476690885259,-0.));
#134080=DIRECTION('',(0.928476690885258,0.371390676354106,-0.));
#134090=AXIS2_PLACEMENT_3D('',#134060,#134070,#134080);
#134100=PLANE('',#134090);
#134110=ORIENTED_EDGE('',*,*,#133520,.F.);
#134120=CARTESIAN_POINT('',(47.34,49.265,13.725));
#134130=DIRECTION('',(0.,0.,1.));
#134140=VECTOR('',#134130,1.);
#134150=LINE('',#134120,#134140);
#134160=EDGE_CURVE('',#131510,#133430,#134150,.T.);
#134170=ORIENTED_EDGE('',*,*,#134160,.T.);
#134180=ORIENTED_EDGE('',*,*,#131520,.F.);
#134190=ORIENTED_EDGE('',*,*,#133990,.F.);
#134200=EDGE_LOOP('',(#134190,#134180,#134170,#134110));
#134210=FACE_OUTER_BOUND('',#134200,.T.);
#134220=ADVANCED_FACE('',(#134210),#134100,.F.);
#134230=CARTESIAN_POINT('',(47.38,49.265,13.875));
#134240=DIRECTION('',(-0.,1.,-0.));
#134250=DIRECTION('',(1.,-0.,0.));
#134260=AXIS2_PLACEMENT_3D('',#134230,#134240,#134250);
#134270=PLANE('',#134260);
#134280=ORIENTED_EDGE('',*,*,#133440,.F.);
#134290=CARTESIAN_POINT('',(47.38,49.265,13.875));
#134300=DIRECTION('',(0.,0.,-1.));
#134310=VECTOR('',#134300,1.);
#134320=LINE('',#134290,#134310);
#134330=EDGE_CURVE('',#133350,#131590,#134320,.T.);
#134340=ORIENTED_EDGE('',*,*,#134330,.F.);
#134350=ORIENTED_EDGE('',*,*,#131600,.T.);
#134360=ORIENTED_EDGE('',*,*,#134160,.F.);
#134370=EDGE_LOOP('',(#134360,#134350,#134340,#134280));
#134380=FACE_OUTER_BOUND('',#134370,.T.);
#134390=ADVANCED_FACE('',(#134380),#134270,.F.);
#134400=CARTESIAN_POINT('',(47.38,49.235,13.875));
#134410=DIRECTION('',(-0.,-0.,-1.));
#134420=DIRECTION('',(-1.,0.,0.));
#134430=AXIS2_PLACEMENT_3D('',#134400,#134410,#134420);
#134440=CYLINDRICAL_SURFACE('',#134430,0.03);
#134450=ORIENTED_EDGE('',*,*,#133360,.F.);
#134460=CARTESIAN_POINT('',(47.41,49.235,13.725));
#134470=DIRECTION('',(0.,0.,1.));
#134480=VECTOR('',#134470,1.);
#134490=LINE('',#134460,#134480);
#134500=EDGE_CURVE('',#131680,#133260,#134490,.T.);
#134510=ORIENTED_EDGE('',*,*,#134500,.T.);
#134520=ORIENTED_EDGE('',*,*,#131690,.F.);
#134530=ORIENTED_EDGE('',*,*,#134330,.T.);
#134540=EDGE_LOOP('',(#134530,#134520,#134510,#134450));
#134550=FACE_OUTER_BOUND('',#134540,.T.);
#134560=ADVANCED_FACE('',(#134550),#134440,.F.);
#134570=CARTESIAN_POINT('',(47.51,49.235,13.875));
#134580=DIRECTION('',(5.96744875736022E-15,1.,-0.));
#134590=DIRECTION('',(1.,-5.96744875736022E-15,0.));
#134600=AXIS2_PLACEMENT_3D('',#134570,#134580,#134590);
#134610=PLANE('',#134600);
#134620=ORIENTED_EDGE('',*,*,#133270,.F.);
#134630=ORIENTED_EDGE('',*,*,#131020,.T.);
#134640=ORIENTED_EDGE('',*,*,#131750,.T.);
#134650=ORIENTED_EDGE('',*,*,#134500,.F.);
#134660=EDGE_LOOP('',(#134650,#134640,#134630,#134620));
#134670=FACE_OUTER_BOUND('',#134660,.T.);
#134680=ADVANCED_FACE('',(#134670),#134610,.F.);
#134690=CARTESIAN_POINT('',(47.435,49.43,13.9125));
#134700=DIRECTION('',(0.707106781186546,2.4155268595135E-16,
0.707106781186549));
#134710=DIRECTION('',(-0.707106781186549,-3.92523114670943E-16,
0.707106781186546));
#134720=AXIS2_PLACEMENT_3D('',#134690,#134700,#134710);
#134730=PLANE('',#134720);
#134740=ORIENTED_EDGE('',*,*,#7000,.F.);
#134750=CARTESIAN_POINT('',(47.41,49.215,13.9375));
#134760=DIRECTION('',(0.,1.,0.));
#134770=VECTOR('',#134760,1.);
#134780=LINE('',#134750,#134770);
#134790=EDGE_CURVE('',#14980,#6910,#134780,.T.);
#134800=ORIENTED_EDGE('',*,*,#134790,.T.);
#134810=ORIENTED_EDGE('',*,*,#14990,.F.);
#134820=ORIENTED_EDGE('',*,*,#131150,.T.);
#134830=EDGE_LOOP('',(#134820,#134810,#134800,#134740));
#134840=FACE_OUTER_BOUND('',#134830,.T.);
#134850=ADVANCED_FACE('',(#134840),#134730,.F.);
#134860=CARTESIAN_POINT('',(47.41,49.215,14.4));
#134870=DIRECTION('',(1.,3.41607084500048E-16,-0.));
#134880=DIRECTION('',(3.41607084500048E-16,-1.,0.));
#134890=AXIS2_PLACEMENT_3D('',#134860,#134870,#134880);
#134900=PLANE('',#134890);
#134910=ORIENTED_EDGE('',*,*,#134790,.F.);
#134920=ORIENTED_EDGE('',*,*,#6920,.F.);
#134930=CARTESIAN_POINT('',(47.41,49.215,14.0625));
#134940=DIRECTION('',(0.,1.,0.));
#134950=VECTOR('',#134940,1.);
#134960=LINE('',#134930,#134950);
#134970=EDGE_CURVE('',#15060,#6830,#134960,.T.);
#134980=ORIENTED_EDGE('',*,*,#134970,.T.);
#134990=ORIENTED_EDGE('',*,*,#15070,.T.);
#135000=EDGE_LOOP('',(#134990,#134980,#134920,#134910));
#135010=FACE_OUTER_BOUND('',#135000,.T.);
#135020=ADVANCED_FACE('',(#135010),#134900,.F.);
#135030=CARTESIAN_POINT('',(47.435,49.43,14.0875));
#135040=DIRECTION('',(-0.707106781186546,-2.4155268595135E-16,
0.707106781186549));
#135050=DIRECTION('',(-0.707106781186549,-3.92523114670943E-16,
-0.707106781186546));
#135060=AXIS2_PLACEMENT_3D('',#135030,#135040,#135050);
#135070=PLANE('',#135060);
#135080=ORIENTED_EDGE('',*,*,#15150,.F.);
#135090=ORIENTED_EDGE('',*,*,#134970,.F.);
#135100=ORIENTED_EDGE('',*,*,#6840,.F.);
#135110=CARTESIAN_POINT('',(47.46,49.215,14.1125));
#135120=DIRECTION('',(0.,1.,0.));
#135130=VECTOR('',#135120,1.);
#135140=LINE('',#135110,#135130);
#135150=EDGE_CURVE('',#15140,#6750,#135140,.T.);
#135160=ORIENTED_EDGE('',*,*,#135150,.T.);
#135170=EDGE_LOOP('',(#135160,#135100,#135090,#135080));
#135180=FACE_OUTER_BOUND('',#135170,.T.);
#135190=ADVANCED_FACE('',(#135180),#135070,.T.);
#135200=CARTESIAN_POINT('',(47.46,49.215,14.1125));
#135210=DIRECTION('',(-1.,-3.41607084500048E-16,-0.));
#135220=DIRECTION('',(-3.41607084500048E-16,1.,0.));
#135230=AXIS2_PLACEMENT_3D('',#135200,#135210,#135220);
#135240=PLANE('',#135230);
#135250=ORIENTED_EDGE('',*,*,#6760,.T.);
#135260=CARTESIAN_POINT('',(47.46,49.645,14.125));
#135270=DIRECTION('',(0.,-1.,0.));
#135280=VECTOR('',#135270,1.);
#135290=LINE('',#135260,#135280);
#135300=CARTESIAN_POINT('',(47.46,49.235,14.125));
#135310=VERTEX_POINT('',#135300);
#135320=EDGE_CURVE('',#6670,#135310,#135290,.T.);
#135330=ORIENTED_EDGE('',*,*,#135320,.F.);
#135340=CARTESIAN_POINT('',(47.46,49.235,14.125));
#135350=DIRECTION('',(0.,0.,1.));
#135360=VECTOR('',#135350,1.);
#135370=LINE('',#135340,#135360);
#135380=CARTESIAN_POINT('',(47.46,49.235,14.275));
#135390=VERTEX_POINT('',#135380);
#135400=EDGE_CURVE('',#135310,#135390,#135370,.T.);
#135410=ORIENTED_EDGE('',*,*,#135400,.F.);
#135420=CARTESIAN_POINT('',(47.46,49.645,14.275));
#135430=DIRECTION('',(0.,-1.,0.));
#135440=VECTOR('',#135430,1.);
#135450=LINE('',#135420,#135440);
#135460=EDGE_CURVE('',#6430,#135390,#135450,.T.);
#135470=ORIENTED_EDGE('',*,*,#135460,.T.);
#135480=ORIENTED_EDGE('',*,*,#6440,.T.);
#135490=CARTESIAN_POINT('',(47.46,49.645,14.2875));
#135500=DIRECTION('',(0.,-1.,-4.13106241720989E-15));
#135510=VECTOR('',#135500,1.);
#135520=LINE('',#135490,#135510);
#135530=EDGE_CURVE('',#6350,#15220,#135520,.T.);
#135540=ORIENTED_EDGE('',*,*,#135530,.F.);
#135550=ORIENTED_EDGE('',*,*,#15230,.F.);
#135560=ORIENTED_EDGE('',*,*,#135150,.F.);
#135570=EDGE_LOOP('',(#135560,#135550,#135540,#135480,#135470,#135410,
#135330,#135250));
#135580=FACE_OUTER_BOUND('',#135570,.T.);
#135590=ADVANCED_FACE('',(#135580),#135240,.T.);
#135600=CARTESIAN_POINT('',(48.0687715809733,49.745,14.125));
#135610=DIRECTION('',(-0.,-0.,1.));
#135620=DIRECTION('',(1.,0.,-0.));
#135630=AXIS2_PLACEMENT_3D('',#135600,#135610,#135620);
#135640=PLANE('',#135630);
#135650=CARTESIAN_POINT('',(46.86,49.255,14.125));
#135660=DIRECTION('',(0.,0.,-1.));
#135670=DIRECTION('',(7.10542735760141E-13,-1.,0.));
#135680=AXIS2_PLACEMENT_3D('',#135650,#135660,#135670);
#135690=CIRCLE('',#135680,0.05);
#135700=CARTESIAN_POINT('',(46.86,49.205,14.125));
#135710=VERTEX_POINT('',#135700);
#135720=CARTESIAN_POINT('',(46.81,49.255,14.125));
#135730=VERTEX_POINT('',#135720);
#135740=EDGE_CURVE('',#135710,#135730,#135690,.T.);
#135750=ORIENTED_EDGE('',*,*,#135740,.T.);
#135760=CARTESIAN_POINT('',(47.24,49.225,14.125));
#135770=DIRECTION('',(-0.998617829332511,-0.052558833122745,0.));
#135780=VECTOR('',#135770,1.);
#135790=LINE('',#135760,#135780);
#135800=CARTESIAN_POINT('',(47.24,49.225,14.125));
#135810=VERTEX_POINT('',#135800);
#135820=EDGE_CURVE('',#135810,#135710,#135790,.T.);
#135830=ORIENTED_EDGE('',*,*,#135820,.T.);
#135840=CARTESIAN_POINT('',(47.34,49.265,14.125));
#135850=DIRECTION('',(-0.928476690885273,-0.37139067635407,0.));
#135860=VECTOR('',#135850,1.);
#135870=LINE('',#135840,#135860);
#135880=CARTESIAN_POINT('',(47.34,49.265,14.125));
#135890=VERTEX_POINT('',#135880);
#135900=EDGE_CURVE('',#135890,#135810,#135870,.T.);
#135910=ORIENTED_EDGE('',*,*,#135900,.T.);
#135920=CARTESIAN_POINT('',(47.34,49.265,14.125));
#135930=DIRECTION('',(1.,0.,0.));
#135940=VECTOR('',#135930,1.);
#135950=LINE('',#135920,#135940);
#135960=CARTESIAN_POINT('',(47.38,49.265,14.125));
#135970=VERTEX_POINT('',#135960);
#135980=EDGE_CURVE('',#135890,#135970,#135950,.T.);
#135990=ORIENTED_EDGE('',*,*,#135980,.F.);
#136000=CARTESIAN_POINT('',(47.38,49.235,14.125));
#136010=DIRECTION('',(0.,0.,1.));
#136020=DIRECTION('',(1.,0.,0.));
#136030=AXIS2_PLACEMENT_3D('',#136000,#136010,#136020);
#136040=CIRCLE('',#136030,0.03);
#136050=CARTESIAN_POINT('',(47.41,49.235,14.125));
#136060=VERTEX_POINT('',#136050);
#136070=EDGE_CURVE('',#136060,#135970,#136040,.T.);
#136080=ORIENTED_EDGE('',*,*,#136070,.T.);
#136090=CARTESIAN_POINT('',(47.41,49.235,14.125));
#136100=DIRECTION('',(1.,0.,0.));
#136110=VECTOR('',#136100,1.);
#136120=LINE('',#136090,#136110);
#136130=EDGE_CURVE('',#136060,#135310,#136120,.T.);
#136140=ORIENTED_EDGE('',*,*,#136130,.F.);
#136150=ORIENTED_EDGE('',*,*,#135320,.T.);
#136160=ORIENTED_EDGE('',*,*,#6680,.T.);
#136170=CARTESIAN_POINT('',(47.36,49.485,14.125));
#136180=DIRECTION('',(0.,1.,0.));
#136190=VECTOR('',#136180,1.);
#136200=LINE('',#136170,#136190);
#136210=CARTESIAN_POINT('',(47.36,49.485,14.125));
#136220=VERTEX_POINT('',#136210);
#136230=EDGE_CURVE('',#136220,#6590,#136200,.T.);
#136240=ORIENTED_EDGE('',*,*,#136230,.T.);
#136250=CARTESIAN_POINT('',(47.36,49.425,14.125));
#136260=DIRECTION('',(0.,0.,1.));
#136270=DIRECTION('',(7.10542735760073E-13,-1.,0.));
#136280=AXIS2_PLACEMENT_3D('',#136250,#136260,#136270);
#136290=CIRCLE('',#136280,0.06);
#136300=CARTESIAN_POINT('',(47.36,49.365,14.125));
#136310=VERTEX_POINT('',#136300);
#136320=EDGE_CURVE('',#136310,#136220,#136290,.T.);
#136330=ORIENTED_EDGE('',*,*,#136320,.T.);
#136340=CARTESIAN_POINT('',(46.81,49.365,14.125));
#136350=DIRECTION('',(1.,0.,0.));
#136360=VECTOR('',#136350,1.);
#136370=LINE('',#136340,#136360);
#136380=CARTESIAN_POINT('',(46.81,49.365,14.125));
#136390=VERTEX_POINT('',#136380);
#136400=EDGE_CURVE('',#136390,#136310,#136370,.T.);
#136410=ORIENTED_EDGE('',*,*,#136400,.T.);
#136420=CARTESIAN_POINT('',(46.81,49.255,14.125));
#136430=DIRECTION('',(0.,1.,0.));
#136440=VECTOR('',#136430,1.);
#136450=LINE('',#136420,#136440);
#136460=EDGE_CURVE('',#135730,#136390,#136450,.T.);
#136470=ORIENTED_EDGE('',*,*,#136460,.T.);
#136480=EDGE_LOOP('',(#136470,#136410,#136330,#136240,#136160,#136150,
#136140,#136080,#135990,#135910,#135830,#135750));
#136490=FACE_OUTER_BOUND('',#136480,.T.);
#136500=ADVANCED_FACE('',(#136490),#135640,.F.);
#136510=CARTESIAN_POINT('',(46.81,49.255,14.275));
#136520=DIRECTION('',(1.,-0.,-0.));
#136530=DIRECTION('',(-0.,-1.,0.));
#136540=AXIS2_PLACEMENT_3D('',#136510,#136520,#136530);
#136550=PLANE('',#136540);
#136560=CARTESIAN_POINT('',(46.81,49.255,14.275));
#136570=DIRECTION('',(0.,1.,0.));
#136580=VECTOR('',#136570,1.);
#136590=LINE('',#136560,#136580);
#136600=CARTESIAN_POINT('',(46.81,49.255,14.275));
#136610=VERTEX_POINT('',#136600);
#136620=CARTESIAN_POINT('',(46.81,49.365,14.275));
#136630=VERTEX_POINT('',#136620);
#136640=EDGE_CURVE('',#136610,#136630,#136590,.T.);
#136650=ORIENTED_EDGE('',*,*,#136640,.T.);
#136660=CARTESIAN_POINT('',(46.81,49.255,14.275));
#136670=DIRECTION('',(0.,0.,-1.));
#136680=VECTOR('',#136670,1.);
#136690=LINE('',#136660,#136680);
#136700=EDGE_CURVE('',#136610,#135730,#136690,.T.);
#136710=ORIENTED_EDGE('',*,*,#136700,.F.);
#136720=ORIENTED_EDGE('',*,*,#136460,.F.);
#136730=CARTESIAN_POINT('',(46.81,49.365,14.125));
#136740=DIRECTION('',(0.,0.,1.));
#136750=VECTOR('',#136740,1.);
#136760=LINE('',#136730,#136750);
#136770=EDGE_CURVE('',#136390,#136630,#136760,.T.);
#136780=ORIENTED_EDGE('',*,*,#136770,.F.);
#136790=EDGE_LOOP('',(#136780,#136720,#136710,#136650));
#136800=FACE_OUTER_BOUND('',#136790,.T.);
#136810=ADVANCED_FACE('',(#136800),#136550,.F.);
#136820=CARTESIAN_POINT('',(46.81,49.365,14.275));
#136830=DIRECTION('',(-0.,-1.,-0.));
#136840=DIRECTION('',(-1.,0.,0.));
#136850=AXIS2_PLACEMENT_3D('',#136820,#136830,#136840);
#136860=PLANE('',#136850);
#136870=CARTESIAN_POINT('',(46.81,49.365,14.275));
#136880=DIRECTION('',(1.,0.,0.));
#136890=VECTOR('',#136880,1.);
#136900=LINE('',#136870,#136890);
#136910=CARTESIAN_POINT('',(47.36,49.365,14.275));
#136920=VERTEX_POINT('',#136910);
#136930=EDGE_CURVE('',#136630,#136920,#136900,.T.);
#136940=ORIENTED_EDGE('',*,*,#136930,.T.);
#136950=ORIENTED_EDGE('',*,*,#136770,.T.);
#136960=ORIENTED_EDGE('',*,*,#136400,.F.);
#136970=CARTESIAN_POINT('',(47.36,49.365,14.125));
#136980=DIRECTION('',(0.,0.,1.));
#136990=VECTOR('',#136980,1.);
#137000=LINE('',#136970,#136990);
#137010=EDGE_CURVE('',#136310,#136920,#137000,.T.);
#137020=ORIENTED_EDGE('',*,*,#137010,.F.);
#137030=EDGE_LOOP('',(#137020,#136960,#136950,#136940));
#137040=FACE_OUTER_BOUND('',#137030,.T.);
#137050=ADVANCED_FACE('',(#137040),#136860,.F.);
#137060=CARTESIAN_POINT('',(47.36,49.425,14.275));
#137070=DIRECTION('',(-0.,-0.,-1.));
#137080=DIRECTION('',(-1.,0.,0.));
#137090=AXIS2_PLACEMENT_3D('',#137060,#137070,#137080);
#137100=CYLINDRICAL_SURFACE('',#137090,0.06);
#137110=CARTESIAN_POINT('',(47.36,49.425,14.275));
#137120=DIRECTION('',(0.,0.,-1.));
#137130=DIRECTION('',(1.,0.,0.));
#137140=AXIS2_PLACEMENT_3D('',#137110,#137120,#137130);
#137150=CIRCLE('',#137140,0.06);
#137160=CARTESIAN_POINT('',(47.36,49.485,14.275));
#137170=VERTEX_POINT('',#137160);
#137180=EDGE_CURVE('',#137170,#136920,#137150,.T.);
#137190=ORIENTED_EDGE('',*,*,#137180,.F.);
#137200=ORIENTED_EDGE('',*,*,#137010,.T.);
#137210=ORIENTED_EDGE('',*,*,#136320,.F.);
#137220=CARTESIAN_POINT('',(47.36,49.485,14.275));
#137230=DIRECTION('',(0.,0.,-1.));
#137240=VECTOR('',#137230,1.);
#137250=LINE('',#137220,#137240);
#137260=EDGE_CURVE('',#137170,#136220,#137250,.T.);
#137270=ORIENTED_EDGE('',*,*,#137260,.T.);
#137280=EDGE_LOOP('',(#137270,#137210,#137200,#137190));
#137290=FACE_OUTER_BOUND('',#137280,.T.);
#137300=ADVANCED_FACE('',(#137290),#137100,.F.);
#137310=CARTESIAN_POINT('',(47.36,49.485,14.275));
#137320=DIRECTION('',(1.,-0.,-0.));
#137330=DIRECTION('',(-0.,-1.,0.));
#137340=AXIS2_PLACEMENT_3D('',#137310,#137320,#137330);
#137350=PLANE('',#137340);
#137360=CARTESIAN_POINT('',(47.36,49.485,14.275));
#137370=DIRECTION('',(0.,1.,0.));
#137380=VECTOR('',#137370,1.);
#137390=LINE('',#137360,#137380);
#137400=EDGE_CURVE('',#137170,#6510,#137390,.T.);
#137410=ORIENTED_EDGE('',*,*,#137400,.T.);
#137420=ORIENTED_EDGE('',*,*,#137260,.F.);
#137430=ORIENTED_EDGE('',*,*,#136230,.F.);
#137440=ORIENTED_EDGE('',*,*,#6600,.F.);
#137450=EDGE_LOOP('',(#137440,#137430,#137420,#137410));
#137460=FACE_OUTER_BOUND('',#137450,.T.);
#137470=ADVANCED_FACE('',(#137460),#137350,.F.);
#137480=CARTESIAN_POINT('',(48.0687715809733,49.745,14.275));
#137490=DIRECTION('',(-0.,-0.,1.));
#137500=DIRECTION('',(1.,0.,-0.));
#137510=AXIS2_PLACEMENT_3D('',#137480,#137490,#137500);
#137520=PLANE('',#137510);
#137530=ORIENTED_EDGE('',*,*,#136640,.F.);
#137540=ORIENTED_EDGE('',*,*,#136930,.F.);
#137550=ORIENTED_EDGE('',*,*,#137180,.T.);
#137560=ORIENTED_EDGE('',*,*,#137400,.F.);
#137570=ORIENTED_EDGE('',*,*,#6520,.F.);
#137580=ORIENTED_EDGE('',*,*,#135460,.F.);
#137590=CARTESIAN_POINT('',(47.41,49.235,14.275));
#137600=DIRECTION('',(1.,0.,0.));
#137610=VECTOR('',#137600,1.);
#137620=LINE('',#137590,#137610);
#137630=CARTESIAN_POINT('',(47.41,49.235,14.275));
#137640=VERTEX_POINT('',#137630);
#137650=EDGE_CURVE('',#137640,#135390,#137620,.T.);
#137660=ORIENTED_EDGE('',*,*,#137650,.T.);
#137670=CARTESIAN_POINT('',(47.38,49.235,14.275));
#137680=DIRECTION('',(0.,0.,-1.));
#137690=DIRECTION('',(0.,1.,0.));
#137700=AXIS2_PLACEMENT_3D('',#137670,#137680,#137690);
#137710=CIRCLE('',#137700,0.03);
#137720=CARTESIAN_POINT('',(47.38,49.265,14.275));
#137730=VERTEX_POINT('',#137720);
#137740=EDGE_CURVE('',#137730,#137640,#137710,.T.);
#137750=ORIENTED_EDGE('',*,*,#137740,.T.);
#137760=CARTESIAN_POINT('',(47.34,49.265,14.275));
#137770=DIRECTION('',(1.,0.,0.));
#137780=VECTOR('',#137770,1.);
#137790=LINE('',#137760,#137780);
#137800=CARTESIAN_POINT('',(47.34,49.265,14.275));
#137810=VERTEX_POINT('',#137800);
#137820=EDGE_CURVE('',#137810,#137730,#137790,.T.);
#137830=ORIENTED_EDGE('',*,*,#137820,.T.);
#137840=CARTESIAN_POINT('',(47.24,49.225,14.275));
#137850=DIRECTION('',(0.928476690885273,0.37139067635407,0.));
#137860=VECTOR('',#137850,1.);
#137870=LINE('',#137840,#137860);
#137880=CARTESIAN_POINT('',(47.24,49.225,14.275));
#137890=VERTEX_POINT('',#137880);
#137900=EDGE_CURVE('',#137890,#137810,#137870,.T.);
#137910=ORIENTED_EDGE('',*,*,#137900,.T.);
#137920=CARTESIAN_POINT('',(46.86,49.205,14.275));
#137930=DIRECTION('',(0.998617829332511,0.052558833122745,0.));
#137940=VECTOR('',#137930,1.);
#137950=LINE('',#137920,#137940);
#137960=CARTESIAN_POINT('',(46.8599999999999,49.205,14.275));
#137970=VERTEX_POINT('',#137960);
#137980=EDGE_CURVE('',#137970,#137890,#137950,.T.);
#137990=ORIENTED_EDGE('',*,*,#137980,.T.);
#138000=CARTESIAN_POINT('',(46.86,49.255,14.275));
#138010=DIRECTION('',(0.,0.,1.));
#138020=DIRECTION('',(-1.,0.,0.));
#138030=AXIS2_PLACEMENT_3D('',#138000,#138010,#138020);
#138040=CIRCLE('',#138030,0.05);
#138050=EDGE_CURVE('',#136610,#137970,#138040,.T.);
#138060=ORIENTED_EDGE('',*,*,#138050,.T.);
#138070=EDGE_LOOP('',(#138060,#137990,#137910,#137830,#137750,#137660,
#137580,#137570,#137560,#137550,#137540,#137530));
#138080=FACE_OUTER_BOUND('',#138070,.T.);
#138090=ADVANCED_FACE('',(#138080),#137520,.T.);
#138100=CARTESIAN_POINT('',(46.86,49.255,14.275));
#138110=DIRECTION('',(-0.,-0.,1.));
#138120=DIRECTION('',(1.,0.,0.));
#138130=AXIS2_PLACEMENT_3D('',#138100,#138110,#138120);
#138140=CYLINDRICAL_SURFACE('',#138130,0.05);
#138150=ORIENTED_EDGE('',*,*,#138050,.F.);
#138160=CARTESIAN_POINT('',(46.86,49.205,14.125));
#138170=DIRECTION('',(0.,0.,1.));
#138180=VECTOR('',#138170,1.);
#138190=LINE('',#138160,#138180);
#138200=EDGE_CURVE('',#135710,#137970,#138190,.T.);
#138210=ORIENTED_EDGE('',*,*,#138200,.T.);
#138220=ORIENTED_EDGE('',*,*,#135740,.F.);
#138230=ORIENTED_EDGE('',*,*,#136700,.T.);
#138240=EDGE_LOOP('',(#138230,#138220,#138210,#138150));
#138250=FACE_OUTER_BOUND('',#138240,.T.);
#138260=ADVANCED_FACE('',(#138250),#138140,.T.);
#138270=CARTESIAN_POINT('',(47.24,49.225,14.275));
#138280=DIRECTION('',(-0.0525588331227304,0.998617829332512,-0.));
#138290=DIRECTION('',(0.998617829332512,0.0525588331227304,-0.));
#138300=AXIS2_PLACEMENT_3D('',#138270,#138280,#138290);
#138310=PLANE('',#138300);
#138320=ORIENTED_EDGE('',*,*,#137980,.F.);
#138330=CARTESIAN_POINT('',(47.24,49.225,14.125));
#138340=DIRECTION('',(0.,0.,1.));
#138350=VECTOR('',#138340,1.);
#138360=LINE('',#138330,#138350);
#138370=EDGE_CURVE('',#135810,#137890,#138360,.T.);
#138380=ORIENTED_EDGE('',*,*,#138370,.T.);
#138390=ORIENTED_EDGE('',*,*,#135820,.F.);
#138400=ORIENTED_EDGE('',*,*,#138200,.F.);
#138410=EDGE_LOOP('',(#138400,#138390,#138380,#138320));
#138420=FACE_OUTER_BOUND('',#138410,.T.);
#138430=ADVANCED_FACE('',(#138420),#138310,.F.);
#138440=CARTESIAN_POINT('',(47.34,49.265,14.275));
#138450=DIRECTION('',(-0.371390676354106,0.928476690885259,-0.));
#138460=DIRECTION('',(0.928476690885258,0.371390676354106,-0.));
#138470=AXIS2_PLACEMENT_3D('',#138440,#138450,#138460);
#138480=PLANE('',#138470);
#138490=ORIENTED_EDGE('',*,*,#137900,.F.);
#138500=CARTESIAN_POINT('',(47.34,49.265,14.125));
#138510=DIRECTION('',(0.,0.,1.));
#138520=VECTOR('',#138510,1.);
#138530=LINE('',#138500,#138520);
#138540=EDGE_CURVE('',#135890,#137810,#138530,.T.);
#138550=ORIENTED_EDGE('',*,*,#138540,.T.);
#138560=ORIENTED_EDGE('',*,*,#135900,.F.);
#138570=ORIENTED_EDGE('',*,*,#138370,.F.);
#138580=EDGE_LOOP('',(#138570,#138560,#138550,#138490));
#138590=FACE_OUTER_BOUND('',#138580,.T.);
#138600=ADVANCED_FACE('',(#138590),#138480,.F.);
#138610=CARTESIAN_POINT('',(47.38,49.265,14.275));
#138620=DIRECTION('',(-0.,1.,-0.));
#138630=DIRECTION('',(1.,-0.,0.));
#138640=AXIS2_PLACEMENT_3D('',#138610,#138620,#138630);
#138650=PLANE('',#138640);
#138660=ORIENTED_EDGE('',*,*,#137820,.F.);
#138670=CARTESIAN_POINT('',(47.38,49.265,14.275));
#138680=DIRECTION('',(0.,0.,-1.));
#138690=VECTOR('',#138680,1.);
#138700=LINE('',#138670,#138690);
#138710=EDGE_CURVE('',#137730,#135970,#138700,.T.);
#138720=ORIENTED_EDGE('',*,*,#138710,.F.);
#138730=ORIENTED_EDGE('',*,*,#135980,.T.);
#138740=ORIENTED_EDGE('',*,*,#138540,.F.);
#138750=EDGE_LOOP('',(#138740,#138730,#138720,#138660));
#138760=FACE_OUTER_BOUND('',#138750,.T.);
#138770=ADVANCED_FACE('',(#138760),#138650,.F.);
#138780=CARTESIAN_POINT('',(47.38,49.235,14.275));
#138790=DIRECTION('',(-0.,-0.,-1.));
#138800=DIRECTION('',(-1.,0.,0.));
#138810=AXIS2_PLACEMENT_3D('',#138780,#138790,#138800);
#138820=CYLINDRICAL_SURFACE('',#138810,0.03);
#138830=ORIENTED_EDGE('',*,*,#137740,.F.);
#138840=CARTESIAN_POINT('',(47.41,49.235,14.125));
#138850=DIRECTION('',(0.,0.,1.));
#138860=VECTOR('',#138850,1.);
#138870=LINE('',#138840,#138860);
#138880=EDGE_CURVE('',#136060,#137640,#138870,.T.);
#138890=ORIENTED_EDGE('',*,*,#138880,.T.);
#138900=ORIENTED_EDGE('',*,*,#136070,.F.);
#138910=ORIENTED_EDGE('',*,*,#138710,.T.);
#138920=EDGE_LOOP('',(#138910,#138900,#138890,#138830));
#138930=FACE_OUTER_BOUND('',#138920,.T.);
#138940=ADVANCED_FACE('',(#138930),#138820,.F.);
#138950=CARTESIAN_POINT('',(47.51,49.235,14.275));
#138960=DIRECTION('',(5.96744875736022E-15,1.,-0.));
#138970=DIRECTION('',(1.,-5.96744875736022E-15,0.));
#138980=AXIS2_PLACEMENT_3D('',#138950,#138960,#138970);
#138990=PLANE('',#138980);
#139000=ORIENTED_EDGE('',*,*,#137650,.F.);
#139010=ORIENTED_EDGE('',*,*,#135400,.T.);
#139020=ORIENTED_EDGE('',*,*,#136130,.T.);
#139030=ORIENTED_EDGE('',*,*,#138880,.F.);
#139040=EDGE_LOOP('',(#139030,#139020,#139010,#139000));
#139050=FACE_OUTER_BOUND('',#139040,.T.);
#139060=ADVANCED_FACE('',(#139050),#138990,.F.);
#139070=CARTESIAN_POINT('',(47.435,49.43,14.3125));
#139080=DIRECTION('',(0.707106781186547,2.4155268595135E-16,
0.707106781186548));
#139090=DIRECTION('',(-0.707106781186548,-3.92523114670943E-16,
0.707106781186547));
#139100=AXIS2_PLACEMENT_3D('',#139070,#139080,#139090);
#139110=PLANE('',#139100);
#139120=ORIENTED_EDGE('',*,*,#135530,.T.);
#139130=ORIENTED_EDGE('',*,*,#6360,.F.);
#139140=CARTESIAN_POINT('',(47.41,49.215,14.3375));
#139150=DIRECTION('',(0.,1.,4.13106241720989E-15));
#139160=VECTOR('',#139150,1.);
#139170=LINE('',#139140,#139160);
#139180=EDGE_CURVE('',#15300,#6270,#139170,.T.);
#139190=ORIENTED_EDGE('',*,*,#139180,.T.);
#139200=ORIENTED_EDGE('',*,*,#15310,.F.);
#139210=EDGE_LOOP('',(#139200,#139190,#139130,#139120));
#139220=FACE_OUTER_BOUND('',#139210,.T.);
#139230=ADVANCED_FACE('',(#139220),#139110,.F.);
#139240=CARTESIAN_POINT('',(47.41,49.215,13.6));
#139250=DIRECTION('',(-1.,-3.41607084500048E-16,-0.));
#139260=DIRECTION('',(3.41607084500048E-16,-1.,0.));
#139270=AXIS2_PLACEMENT_3D('',#139240,#139250,#139260);
#139280=PLANE('',#139270);
#139290=ORIENTED_EDGE('',*,*,#139180,.F.);
#139300=ORIENTED_EDGE('',*,*,#6280,.T.);
#139310=CARTESIAN_POINT('',(47.41,49.215,14.4625));
#139320=DIRECTION('',(0.,1.,0.));
#139330=VECTOR('',#139320,1.);
#139340=LINE('',#139310,#139330);
#139350=EDGE_CURVE('',#15380,#6190,#139340,.T.);
#139360=ORIENTED_EDGE('',*,*,#139350,.T.);
#139370=ORIENTED_EDGE('',*,*,#15390,.F.);
#139380=EDGE_LOOP('',(#139370,#139360,#139300,#139290));
#139390=FACE_OUTER_BOUND('',#139380,.T.);
#139400=ADVANCED_FACE('',(#139390),#139280,.T.);
#139410=CARTESIAN_POINT('',(47.435,49.43,14.4875));
#139420=DIRECTION('',(-0.707106781186547,-2.4155268595135E-16,
0.707106781186548));
#139430=DIRECTION('',(-0.707106781186548,-3.92523114670943E-16,
-0.707106781186547));
#139440=AXIS2_PLACEMENT_3D('',#139410,#139420,#139430);
#139450=PLANE('',#139440);
#139460=CARTESIAN_POINT('',(47.46,49.215,14.5125));
#139470=DIRECTION('',(0.,1.,0.));
#139480=VECTOR('',#139470,1.);
#139490=LINE('',#139460,#139480);
#139500=EDGE_CURVE('',#15460,#6110,#139490,.T.);
#139510=ORIENTED_EDGE('',*,*,#139500,.T.);
#139520=ORIENTED_EDGE('',*,*,#15470,.F.);
#139530=ORIENTED_EDGE('',*,*,#139350,.F.);
#139540=ORIENTED_EDGE('',*,*,#6200,.F.);
#139550=EDGE_LOOP('',(#139540,#139530,#139520,#139510));
#139560=FACE_OUTER_BOUND('',#139550,.T.);
#139570=ADVANCED_FACE('',(#139560),#139450,.T.);
#139580=CARTESIAN_POINT('',(47.46,49.215,14.5125));
#139590=DIRECTION('',(-1.,-3.41607084500048E-16,-0.));
#139600=DIRECTION('',(-3.41607084500048E-16,1.,0.));
#139610=AXIS2_PLACEMENT_3D('',#139580,#139590,#139600);
#139620=PLANE('',#139610);
#139630=ORIENTED_EDGE('',*,*,#6120,.T.);
#139640=CARTESIAN_POINT('',(47.46,49.645,14.525));
#139650=DIRECTION('',(0.,-1.,0.));
#139660=VECTOR('',#139650,1.);
#139670=LINE('',#139640,#139660);
#139680=CARTESIAN_POINT('',(47.46,49.235,14.525));
#139690=VERTEX_POINT('',#139680);
#139700=EDGE_CURVE('',#6030,#139690,#139670,.T.);
#139710=ORIENTED_EDGE('',*,*,#139700,.F.);
#139720=CARTESIAN_POINT('',(47.46,49.235,14.525));
#139730=DIRECTION('',(0.,0.,1.));
#139740=VECTOR('',#139730,1.);
#139750=LINE('',#139720,#139740);
#139760=CARTESIAN_POINT('',(47.46,49.235,14.675));
#139770=VERTEX_POINT('',#139760);
#139780=EDGE_CURVE('',#139690,#139770,#139750,.T.);
#139790=ORIENTED_EDGE('',*,*,#139780,.F.);
#139800=CARTESIAN_POINT('',(47.46,49.645,14.675));
#139810=DIRECTION('',(0.,-1.,0.));
#139820=VECTOR('',#139810,1.);
#139830=LINE('',#139800,#139820);
#139840=EDGE_CURVE('',#5790,#139770,#139830,.T.);
#139850=ORIENTED_EDGE('',*,*,#139840,.T.);
#139860=ORIENTED_EDGE('',*,*,#5800,.T.);
#139870=CARTESIAN_POINT('',(47.46,49.645,14.6875));
#139880=DIRECTION('',(0.,-1.,-4.13106241720989E-15));
#139890=VECTOR('',#139880,1.);
#139900=LINE('',#139870,#139890);
#139910=EDGE_CURVE('',#5710,#15540,#139900,.T.);
#139920=ORIENTED_EDGE('',*,*,#139910,.F.);
#139930=ORIENTED_EDGE('',*,*,#15550,.F.);
#139940=ORIENTED_EDGE('',*,*,#139500,.F.);
#139950=EDGE_LOOP('',(#139940,#139930,#139920,#139860,#139850,#139790,
#139710,#139630));
#139960=FACE_OUTER_BOUND('',#139950,.T.);
#139970=ADVANCED_FACE('',(#139960),#139620,.T.);
#139980=CARTESIAN_POINT('',(48.0687715809733,49.745,14.525));
#139990=DIRECTION('',(-0.,-0.,1.));
#140000=DIRECTION('',(1.,0.,-0.));
#140010=AXIS2_PLACEMENT_3D('',#139980,#139990,#140000);
#140020=PLANE('',#140010);
#140030=CARTESIAN_POINT('',(46.86,49.255,14.525));
#140040=DIRECTION('',(0.,0.,-1.));
#140050=DIRECTION('',(7.10542735760141E-13,-1.,0.));
#140060=AXIS2_PLACEMENT_3D('',#140030,#140040,#140050);
#140070=CIRCLE('',#140060,0.05);
#140080=CARTESIAN_POINT('',(46.86,49.205,14.525));
#140090=VERTEX_POINT('',#140080);
#140100=CARTESIAN_POINT('',(46.81,49.255,14.525));
#140110=VERTEX_POINT('',#140100);
#140120=EDGE_CURVE('',#140090,#140110,#140070,.T.);
#140130=ORIENTED_EDGE('',*,*,#140120,.T.);
#140140=CARTESIAN_POINT('',(47.24,49.225,14.525));
#140150=DIRECTION('',(-0.998617829332511,-0.052558833122745,0.));
#140160=VECTOR('',#140150,1.);
#140170=LINE('',#140140,#140160);
#140180=CARTESIAN_POINT('',(47.24,49.225,14.525));
#140190=VERTEX_POINT('',#140180);
#140200=EDGE_CURVE('',#140190,#140090,#140170,.T.);
#140210=ORIENTED_EDGE('',*,*,#140200,.T.);
#140220=CARTESIAN_POINT('',(47.34,49.265,14.525));
#140230=DIRECTION('',(-0.928476690885273,-0.37139067635407,0.));
#140240=VECTOR('',#140230,1.);
#140250=LINE('',#140220,#140240);
#140260=CARTESIAN_POINT('',(47.34,49.265,14.525));
#140270=VERTEX_POINT('',#140260);
#140280=EDGE_CURVE('',#140270,#140190,#140250,.T.);
#140290=ORIENTED_EDGE('',*,*,#140280,.T.);
#140300=CARTESIAN_POINT('',(47.34,49.265,14.525));
#140310=DIRECTION('',(1.,0.,0.));
#140320=VECTOR('',#140310,1.);
#140330=LINE('',#140300,#140320);
#140340=CARTESIAN_POINT('',(47.38,49.265,14.525));
#140350=VERTEX_POINT('',#140340);
#140360=EDGE_CURVE('',#140270,#140350,#140330,.T.);
#140370=ORIENTED_EDGE('',*,*,#140360,.F.);
#140380=CARTESIAN_POINT('',(47.38,49.235,14.525));
#140390=DIRECTION('',(0.,0.,1.));
#140400=DIRECTION('',(1.,0.,0.));
#140410=AXIS2_PLACEMENT_3D('',#140380,#140390,#140400);
#140420=CIRCLE('',#140410,0.03);
#140430=CARTESIAN_POINT('',(47.41,49.235,14.525));
#140440=VERTEX_POINT('',#140430);
#140450=EDGE_CURVE('',#140440,#140350,#140420,.T.);
#140460=ORIENTED_EDGE('',*,*,#140450,.T.);
#140470=CARTESIAN_POINT('',(47.41,49.235,14.525));
#140480=DIRECTION('',(1.,0.,0.));
#140490=VECTOR('',#140480,1.);
#140500=LINE('',#140470,#140490);
#140510=EDGE_CURVE('',#140440,#139690,#140500,.T.);
#140520=ORIENTED_EDGE('',*,*,#140510,.F.);
#140530=ORIENTED_EDGE('',*,*,#139700,.T.);
#140540=ORIENTED_EDGE('',*,*,#6040,.T.);
#140550=CARTESIAN_POINT('',(47.36,49.485,14.525));
#140560=DIRECTION('',(0.,1.,0.));
#140570=VECTOR('',#140560,1.);
#140580=LINE('',#140550,#140570);
#140590=CARTESIAN_POINT('',(47.36,49.485,14.525));
#140600=VERTEX_POINT('',#140590);
#140610=EDGE_CURVE('',#140600,#5950,#140580,.T.);
#140620=ORIENTED_EDGE('',*,*,#140610,.T.);
#140630=CARTESIAN_POINT('',(47.36,49.425,14.525));
#140640=DIRECTION('',(0.,0.,1.));
#140650=DIRECTION('',(7.10542735760073E-13,-1.,0.));
#140660=AXIS2_PLACEMENT_3D('',#140630,#140640,#140650);
#140670=CIRCLE('',#140660,0.06);
#140680=CARTESIAN_POINT('',(47.36,49.365,14.525));
#140690=VERTEX_POINT('',#140680);
#140700=EDGE_CURVE('',#140690,#140600,#140670,.T.);
#140710=ORIENTED_EDGE('',*,*,#140700,.T.);
#140720=CARTESIAN_POINT('',(46.81,49.365,14.525));
#140730=DIRECTION('',(1.,0.,0.));
#140740=VECTOR('',#140730,1.);
#140750=LINE('',#140720,#140740);
#140760=CARTESIAN_POINT('',(46.81,49.365,14.525));
#140770=VERTEX_POINT('',#140760);
#140780=EDGE_CURVE('',#140770,#140690,#140750,.T.);
#140790=ORIENTED_EDGE('',*,*,#140780,.T.);
#140800=CARTESIAN_POINT('',(46.81,49.255,14.525));
#140810=DIRECTION('',(0.,1.,0.));
#140820=VECTOR('',#140810,1.);
#140830=LINE('',#140800,#140820);
#140840=EDGE_CURVE('',#140110,#140770,#140830,.T.);
#140850=ORIENTED_EDGE('',*,*,#140840,.T.);
#140860=EDGE_LOOP('',(#140850,#140790,#140710,#140620,#140540,#140530,
#140520,#140460,#140370,#140290,#140210,#140130));
#140870=FACE_OUTER_BOUND('',#140860,.T.);
#140880=ADVANCED_FACE('',(#140870),#140020,.F.);
#140890=CARTESIAN_POINT('',(46.81,49.255,14.675));
#140900=DIRECTION('',(1.,-0.,-0.));
#140910=DIRECTION('',(-0.,-1.,0.));
#140920=AXIS2_PLACEMENT_3D('',#140890,#140900,#140910);
#140930=PLANE('',#140920);
#140940=CARTESIAN_POINT('',(46.81,49.255,14.675));
#140950=DIRECTION('',(0.,1.,0.));
#140960=VECTOR('',#140950,1.);
#140970=LINE('',#140940,#140960);
#140980=CARTESIAN_POINT('',(46.81,49.255,14.675));
#140990=VERTEX_POINT('',#140980);
#141000=CARTESIAN_POINT('',(46.81,49.365,14.675));
#141010=VERTEX_POINT('',#141000);
#141020=EDGE_CURVE('',#140990,#141010,#140970,.T.);
#141030=ORIENTED_EDGE('',*,*,#141020,.T.);
#141040=CARTESIAN_POINT('',(46.81,49.255,14.675));
#141050=DIRECTION('',(0.,0.,-1.));
#141060=VECTOR('',#141050,1.);
#141070=LINE('',#141040,#141060);
#141080=EDGE_CURVE('',#140990,#140110,#141070,.T.);
#141090=ORIENTED_EDGE('',*,*,#141080,.F.);
#141100=ORIENTED_EDGE('',*,*,#140840,.F.);
#141110=CARTESIAN_POINT('',(46.81,49.365,14.525));
#141120=DIRECTION('',(0.,0.,1.));
#141130=VECTOR('',#141120,1.);
#141140=LINE('',#141110,#141130);
#141150=EDGE_CURVE('',#140770,#141010,#141140,.T.);
#141160=ORIENTED_EDGE('',*,*,#141150,.F.);
#141170=EDGE_LOOP('',(#141160,#141100,#141090,#141030));
#141180=FACE_OUTER_BOUND('',#141170,.T.);
#141190=ADVANCED_FACE('',(#141180),#140930,.F.);
#141200=CARTESIAN_POINT('',(46.81,49.365,14.675));
#141210=DIRECTION('',(-0.,-1.,-0.));
#141220=DIRECTION('',(-1.,0.,0.));
#141230=AXIS2_PLACEMENT_3D('',#141200,#141210,#141220);
#141240=PLANE('',#141230);
#141250=CARTESIAN_POINT('',(46.81,49.365,14.675));
#141260=DIRECTION('',(1.,0.,0.));
#141270=VECTOR('',#141260,1.);
#141280=LINE('',#141250,#141270);
#141290=CARTESIAN_POINT('',(47.36,49.365,14.675));
#141300=VERTEX_POINT('',#141290);
#141310=EDGE_CURVE('',#141010,#141300,#141280,.T.);
#141320=ORIENTED_EDGE('',*,*,#141310,.T.);
#141330=ORIENTED_EDGE('',*,*,#141150,.T.);
#141340=ORIENTED_EDGE('',*,*,#140780,.F.);
#141350=CARTESIAN_POINT('',(47.36,49.365,14.525));
#141360=DIRECTION('',(0.,0.,1.));
#141370=VECTOR('',#141360,1.);
#141380=LINE('',#141350,#141370);
#141390=EDGE_CURVE('',#140690,#141300,#141380,.T.);
#141400=ORIENTED_EDGE('',*,*,#141390,.F.);
#141410=EDGE_LOOP('',(#141400,#141340,#141330,#141320));
#141420=FACE_OUTER_BOUND('',#141410,.T.);
#141430=ADVANCED_FACE('',(#141420),#141240,.F.);
#141440=CARTESIAN_POINT('',(47.36,49.425,14.675));
#141450=DIRECTION('',(-0.,-0.,-1.));
#141460=DIRECTION('',(-1.,0.,0.));
#141470=AXIS2_PLACEMENT_3D('',#141440,#141450,#141460);
#141480=CYLINDRICAL_SURFACE('',#141470,0.06);
#141490=CARTESIAN_POINT('',(47.36,49.425,14.675));
#141500=DIRECTION('',(0.,0.,-1.));
#141510=DIRECTION('',(1.,0.,0.));
#141520=AXIS2_PLACEMENT_3D('',#141490,#141500,#141510);
#141530=CIRCLE('',#141520,0.06);
#141540=CARTESIAN_POINT('',(47.36,49.485,14.675));
#141550=VERTEX_POINT('',#141540);
#141560=EDGE_CURVE('',#141550,#141300,#141530,.T.);
#141570=ORIENTED_EDGE('',*,*,#141560,.F.);
#141580=ORIENTED_EDGE('',*,*,#141390,.T.);
#141590=ORIENTED_EDGE('',*,*,#140700,.F.);
#141600=CARTESIAN_POINT('',(47.36,49.485,14.675));
#141610=DIRECTION('',(0.,0.,-1.));
#141620=VECTOR('',#141610,1.);
#141630=LINE('',#141600,#141620);
#141640=EDGE_CURVE('',#141550,#140600,#141630,.T.);
#141650=ORIENTED_EDGE('',*,*,#141640,.T.);
#141660=EDGE_LOOP('',(#141650,#141590,#141580,#141570));
#141670=FACE_OUTER_BOUND('',#141660,.T.);
#141680=ADVANCED_FACE('',(#141670),#141480,.F.);
#141690=CARTESIAN_POINT('',(47.36,49.485,14.675));
#141700=DIRECTION('',(1.,-0.,-0.));
#141710=DIRECTION('',(-0.,-1.,0.));
#141720=AXIS2_PLACEMENT_3D('',#141690,#141700,#141710);
#141730=PLANE('',#141720);
#141740=CARTESIAN_POINT('',(47.36,49.485,14.675));
#141750=DIRECTION('',(0.,1.,0.));
#141760=VECTOR('',#141750,1.);
#141770=LINE('',#141740,#141760);
#141780=EDGE_CURVE('',#141550,#5870,#141770,.T.);
#141790=ORIENTED_EDGE('',*,*,#141780,.T.);
#141800=ORIENTED_EDGE('',*,*,#141640,.F.);
#141810=ORIENTED_EDGE('',*,*,#140610,.F.);
#141820=ORIENTED_EDGE('',*,*,#5960,.F.);
#141830=EDGE_LOOP('',(#141820,#141810,#141800,#141790));
#141840=FACE_OUTER_BOUND('',#141830,.T.);
#141850=ADVANCED_FACE('',(#141840),#141730,.F.);
#141860=CARTESIAN_POINT('',(48.0687715809733,49.745,14.675));
#141870=DIRECTION('',(-0.,-0.,1.));
#141880=DIRECTION('',(1.,0.,-0.));
#141890=AXIS2_PLACEMENT_3D('',#141860,#141870,#141880);
#141900=PLANE('',#141890);
#141910=ORIENTED_EDGE('',*,*,#141020,.F.);
#141920=ORIENTED_EDGE('',*,*,#141310,.F.);
#141930=ORIENTED_EDGE('',*,*,#141560,.T.);
#141940=ORIENTED_EDGE('',*,*,#141780,.F.);
#141950=ORIENTED_EDGE('',*,*,#5880,.F.);
#141960=ORIENTED_EDGE('',*,*,#139840,.F.);
#141970=CARTESIAN_POINT('',(47.41,49.235,14.675));
#141980=DIRECTION('',(1.,0.,0.));
#141990=VECTOR('',#141980,1.);
#142000=LINE('',#141970,#141990);
#142010=CARTESIAN_POINT('',(47.41,49.235,14.675));
#142020=VERTEX_POINT('',#142010);
#142030=EDGE_CURVE('',#142020,#139770,#142000,.T.);
#142040=ORIENTED_EDGE('',*,*,#142030,.T.);
#142050=CARTESIAN_POINT('',(47.38,49.235,14.675));
#142060=DIRECTION('',(0.,0.,-1.));
#142070=DIRECTION('',(0.,1.,0.));
#142080=AXIS2_PLACEMENT_3D('',#142050,#142060,#142070);
#142090=CIRCLE('',#142080,0.03);
#142100=CARTESIAN_POINT('',(47.38,49.265,14.675));
#142110=VERTEX_POINT('',#142100);
#142120=EDGE_CURVE('',#142110,#142020,#142090,.T.);
#142130=ORIENTED_EDGE('',*,*,#142120,.T.);
#142140=CARTESIAN_POINT('',(47.34,49.265,14.675));
#142150=DIRECTION('',(1.,0.,0.));
#142160=VECTOR('',#142150,1.);
#142170=LINE('',#142140,#142160);
#142180=CARTESIAN_POINT('',(47.34,49.265,14.675));
#142190=VERTEX_POINT('',#142180);
#142200=EDGE_CURVE('',#142190,#142110,#142170,.T.);
#142210=ORIENTED_EDGE('',*,*,#142200,.T.);
#142220=CARTESIAN_POINT('',(47.24,49.225,14.675));
#142230=DIRECTION('',(0.928476690885273,0.37139067635407,0.));
#142240=VECTOR('',#142230,1.);
#142250=LINE('',#142220,#142240);
#142260=CARTESIAN_POINT('',(47.24,49.225,14.675));
#142270=VERTEX_POINT('',#142260);
#142280=EDGE_CURVE('',#142270,#142190,#142250,.T.);
#142290=ORIENTED_EDGE('',*,*,#142280,.T.);
#142300=CARTESIAN_POINT('',(46.86,49.205,14.675));
#142310=DIRECTION('',(0.998617829332511,0.052558833122745,0.));
#142320=VECTOR('',#142310,1.);
#142330=LINE('',#142300,#142320);
#142340=CARTESIAN_POINT('',(46.8599999999999,49.205,14.675));
#142350=VERTEX_POINT('',#142340);
#142360=EDGE_CURVE('',#142350,#142270,#142330,.T.);
#142370=ORIENTED_EDGE('',*,*,#142360,.T.);
#142380=CARTESIAN_POINT('',(46.86,49.255,14.675));
#142390=DIRECTION('',(0.,0.,1.));
#142400=DIRECTION('',(-1.,0.,0.));
#142410=AXIS2_PLACEMENT_3D('',#142380,#142390,#142400);
#142420=CIRCLE('',#142410,0.05);
#142430=EDGE_CURVE('',#140990,#142350,#142420,.T.);
#142440=ORIENTED_EDGE('',*,*,#142430,.T.);
#142450=EDGE_LOOP('',(#142440,#142370,#142290,#142210,#142130,#142040,
#141960,#141950,#141940,#141930,#141920,#141910));
#142460=FACE_OUTER_BOUND('',#142450,.T.);
#142470=ADVANCED_FACE('',(#142460),#141900,.T.);
#142480=CARTESIAN_POINT('',(46.86,49.255,14.675));
#142490=DIRECTION('',(-0.,-0.,1.));
#142500=DIRECTION('',(1.,0.,0.));
#142510=AXIS2_PLACEMENT_3D('',#142480,#142490,#142500);
#142520=CYLINDRICAL_SURFACE('',#142510,0.05);
#142530=ORIENTED_EDGE('',*,*,#142430,.F.);
#142540=CARTESIAN_POINT('',(46.86,49.205,14.525));
#142550=DIRECTION('',(0.,0.,1.));
#142560=VECTOR('',#142550,1.);
#142570=LINE('',#142540,#142560);
#142580=EDGE_CURVE('',#140090,#142350,#142570,.T.);
#142590=ORIENTED_EDGE('',*,*,#142580,.T.);
#142600=ORIENTED_EDGE('',*,*,#140120,.F.);
#142610=ORIENTED_EDGE('',*,*,#141080,.T.);
#142620=EDGE_LOOP('',(#142610,#142600,#142590,#142530));
#142630=FACE_OUTER_BOUND('',#142620,.T.);
#142640=ADVANCED_FACE('',(#142630),#142520,.T.);
#142650=CARTESIAN_POINT('',(47.24,49.225,14.675));
#142660=DIRECTION('',(-0.0525588331227304,0.998617829332512,-0.));
#142670=DIRECTION('',(0.998617829332512,0.0525588331227304,-0.));
#142680=AXIS2_PLACEMENT_3D('',#142650,#142660,#142670);
#142690=PLANE('',#142680);
#142700=ORIENTED_EDGE('',*,*,#142360,.F.);
#142710=CARTESIAN_POINT('',(47.24,49.225,14.525));
#142720=DIRECTION('',(0.,0.,1.));
#142730=VECTOR('',#142720,1.);
#142740=LINE('',#142710,#142730);
#142750=EDGE_CURVE('',#140190,#142270,#142740,.T.);
#142760=ORIENTED_EDGE('',*,*,#142750,.T.);
#142770=ORIENTED_EDGE('',*,*,#140200,.F.);
#142780=ORIENTED_EDGE('',*,*,#142580,.F.);
#142790=EDGE_LOOP('',(#142780,#142770,#142760,#142700));
#142800=FACE_OUTER_BOUND('',#142790,.T.);
#142810=ADVANCED_FACE('',(#142800),#142690,.F.);
#142820=CARTESIAN_POINT('',(47.34,49.265,14.675));
#142830=DIRECTION('',(-0.371390676354106,0.928476690885259,-0.));
#142840=DIRECTION('',(0.928476690885258,0.371390676354106,-0.));
#142850=AXIS2_PLACEMENT_3D('',#142820,#142830,#142840);
#142860=PLANE('',#142850);
#142870=ORIENTED_EDGE('',*,*,#142280,.F.);
#142880=CARTESIAN_POINT('',(47.34,49.265,14.525));
#142890=DIRECTION('',(0.,0.,1.));
#142900=VECTOR('',#142890,1.);
#142910=LINE('',#142880,#142900);
#142920=EDGE_CURVE('',#140270,#142190,#142910,.T.);
#142930=ORIENTED_EDGE('',*,*,#142920,.T.);
#142940=ORIENTED_EDGE('',*,*,#140280,.F.);
#142950=ORIENTED_EDGE('',*,*,#142750,.F.);
#142960=EDGE_LOOP('',(#142950,#142940,#142930,#142870));
#142970=FACE_OUTER_BOUND('',#142960,.T.);
#142980=ADVANCED_FACE('',(#142970),#142860,.F.);
#142990=CARTESIAN_POINT('',(47.38,49.265,14.675));
#143000=DIRECTION('',(-0.,1.,-0.));
#143010=DIRECTION('',(1.,-0.,0.));
#143020=AXIS2_PLACEMENT_3D('',#142990,#143000,#143010);
#143030=PLANE('',#143020);
#143040=ORIENTED_EDGE('',*,*,#142200,.F.);
#143050=CARTESIAN_POINT('',(47.38,49.265,14.675));
#143060=DIRECTION('',(0.,0.,-1.));
#143070=VECTOR('',#143060,1.);
#143080=LINE('',#143050,#143070);
#143090=EDGE_CURVE('',#142110,#140350,#143080,.T.);
#143100=ORIENTED_EDGE('',*,*,#143090,.F.);
#143110=ORIENTED_EDGE('',*,*,#140360,.T.);
#143120=ORIENTED_EDGE('',*,*,#142920,.F.);
#143130=EDGE_LOOP('',(#143120,#143110,#143100,#143040));
#143140=FACE_OUTER_BOUND('',#143130,.T.);
#143150=ADVANCED_FACE('',(#143140),#143030,.F.);
#143160=CARTESIAN_POINT('',(47.38,49.235,14.675));
#143170=DIRECTION('',(-0.,-0.,-1.));
#143180=DIRECTION('',(-1.,0.,0.));
#143190=AXIS2_PLACEMENT_3D('',#143160,#143170,#143180);
#143200=CYLINDRICAL_SURFACE('',#143190,0.03);
#143210=ORIENTED_EDGE('',*,*,#142120,.F.);
#143220=CARTESIAN_POINT('',(47.41,49.235,14.525));
#143230=DIRECTION('',(0.,0.,1.));
#143240=VECTOR('',#143230,1.);
#143250=LINE('',#143220,#143240);
#143260=EDGE_CURVE('',#140440,#142020,#143250,.T.);
#143270=ORIENTED_EDGE('',*,*,#143260,.T.);
#143280=ORIENTED_EDGE('',*,*,#140450,.F.);
#143290=ORIENTED_EDGE('',*,*,#143090,.T.);
#143300=EDGE_LOOP('',(#143290,#143280,#143270,#143210));
#143310=FACE_OUTER_BOUND('',#143300,.T.);
#143320=ADVANCED_FACE('',(#143310),#143200,.F.);
#143330=CARTESIAN_POINT('',(47.51,49.235,14.675));
#143340=DIRECTION('',(5.96744875736022E-15,1.,-0.));
#143350=DIRECTION('',(1.,-5.96744875736022E-15,0.));
#143360=AXIS2_PLACEMENT_3D('',#143330,#143340,#143350);
#143370=PLANE('',#143360);
#143380=ORIENTED_EDGE('',*,*,#142030,.F.);
#143390=ORIENTED_EDGE('',*,*,#139780,.T.);
#143400=ORIENTED_EDGE('',*,*,#140510,.T.);
#143410=ORIENTED_EDGE('',*,*,#143260,.F.);
#143420=EDGE_LOOP('',(#143410,#143400,#143390,#143380));
#143430=FACE_OUTER_BOUND('',#143420,.T.);
#143440=ADVANCED_FACE('',(#143430),#143370,.F.);
#143450=CARTESIAN_POINT('',(47.435,49.43,14.7125));
#143460=DIRECTION('',(0.707106781186547,2.4155268595135E-16,
0.707106781186548));
#143470=DIRECTION('',(-0.707106781186548,-3.92523114670943E-16,
0.707106781186547));
#143480=AXIS2_PLACEMENT_3D('',#143450,#143460,#143470);
#143490=PLANE('',#143480);
#143500=ORIENTED_EDGE('',*,*,#139910,.T.);
#143510=ORIENTED_EDGE('',*,*,#5720,.F.);
#143520=CARTESIAN_POINT('',(47.41,49.215,14.7375));
#143530=DIRECTION('',(0.,1.,4.13106241720989E-15));
#143540=VECTOR('',#143530,1.);
#143550=LINE('',#143520,#143540);
#143560=EDGE_CURVE('',#15620,#5630,#143550,.T.);
#143570=ORIENTED_EDGE('',*,*,#143560,.T.);
#143580=ORIENTED_EDGE('',*,*,#15630,.F.);
#143590=EDGE_LOOP('',(#143580,#143570,#143510,#143500));
#143600=FACE_OUTER_BOUND('',#143590,.T.);
#143610=ADVANCED_FACE('',(#143600),#143490,.F.);
#143620=CARTESIAN_POINT('',(47.41,49.215,13.6));
#143630=DIRECTION('',(-1.,-3.41607084500048E-16,-0.));
#143640=DIRECTION('',(3.41607084500048E-16,-1.,0.));
#143650=AXIS2_PLACEMENT_3D('',#143620,#143630,#143640);
#143660=PLANE('',#143650);
#143670=ORIENTED_EDGE('',*,*,#143560,.F.);
#143680=ORIENTED_EDGE('',*,*,#5640,.T.);
#143690=CARTESIAN_POINT('',(47.41,49.215,14.8625));
#143700=DIRECTION('',(0.,1.,0.));
#143710=VECTOR('',#143700,1.);
#143720=LINE('',#143690,#143710);
#143730=EDGE_CURVE('',#15700,#5550,#143720,.T.);
#143740=ORIENTED_EDGE('',*,*,#143730,.T.);
#143750=ORIENTED_EDGE('',*,*,#15710,.F.);
#143760=EDGE_LOOP('',(#143750,#143740,#143680,#143670));
#143770=FACE_OUTER_BOUND('',#143760,.T.);
#143780=ADVANCED_FACE('',(#143770),#143660,.T.);
#143790=CARTESIAN_POINT('',(47.435,49.43,14.8875));
#143800=DIRECTION('',(-0.707106781186547,-2.4155268595135E-16,
0.707106781186548));
#143810=DIRECTION('',(-0.707106781186548,-3.92523114670943E-16,
-0.707106781186547));
#143820=AXIS2_PLACEMENT_3D('',#143790,#143800,#143810);
#143830=PLANE('',#143820);
#143840=CARTESIAN_POINT('',(47.46,49.215,14.9125));
#143850=DIRECTION('',(0.,1.,-4.13106241720989E-15));
#143860=VECTOR('',#143850,1.);
#143870=LINE('',#143840,#143860);
#143880=EDGE_CURVE('',#15780,#5470,#143870,.T.);
#143890=ORIENTED_EDGE('',*,*,#143880,.T.);
#143900=ORIENTED_EDGE('',*,*,#15790,.F.);
#143910=ORIENTED_EDGE('',*,*,#143730,.F.);
#143920=ORIENTED_EDGE('',*,*,#5560,.F.);
#143930=EDGE_LOOP('',(#143920,#143910,#143900,#143890));
#143940=FACE_OUTER_BOUND('',#143930,.T.);
#143950=ADVANCED_FACE('',(#143940),#143830,.T.);
#143960=CARTESIAN_POINT('',(47.46,49.215,14.9125));
#143970=DIRECTION('',(-1.,-3.41607084500048E-16,-0.));
#143980=DIRECTION('',(-3.41607084500048E-16,1.,0.));
#143990=AXIS2_PLACEMENT_3D('',#143960,#143970,#143980);
#144000=PLANE('',#143990);
#144010=ORIENTED_EDGE('',*,*,#5480,.T.);
#144020=CARTESIAN_POINT('',(47.46,49.645,14.925));
#144030=DIRECTION('',(0.,-1.,0.));
#144040=VECTOR('',#144030,1.);
#144050=LINE('',#144020,#144040);
#144060=CARTESIAN_POINT('',(47.46,49.235,14.925));
#144070=VERTEX_POINT('',#144060);
#144080=EDGE_CURVE('',#5390,#144070,#144050,.T.);
#144090=ORIENTED_EDGE('',*,*,#144080,.F.);
#144100=CARTESIAN_POINT('',(47.46,49.235,14.925));
#144110=DIRECTION('',(0.,0.,1.));
#144120=VECTOR('',#144110,1.);
#144130=LINE('',#144100,#144120);
#144140=CARTESIAN_POINT('',(47.46,49.235,15.075));
#144150=VERTEX_POINT('',#144140);
#144160=EDGE_CURVE('',#144070,#144150,#144130,.T.);
#144170=ORIENTED_EDGE('',*,*,#144160,.F.);
#144180=CARTESIAN_POINT('',(47.46,49.645,15.075));
#144190=DIRECTION('',(0.,-1.,0.));
#144200=VECTOR('',#144190,1.);
#144210=LINE('',#144180,#144200);
#144220=EDGE_CURVE('',#5150,#144150,#144210,.T.);
#144230=ORIENTED_EDGE('',*,*,#144220,.T.);
#144240=ORIENTED_EDGE('',*,*,#5160,.T.);
#144250=CARTESIAN_POINT('',(47.46,49.645,15.0875));
#144260=DIRECTION('',(0.,-1.,-4.13106241720989E-15));
#144270=VECTOR('',#144260,1.);
#144280=LINE('',#144250,#144270);
#144290=EDGE_CURVE('',#5070,#15860,#144280,.T.);
#144300=ORIENTED_EDGE('',*,*,#144290,.F.);
#144310=ORIENTED_EDGE('',*,*,#15870,.F.);
#144320=ORIENTED_EDGE('',*,*,#143880,.F.);
#144330=EDGE_LOOP('',(#144320,#144310,#144300,#144240,#144230,#144170,
#144090,#144010));
#144340=FACE_OUTER_BOUND('',#144330,.T.);
#144350=ADVANCED_FACE('',(#144340),#144000,.T.);
#144360=CARTESIAN_POINT('',(48.0687715809733,49.745,14.925));
#144370=DIRECTION('',(-0.,-0.,1.));
#144380=DIRECTION('',(1.,0.,-0.));
#144390=AXIS2_PLACEMENT_3D('',#144360,#144370,#144380);
#144400=PLANE('',#144390);
#144410=CARTESIAN_POINT('',(46.86,49.255,14.925));
#144420=DIRECTION('',(0.,0.,-1.));
#144430=DIRECTION('',(7.10542735760141E-13,-1.,0.));
#144440=AXIS2_PLACEMENT_3D('',#144410,#144420,#144430);
#144450=CIRCLE('',#144440,0.05);
#144460=CARTESIAN_POINT('',(46.86,49.205,14.925));
#144470=VERTEX_POINT('',#144460);
#144480=CARTESIAN_POINT('',(46.81,49.255,14.925));
#144490=VERTEX_POINT('',#144480);
#144500=EDGE_CURVE('',#144470,#144490,#144450,.T.);
#144510=ORIENTED_EDGE('',*,*,#144500,.T.);
#144520=CARTESIAN_POINT('',(47.24,49.225,14.925));
#144530=DIRECTION('',(-0.998617829332511,-0.052558833122745,0.));
#144540=VECTOR('',#144530,1.);
#144550=LINE('',#144520,#144540);
#144560=CARTESIAN_POINT('',(47.24,49.225,14.925));
#144570=VERTEX_POINT('',#144560);
#144580=EDGE_CURVE('',#144570,#144470,#144550,.T.);
#144590=ORIENTED_EDGE('',*,*,#144580,.T.);
#144600=CARTESIAN_POINT('',(47.34,49.265,14.925));
#144610=DIRECTION('',(-0.928476690885273,-0.37139067635407,0.));
#144620=VECTOR('',#144610,1.);
#144630=LINE('',#144600,#144620);
#144640=CARTESIAN_POINT('',(47.34,49.265,14.925));
#144650=VERTEX_POINT('',#144640);
#144660=EDGE_CURVE('',#144650,#144570,#144630,.T.);
#144670=ORIENTED_EDGE('',*,*,#144660,.T.);
#144680=CARTESIAN_POINT('',(47.34,49.265,14.925));
#144690=DIRECTION('',(1.,0.,0.));
#144700=VECTOR('',#144690,1.);
#144710=LINE('',#144680,#144700);
#144720=CARTESIAN_POINT('',(47.38,49.265,14.925));
#144730=VERTEX_POINT('',#144720);
#144740=EDGE_CURVE('',#144650,#144730,#144710,.T.);
#144750=ORIENTED_EDGE('',*,*,#144740,.F.);
#144760=CARTESIAN_POINT('',(47.38,49.235,14.925));
#144770=DIRECTION('',(0.,0.,1.));
#144780=DIRECTION('',(1.,0.,0.));
#144790=AXIS2_PLACEMENT_3D('',#144760,#144770,#144780);
#144800=CIRCLE('',#144790,0.03);
#144810=CARTESIAN_POINT('',(47.41,49.235,14.925));
#144820=VERTEX_POINT('',#144810);
#144830=EDGE_CURVE('',#144820,#144730,#144800,.T.);
#144840=ORIENTED_EDGE('',*,*,#144830,.T.);
#144850=CARTESIAN_POINT('',(47.41,49.235,14.925));
#144860=DIRECTION('',(1.,0.,0.));
#144870=VECTOR('',#144860,1.);
#144880=LINE('',#144850,#144870);
#144890=EDGE_CURVE('',#144820,#144070,#144880,.T.);
#144900=ORIENTED_EDGE('',*,*,#144890,.F.);
#144910=ORIENTED_EDGE('',*,*,#144080,.T.);
#144920=ORIENTED_EDGE('',*,*,#5400,.T.);
#144930=CARTESIAN_POINT('',(47.36,49.485,14.925));
#144940=DIRECTION('',(0.,1.,0.));
#144950=VECTOR('',#144940,1.);
#144960=LINE('',#144930,#144950);
#144970=CARTESIAN_POINT('',(47.36,49.485,14.925));
#144980=VERTEX_POINT('',#144970);
#144990=EDGE_CURVE('',#144980,#5310,#144960,.T.);
#145000=ORIENTED_EDGE('',*,*,#144990,.T.);
#145010=CARTESIAN_POINT('',(47.36,49.425,14.925));
#145020=DIRECTION('',(0.,0.,1.));
#145030=DIRECTION('',(7.10542735760073E-13,-1.,0.));
#145040=AXIS2_PLACEMENT_3D('',#145010,#145020,#145030);
#145050=CIRCLE('',#145040,0.06);
#145060=CARTESIAN_POINT('',(47.36,49.365,14.925));
#145070=VERTEX_POINT('',#145060);
#145080=EDGE_CURVE('',#145070,#144980,#145050,.T.);
#145090=ORIENTED_EDGE('',*,*,#145080,.T.);
#145100=CARTESIAN_POINT('',(46.81,49.365,14.925));
#145110=DIRECTION('',(1.,0.,0.));
#145120=VECTOR('',#145110,1.);
#145130=LINE('',#145100,#145120);
#145140=CARTESIAN_POINT('',(46.81,49.365,14.925));
#145150=VERTEX_POINT('',#145140);
#145160=EDGE_CURVE('',#145150,#145070,#145130,.T.);
#145170=ORIENTED_EDGE('',*,*,#145160,.T.);
#145180=CARTESIAN_POINT('',(46.81,49.255,14.925));
#145190=DIRECTION('',(0.,1.,0.));
#145200=VECTOR('',#145190,1.);
#145210=LINE('',#145180,#145200);
#145220=EDGE_CURVE('',#144490,#145150,#145210,.T.);
#145230=ORIENTED_EDGE('',*,*,#145220,.T.);
#145240=EDGE_LOOP('',(#145230,#145170,#145090,#145000,#144920,#144910,
#144900,#144840,#144750,#144670,#144590,#144510));
#145250=FACE_OUTER_BOUND('',#145240,.T.);
#145260=ADVANCED_FACE('',(#145250),#144400,.F.);
#145270=CARTESIAN_POINT('',(46.81,49.255,15.075));
#145280=DIRECTION('',(1.,-0.,-0.));
#145290=DIRECTION('',(-0.,-1.,0.));
#145300=AXIS2_PLACEMENT_3D('',#145270,#145280,#145290);
#145310=PLANE('',#145300);
#145320=CARTESIAN_POINT('',(46.81,49.255,15.075));
#145330=DIRECTION('',(0.,1.,0.));
#145340=VECTOR('',#145330,1.);
#145350=LINE('',#145320,#145340);
#145360=CARTESIAN_POINT('',(46.81,49.255,15.075));
#145370=VERTEX_POINT('',#145360);
#145380=CARTESIAN_POINT('',(46.81,49.365,15.075));
#145390=VERTEX_POINT('',#145380);
#145400=EDGE_CURVE('',#145370,#145390,#145350,.T.);
#145410=ORIENTED_EDGE('',*,*,#145400,.T.);
#145420=CARTESIAN_POINT('',(46.81,49.255,15.075));
#145430=DIRECTION('',(0.,0.,-1.));
#145440=VECTOR('',#145430,1.);
#145450=LINE('',#145420,#145440);
#145460=EDGE_CURVE('',#145370,#144490,#145450,.T.);
#145470=ORIENTED_EDGE('',*,*,#145460,.F.);
#145480=ORIENTED_EDGE('',*,*,#145220,.F.);
#145490=CARTESIAN_POINT('',(46.81,49.365,14.925));
#145500=DIRECTION('',(0.,0.,1.));
#145510=VECTOR('',#145500,1.);
#145520=LINE('',#145490,#145510);
#145530=EDGE_CURVE('',#145150,#145390,#145520,.T.);
#145540=ORIENTED_EDGE('',*,*,#145530,.F.);
#145550=EDGE_LOOP('',(#145540,#145480,#145470,#145410));
#145560=FACE_OUTER_BOUND('',#145550,.T.);
#145570=ADVANCED_FACE('',(#145560),#145310,.F.);
#145580=CARTESIAN_POINT('',(46.81,49.365,15.075));
#145590=DIRECTION('',(-0.,-1.,-0.));
#145600=DIRECTION('',(-1.,0.,0.));
#145610=AXIS2_PLACEMENT_3D('',#145580,#145590,#145600);
#145620=PLANE('',#145610);
#145630=CARTESIAN_POINT('',(46.81,49.365,15.075));
#145640=DIRECTION('',(1.,0.,0.));
#145650=VECTOR('',#145640,1.);
#145660=LINE('',#145630,#145650);
#145670=CARTESIAN_POINT('',(47.36,49.365,15.075));
#145680=VERTEX_POINT('',#145670);
#145690=EDGE_CURVE('',#145390,#145680,#145660,.T.);
#145700=ORIENTED_EDGE('',*,*,#145690,.T.);
#145710=ORIENTED_EDGE('',*,*,#145530,.T.);
#145720=ORIENTED_EDGE('',*,*,#145160,.F.);
#145730=CARTESIAN_POINT('',(47.36,49.365,14.925));
#145740=DIRECTION('',(0.,0.,1.));
#145750=VECTOR('',#145740,1.);
#145760=LINE('',#145730,#145750);
#145770=EDGE_CURVE('',#145070,#145680,#145760,.T.);
#145780=ORIENTED_EDGE('',*,*,#145770,.F.);
#145790=EDGE_LOOP('',(#145780,#145720,#145710,#145700));
#145800=FACE_OUTER_BOUND('',#145790,.T.);
#145810=ADVANCED_FACE('',(#145800),#145620,.F.);
#145820=CARTESIAN_POINT('',(47.36,49.425,15.075));
#145830=DIRECTION('',(-0.,-0.,-1.));
#145840=DIRECTION('',(-1.,0.,0.));
#145850=AXIS2_PLACEMENT_3D('',#145820,#145830,#145840);
#145860=CYLINDRICAL_SURFACE('',#145850,0.06);
#145870=CARTESIAN_POINT('',(47.36,49.425,15.075));
#145880=DIRECTION('',(0.,0.,-1.));
#145890=DIRECTION('',(1.,0.,0.));
#145900=AXIS2_PLACEMENT_3D('',#145870,#145880,#145890);
#145910=CIRCLE('',#145900,0.06);
#145920=CARTESIAN_POINT('',(47.36,49.485,15.075));
#145930=VERTEX_POINT('',#145920);
#145940=EDGE_CURVE('',#145930,#145680,#145910,.T.);
#145950=ORIENTED_EDGE('',*,*,#145940,.F.);
#145960=ORIENTED_EDGE('',*,*,#145770,.T.);
#145970=ORIENTED_EDGE('',*,*,#145080,.F.);
#145980=CARTESIAN_POINT('',(47.36,49.485,15.075));
#145990=DIRECTION('',(0.,0.,-1.));
#146000=VECTOR('',#145990,1.);
#146010=LINE('',#145980,#146000);
#146020=EDGE_CURVE('',#145930,#144980,#146010,.T.);
#146030=ORIENTED_EDGE('',*,*,#146020,.T.);
#146040=EDGE_LOOP('',(#146030,#145970,#145960,#145950));
#146050=FACE_OUTER_BOUND('',#146040,.T.);
#146060=ADVANCED_FACE('',(#146050),#145860,.F.);
#146070=CARTESIAN_POINT('',(47.36,49.485,15.075));
#146080=DIRECTION('',(1.,-0.,-0.));
#146090=DIRECTION('',(-0.,-1.,0.));
#146100=AXIS2_PLACEMENT_3D('',#146070,#146080,#146090);
#146110=PLANE('',#146100);
#146120=CARTESIAN_POINT('',(47.36,49.485,15.075));
#146130=DIRECTION('',(0.,1.,0.));
#146140=VECTOR('',#146130,1.);
#146150=LINE('',#146120,#146140);
#146160=EDGE_CURVE('',#145930,#5230,#146150,.T.);
#146170=ORIENTED_EDGE('',*,*,#146160,.T.);
#146180=ORIENTED_EDGE('',*,*,#146020,.F.);
#146190=ORIENTED_EDGE('',*,*,#144990,.F.);
#146200=ORIENTED_EDGE('',*,*,#5320,.F.);
#146210=EDGE_LOOP('',(#146200,#146190,#146180,#146170));
#146220=FACE_OUTER_BOUND('',#146210,.T.);
#146230=ADVANCED_FACE('',(#146220),#146110,.F.);
#146240=CARTESIAN_POINT('',(48.0687715809733,49.745,15.075));
#146250=DIRECTION('',(-0.,-0.,1.));
#146260=DIRECTION('',(1.,0.,-0.));
#146270=AXIS2_PLACEMENT_3D('',#146240,#146250,#146260);
#146280=PLANE('',#146270);
#146290=ORIENTED_EDGE('',*,*,#145400,.F.);
#146300=ORIENTED_EDGE('',*,*,#145690,.F.);
#146310=ORIENTED_EDGE('',*,*,#145940,.T.);
#146320=ORIENTED_EDGE('',*,*,#146160,.F.);
#146330=ORIENTED_EDGE('',*,*,#5240,.F.);
#146340=ORIENTED_EDGE('',*,*,#144220,.F.);
#146350=CARTESIAN_POINT('',(47.41,49.235,15.075));
#146360=DIRECTION('',(1.,0.,0.));
#146370=VECTOR('',#146360,1.);
#146380=LINE('',#146350,#146370);
#146390=CARTESIAN_POINT('',(47.41,49.235,15.075));
#146400=VERTEX_POINT('',#146390);
#146410=EDGE_CURVE('',#146400,#144150,#146380,.T.);
#146420=ORIENTED_EDGE('',*,*,#146410,.T.);
#146430=CARTESIAN_POINT('',(47.38,49.235,15.075));
#146440=DIRECTION('',(0.,0.,-1.));
#146450=DIRECTION('',(0.,1.,0.));
#146460=AXIS2_PLACEMENT_3D('',#146430,#146440,#146450);
#146470=CIRCLE('',#146460,0.03);
#146480=CARTESIAN_POINT('',(47.38,49.265,15.075));
#146490=VERTEX_POINT('',#146480);
#146500=EDGE_CURVE('',#146490,#146400,#146470,.T.);
#146510=ORIENTED_EDGE('',*,*,#146500,.T.);
#146520=CARTESIAN_POINT('',(47.34,49.265,15.075));
#146530=DIRECTION('',(1.,0.,0.));
#146540=VECTOR('',#146530,1.);
#146550=LINE('',#146520,#146540);
#146560=CARTESIAN_POINT('',(47.34,49.265,15.075));
#146570=VERTEX_POINT('',#146560);
#146580=EDGE_CURVE('',#146570,#146490,#146550,.T.);
#146590=ORIENTED_EDGE('',*,*,#146580,.T.);
#146600=CARTESIAN_POINT('',(47.24,49.225,15.075));
#146610=DIRECTION('',(0.928476690885273,0.37139067635407,0.));
#146620=VECTOR('',#146610,1.);
#146630=LINE('',#146600,#146620);
#146640=CARTESIAN_POINT('',(47.24,49.225,15.075));
#146650=VERTEX_POINT('',#146640);
#146660=EDGE_CURVE('',#146650,#146570,#146630,.T.);
#146670=ORIENTED_EDGE('',*,*,#146660,.T.);
#146680=CARTESIAN_POINT('',(46.86,49.205,15.075));
#146690=DIRECTION('',(0.998617829332511,0.052558833122745,0.));
#146700=VECTOR('',#146690,1.);
#146710=LINE('',#146680,#146700);
#146720=CARTESIAN_POINT('',(46.8599999999999,49.205,15.075));
#146730=VERTEX_POINT('',#146720);
#146740=EDGE_CURVE('',#146730,#146650,#146710,.T.);
#146750=ORIENTED_EDGE('',*,*,#146740,.T.);
#146760=CARTESIAN_POINT('',(46.86,49.255,15.075));
#146770=DIRECTION('',(0.,0.,1.));
#146780=DIRECTION('',(-1.,0.,0.));
#146790=AXIS2_PLACEMENT_3D('',#146760,#146770,#146780);
#146800=CIRCLE('',#146790,0.05);
#146810=EDGE_CURVE('',#145370,#146730,#146800,.T.);
#146820=ORIENTED_EDGE('',*,*,#146810,.T.);
#146830=EDGE_LOOP('',(#146820,#146750,#146670,#146590,#146510,#146420,
#146340,#146330,#146320,#146310,#146300,#146290));
#146840=FACE_OUTER_BOUND('',#146830,.T.);
#146850=ADVANCED_FACE('',(#146840),#146280,.T.);
#146860=CARTESIAN_POINT('',(46.86,49.255,15.075));
#146870=DIRECTION('',(-0.,-0.,1.));
#146880=DIRECTION('',(1.,0.,0.));
#146890=AXIS2_PLACEMENT_3D('',#146860,#146870,#146880);
#146900=CYLINDRICAL_SURFACE('',#146890,0.05);
#146910=ORIENTED_EDGE('',*,*,#146810,.F.);
#146920=CARTESIAN_POINT('',(46.86,49.205,14.925));
#146930=DIRECTION('',(0.,0.,1.));
#146940=VECTOR('',#146930,1.);
#146950=LINE('',#146920,#146940);
#146960=EDGE_CURVE('',#144470,#146730,#146950,.T.);
#146970=ORIENTED_EDGE('',*,*,#146960,.T.);
#146980=ORIENTED_EDGE('',*,*,#144500,.F.);
#146990=ORIENTED_EDGE('',*,*,#145460,.T.);
#147000=EDGE_LOOP('',(#146990,#146980,#146970,#146910));
#147010=FACE_OUTER_BOUND('',#147000,.T.);
#147020=ADVANCED_FACE('',(#147010),#146900,.T.);
#147030=CARTESIAN_POINT('',(47.24,49.225,15.075));
#147040=DIRECTION('',(-0.0525588331227304,0.998617829332512,-0.));
#147050=DIRECTION('',(0.998617829332512,0.0525588331227304,-0.));
#147060=AXIS2_PLACEMENT_3D('',#147030,#147040,#147050);
#147070=PLANE('',#147060);
#147080=ORIENTED_EDGE('',*,*,#146740,.F.);
#147090=CARTESIAN_POINT('',(47.24,49.225,14.925));
#147100=DIRECTION('',(0.,0.,1.));
#147110=VECTOR('',#147100,1.);
#147120=LINE('',#147090,#147110);
#147130=EDGE_CURVE('',#144570,#146650,#147120,.T.);
#147140=ORIENTED_EDGE('',*,*,#147130,.T.);
#147150=ORIENTED_EDGE('',*,*,#144580,.F.);
#147160=ORIENTED_EDGE('',*,*,#146960,.F.);
#147170=EDGE_LOOP('',(#147160,#147150,#147140,#147080));
#147180=FACE_OUTER_BOUND('',#147170,.T.);
#147190=ADVANCED_FACE('',(#147180),#147070,.F.);
#147200=CARTESIAN_POINT('',(47.34,49.265,15.075));
#147210=DIRECTION('',(-0.371390676354106,0.928476690885259,-0.));
#147220=DIRECTION('',(0.928476690885258,0.371390676354106,-0.));
#147230=AXIS2_PLACEMENT_3D('',#147200,#147210,#147220);
#147240=PLANE('',#147230);
#147250=ORIENTED_EDGE('',*,*,#146660,.F.);
#147260=CARTESIAN_POINT('',(47.34,49.265,14.925));
#147270=DIRECTION('',(0.,0.,1.));
#147280=VECTOR('',#147270,1.);
#147290=LINE('',#147260,#147280);
#147300=EDGE_CURVE('',#144650,#146570,#147290,.T.);
#147310=ORIENTED_EDGE('',*,*,#147300,.T.);
#147320=ORIENTED_EDGE('',*,*,#144660,.F.);
#147330=ORIENTED_EDGE('',*,*,#147130,.F.);
#147340=EDGE_LOOP('',(#147330,#147320,#147310,#147250));
#147350=FACE_OUTER_BOUND('',#147340,.T.);
#147360=ADVANCED_FACE('',(#147350),#147240,.F.);
#147370=CARTESIAN_POINT('',(47.38,49.265,15.075));
#147380=DIRECTION('',(-0.,1.,-0.));
#147390=DIRECTION('',(1.,-0.,0.));
#147400=AXIS2_PLACEMENT_3D('',#147370,#147380,#147390);
#147410=PLANE('',#147400);
#147420=ORIENTED_EDGE('',*,*,#146580,.F.);
#147430=CARTESIAN_POINT('',(47.38,49.265,15.075));
#147440=DIRECTION('',(0.,0.,-1.));
#147450=VECTOR('',#147440,1.);
#147460=LINE('',#147430,#147450);
#147470=EDGE_CURVE('',#146490,#144730,#147460,.T.);
#147480=ORIENTED_EDGE('',*,*,#147470,.F.);
#147490=ORIENTED_EDGE('',*,*,#144740,.T.);
#147500=ORIENTED_EDGE('',*,*,#147300,.F.);
#147510=EDGE_LOOP('',(#147500,#147490,#147480,#147420));
#147520=FACE_OUTER_BOUND('',#147510,.T.);
#147530=ADVANCED_FACE('',(#147520),#147410,.F.);
#147540=CARTESIAN_POINT('',(47.38,49.235,15.075));
#147550=DIRECTION('',(-0.,-0.,-1.));
#147560=DIRECTION('',(-1.,0.,0.));
#147570=AXIS2_PLACEMENT_3D('',#147540,#147550,#147560);
#147580=CYLINDRICAL_SURFACE('',#147570,0.03);
#147590=ORIENTED_EDGE('',*,*,#146500,.F.);
#147600=CARTESIAN_POINT('',(47.41,49.235,14.925));
#147610=DIRECTION('',(0.,0.,1.));
#147620=VECTOR('',#147610,1.);
#147630=LINE('',#147600,#147620);
#147640=EDGE_CURVE('',#144820,#146400,#147630,.T.);
#147650=ORIENTED_EDGE('',*,*,#147640,.T.);
#147660=ORIENTED_EDGE('',*,*,#144830,.F.);
#147670=ORIENTED_EDGE('',*,*,#147470,.T.);
#147680=EDGE_LOOP('',(#147670,#147660,#147650,#147590));
#147690=FACE_OUTER_BOUND('',#147680,.T.);
#147700=ADVANCED_FACE('',(#147690),#147580,.F.);
#147710=CARTESIAN_POINT('',(47.51,49.235,15.075));
#147720=DIRECTION('',(5.96744875736022E-15,1.,-0.));
#147730=DIRECTION('',(1.,-5.96744875736022E-15,0.));
#147740=AXIS2_PLACEMENT_3D('',#147710,#147720,#147730);
#147750=PLANE('',#147740);
#147760=ORIENTED_EDGE('',*,*,#146410,.F.);
#147770=ORIENTED_EDGE('',*,*,#144160,.T.);
#147780=ORIENTED_EDGE('',*,*,#144890,.T.);
#147790=ORIENTED_EDGE('',*,*,#147640,.F.);
#147800=EDGE_LOOP('',(#147790,#147780,#147770,#147760));
#147810=FACE_OUTER_BOUND('',#147800,.T.);
#147820=ADVANCED_FACE('',(#147810),#147750,.F.);
#147830=CARTESIAN_POINT('',(47.435,49.43,15.1125));
#147840=DIRECTION('',(0.707106781186547,2.4155268595135E-16,
0.707106781186548));
#147850=DIRECTION('',(-0.707106781186548,-3.92523114670943E-16,
0.707106781186547));
#147860=AXIS2_PLACEMENT_3D('',#147830,#147840,#147850);
#147870=PLANE('',#147860);
#147880=ORIENTED_EDGE('',*,*,#144290,.T.);
#147890=ORIENTED_EDGE('',*,*,#5080,.F.);
#147900=ORIENTED_EDGE('',*,*,#2680,.T.);
#147910=ORIENTED_EDGE('',*,*,#15930,.F.);
#147920=EDGE_LOOP('',(#147910,#147900,#147890,#147880));
#147930=FACE_OUTER_BOUND('',#147920,.T.);
#147940=ADVANCED_FACE('',(#147930),#147870,.F.);
#147950=CARTESIAN_POINT('',(48.0687715809733,49.745,12.125));
#147960=DIRECTION('',(-0.,-0.,1.));
#147970=DIRECTION('',(1.,0.,-0.));
#147980=AXIS2_PLACEMENT_3D('',#147950,#147960,#147970);
#147990=PLANE('',#147980);
#148000=CARTESIAN_POINT('',(46.86,49.255,12.125));
#148010=DIRECTION('',(0.,-0.,-1.));
#148020=DIRECTION('',(7.10542735760141E-13,-1.,0.));
#148030=AXIS2_PLACEMENT_3D('',#148000,#148010,#148020);
#148040=CIRCLE('',#148030,0.05);
#148050=CARTESIAN_POINT('',(46.86,49.205,12.125));
#148060=VERTEX_POINT('',#148050);
#148070=CARTESIAN_POINT('',(46.81,49.255,12.125));
#148080=VERTEX_POINT('',#148070);
#148090=EDGE_CURVE('',#148060,#148080,#148040,.T.);
#148100=ORIENTED_EDGE('',*,*,#148090,.T.);
#148110=CARTESIAN_POINT('',(47.24,49.225,12.125));
#148120=DIRECTION('',(-0.998617829332511,-0.052558833122745,0.));
#148130=VECTOR('',#148120,1.);
#148140=LINE('',#148110,#148130);
#148150=CARTESIAN_POINT('',(47.24,49.225,12.125));
#148160=VERTEX_POINT('',#148150);
#148170=EDGE_CURVE('',#148160,#148060,#148140,.T.);
#148180=ORIENTED_EDGE('',*,*,#148170,.T.);
#148190=CARTESIAN_POINT('',(47.34,49.265,12.125));
#148200=DIRECTION('',(-0.928476690885273,-0.37139067635407,0.));
#148210=VECTOR('',#148200,1.);
#148220=LINE('',#148190,#148210);
#148230=CARTESIAN_POINT('',(47.34,49.265,12.125));
#148240=VERTEX_POINT('',#148230);
#148250=EDGE_CURVE('',#148240,#148160,#148220,.T.);
#148260=ORIENTED_EDGE('',*,*,#148250,.T.);
#148270=CARTESIAN_POINT('',(47.34,49.265,12.125));
#148280=DIRECTION('',(1.,0.,0.));
#148290=VECTOR('',#148280,1.);
#148300=LINE('',#148270,#148290);
#148310=CARTESIAN_POINT('',(47.38,49.265,12.125));
#148320=VERTEX_POINT('',#148310);
#148330=EDGE_CURVE('',#148240,#148320,#148300,.T.);
#148340=ORIENTED_EDGE('',*,*,#148330,.F.);
#148350=CARTESIAN_POINT('',(47.38,49.235,12.125));
#148360=DIRECTION('',(0.,0.,1.));
#148370=DIRECTION('',(1.,0.,0.));
#148380=AXIS2_PLACEMENT_3D('',#148350,#148360,#148370);
#148390=CIRCLE('',#148380,0.03);
#148400=CARTESIAN_POINT('',(47.41,49.235,12.125));
#148410=VERTEX_POINT('',#148400);
#148420=EDGE_CURVE('',#148410,#148320,#148390,.T.);
#148430=ORIENTED_EDGE('',*,*,#148420,.T.);
#148440=CARTESIAN_POINT('',(47.41,49.235,12.125));
#148450=DIRECTION('',(1.,0.,0.));
#148460=VECTOR('',#148450,1.);
#148470=LINE('',#148440,#148460);
#148480=EDGE_CURVE('',#148410,#116960,#148470,.T.);
#148490=ORIENTED_EDGE('',*,*,#148480,.F.);
#148500=ORIENTED_EDGE('',*,*,#116970,.T.);
#148510=ORIENTED_EDGE('',*,*,#9880,.T.);
#148520=CARTESIAN_POINT('',(47.36,49.485,12.125));
#148530=DIRECTION('',(0.,1.,0.));
#148540=VECTOR('',#148530,1.);
#148550=LINE('',#148520,#148540);
#148560=CARTESIAN_POINT('',(47.36,49.485,12.125));
#148570=VERTEX_POINT('',#148560);
#148580=EDGE_CURVE('',#148570,#9790,#148550,.T.);
#148590=ORIENTED_EDGE('',*,*,#148580,.T.);
#148600=CARTESIAN_POINT('',(47.36,49.425,12.125));
#148610=DIRECTION('',(0.,0.,1.));
#148620=DIRECTION('',(7.10542735760073E-13,-1.,0.));
#148630=AXIS2_PLACEMENT_3D('',#148600,#148610,#148620);
#148640=CIRCLE('',#148630,0.06);
#148650=CARTESIAN_POINT('',(47.36,49.365,12.125));
#148660=VERTEX_POINT('',#148650);
#148670=EDGE_CURVE('',#148660,#148570,#148640,.T.);
#148680=ORIENTED_EDGE('',*,*,#148670,.T.);
#148690=CARTESIAN_POINT('',(46.81,49.365,12.125));
#148700=DIRECTION('',(1.,0.,0.));
#148710=VECTOR('',#148700,1.);
#148720=LINE('',#148690,#148710);
#148730=CARTESIAN_POINT('',(46.81,49.365,12.125));
#148740=VERTEX_POINT('',#148730);
#148750=EDGE_CURVE('',#148740,#148660,#148720,.T.);
#148760=ORIENTED_EDGE('',*,*,#148750,.T.);
#148770=CARTESIAN_POINT('',(46.81,49.255,12.125));
#148780=DIRECTION('',(0.,1.,0.));
#148790=VECTOR('',#148780,1.);
#148800=LINE('',#148770,#148790);
#148810=EDGE_CURVE('',#148080,#148740,#148800,.T.);
#148820=ORIENTED_EDGE('',*,*,#148810,.T.);
#148830=EDGE_LOOP('',(#148820,#148760,#148680,#148590,#148510,#148500,
#148490,#148430,#148340,#148260,#148180,#148100));
#148840=FACE_OUTER_BOUND('',#148830,.T.);
#148850=ADVANCED_FACE('',(#148840),#147990,.F.);
#148860=CARTESIAN_POINT('',(46.81,49.255,12.125));
#148870=DIRECTION('',(-1.,-0.,-0.));
#148880=DIRECTION('',(0.,-1.,0.));
#148890=AXIS2_PLACEMENT_3D('',#148860,#148870,#148880);
#148900=PLANE('',#148890);
#148910=CARTESIAN_POINT('',(46.81,49.365,12.275));
#148920=DIRECTION('',(0.,0.,-1.));
#148930=VECTOR('',#148920,1.);
#148940=LINE('',#148910,#148930);
#148950=CARTESIAN_POINT('',(46.81,49.365,12.275));
#148960=VERTEX_POINT('',#148950);
#148970=EDGE_CURVE('',#148960,#148740,#148940,.T.);
#148980=ORIENTED_EDGE('',*,*,#148970,.T.);
#148990=CARTESIAN_POINT('',(46.81,49.255,12.275));
#149000=DIRECTION('',(0.,1.,0.));
#149010=VECTOR('',#149000,1.);
#149020=LINE('',#148990,#149010);
#149030=CARTESIAN_POINT('',(46.81,49.255,12.275));
#149040=VERTEX_POINT('',#149030);
#149050=EDGE_CURVE('',#149040,#148960,#149020,.T.);
#149060=ORIENTED_EDGE('',*,*,#149050,.T.);
#149070=CARTESIAN_POINT('',(46.81,49.255,12.275));
#149080=DIRECTION('',(0.,0.,-1.));
#149090=VECTOR('',#149080,1.);
#149100=LINE('',#149070,#149090);
#149110=EDGE_CURVE('',#149040,#148080,#149100,.T.);
#149120=ORIENTED_EDGE('',*,*,#149110,.F.);
#149130=ORIENTED_EDGE('',*,*,#148810,.F.);
#149140=EDGE_LOOP('',(#149130,#149120,#149060,#148980));
#149150=FACE_OUTER_BOUND('',#149140,.T.);
#149160=ADVANCED_FACE('',(#149150),#148900,.T.);
#149170=CARTESIAN_POINT('',(46.81,49.365,12.125));
#149180=DIRECTION('',(-0.,1.,-0.));
#149190=DIRECTION('',(-1.,-0.,0.));
#149200=AXIS2_PLACEMENT_3D('',#149170,#149180,#149190);
#149210=PLANE('',#149200);
#149220=CARTESIAN_POINT('',(47.36,49.365,12.125));
#149230=DIRECTION('',(0.,0.,1.));
#149240=VECTOR('',#149230,1.);
#149250=LINE('',#149220,#149240);
#149260=CARTESIAN_POINT('',(47.36,49.365,12.275));
#149270=VERTEX_POINT('',#149260);
#149280=EDGE_CURVE('',#148660,#149270,#149250,.T.);
#149290=ORIENTED_EDGE('',*,*,#149280,.F.);
#149300=CARTESIAN_POINT('',(46.81,49.365,12.275));
#149310=DIRECTION('',(1.,0.,0.));
#149320=VECTOR('',#149310,1.);
#149330=LINE('',#149300,#149320);
#149340=EDGE_CURVE('',#148960,#149270,#149330,.T.);
#149350=ORIENTED_EDGE('',*,*,#149340,.T.);
#149360=ORIENTED_EDGE('',*,*,#148970,.F.);
#149370=ORIENTED_EDGE('',*,*,#148750,.F.);
#149380=EDGE_LOOP('',(#149370,#149360,#149350,#149290));
#149390=FACE_OUTER_BOUND('',#149380,.T.);
#149400=ADVANCED_FACE('',(#149390),#149210,.T.);
#149410=CARTESIAN_POINT('',(47.36,49.425,12.125));
#149420=DIRECTION('',(-0.,-0.,1.));
#149430=DIRECTION('',(-1.,0.,-0.));
#149440=AXIS2_PLACEMENT_3D('',#149410,#149420,#149430);
#149450=CYLINDRICAL_SURFACE('',#149440,0.06);
#149460=CARTESIAN_POINT('',(47.36,49.485,12.275));
#149470=DIRECTION('',(0.,0.,-1.));
#149480=VECTOR('',#149470,1.);
#149490=LINE('',#149460,#149480);
#149500=CARTESIAN_POINT('',(47.36,49.485,12.275));
#149510=VERTEX_POINT('',#149500);
#149520=EDGE_CURVE('',#149510,#148570,#149490,.T.);
#149530=ORIENTED_EDGE('',*,*,#149520,.T.);
#149540=CARTESIAN_POINT('',(47.36,49.425,12.275));
#149550=DIRECTION('',(0.,0.,-1.));
#149560=DIRECTION('',(1.,0.,0.));
#149570=AXIS2_PLACEMENT_3D('',#149540,#149550,#149560);
#149580=CIRCLE('',#149570,0.06);
#149590=EDGE_CURVE('',#149510,#149270,#149580,.T.);
#149600=ORIENTED_EDGE('',*,*,#149590,.F.);
#149610=ORIENTED_EDGE('',*,*,#149280,.T.);
#149620=ORIENTED_EDGE('',*,*,#148670,.F.);
#149630=EDGE_LOOP('',(#149620,#149610,#149600,#149530));
#149640=FACE_OUTER_BOUND('',#149630,.T.);
#149650=ADVANCED_FACE('',(#149640),#149450,.F.);
#149660=CARTESIAN_POINT('',(47.36,49.485,12.125));
#149670=DIRECTION('',(-1.,-0.,-0.));
#149680=DIRECTION('',(0.,-1.,0.));
#149690=AXIS2_PLACEMENT_3D('',#149660,#149670,#149680);
#149700=PLANE('',#149690);
#149710=ORIENTED_EDGE('',*,*,#9800,.T.);
#149720=CARTESIAN_POINT('',(47.36,49.485,12.275));
#149730=DIRECTION('',(0.,1.,0.));
#149740=VECTOR('',#149730,1.);
#149750=LINE('',#149720,#149740);
#149760=EDGE_CURVE('',#149510,#9710,#149750,.T.);
#149770=ORIENTED_EDGE('',*,*,#149760,.T.);
#149780=ORIENTED_EDGE('',*,*,#149520,.F.);
#149790=ORIENTED_EDGE('',*,*,#148580,.F.);
#149800=EDGE_LOOP('',(#149790,#149780,#149770,#149710));
#149810=FACE_OUTER_BOUND('',#149800,.T.);
#149820=ADVANCED_FACE('',(#149810),#149700,.T.);
#149830=CARTESIAN_POINT('',(48.0687715809733,49.745,12.275));
#149840=DIRECTION('',(-0.,-0.,1.));
#149850=DIRECTION('',(1.,0.,-0.));
#149860=AXIS2_PLACEMENT_3D('',#149830,#149840,#149850);
#149870=PLANE('',#149860);
#149880=ORIENTED_EDGE('',*,*,#149050,.F.);
#149890=ORIENTED_EDGE('',*,*,#149340,.F.);
#149900=ORIENTED_EDGE('',*,*,#149590,.T.);
#149910=ORIENTED_EDGE('',*,*,#149760,.F.);
#149920=ORIENTED_EDGE('',*,*,#9720,.F.);
#149930=ORIENTED_EDGE('',*,*,#117110,.F.);
#149940=CARTESIAN_POINT('',(47.41,49.235,12.275));
#149950=DIRECTION('',(1.,0.,0.));
#149960=VECTOR('',#149950,1.);
#149970=LINE('',#149940,#149960);
#149980=CARTESIAN_POINT('',(47.41,49.235,12.275));
#149990=VERTEX_POINT('',#149980);
#150000=EDGE_CURVE('',#149990,#117040,#149970,.T.);
#150010=ORIENTED_EDGE('',*,*,#150000,.T.);
#150020=CARTESIAN_POINT('',(47.38,49.235,12.275));
#150030=DIRECTION('',(0.,0.,-1.));
#150040=DIRECTION('',(0.,1.,0.));
#150050=AXIS2_PLACEMENT_3D('',#150020,#150030,#150040);
#150060=CIRCLE('',#150050,0.03);
#150070=CARTESIAN_POINT('',(47.38,49.265,12.275));
#150080=VERTEX_POINT('',#150070);
#150090=EDGE_CURVE('',#150080,#149990,#150060,.T.);
#150100=ORIENTED_EDGE('',*,*,#150090,.T.);
#150110=CARTESIAN_POINT('',(47.34,49.265,12.275));
#150120=DIRECTION('',(1.,0.,0.));
#150130=VECTOR('',#150120,1.);
#150140=LINE('',#150110,#150130);
#150150=CARTESIAN_POINT('',(47.34,49.265,12.275));
#150160=VERTEX_POINT('',#150150);
#150170=EDGE_CURVE('',#150160,#150080,#150140,.T.);
#150180=ORIENTED_EDGE('',*,*,#150170,.T.);
#150190=CARTESIAN_POINT('',(47.24,49.225,12.275));
#150200=DIRECTION('',(0.928476690885273,0.37139067635407,0.));
#150210=VECTOR('',#150200,1.);
#150220=LINE('',#150190,#150210);
#150230=CARTESIAN_POINT('',(47.24,49.225,12.275));
#150240=VERTEX_POINT('',#150230);
#150250=EDGE_CURVE('',#150240,#150160,#150220,.T.);
#150260=ORIENTED_EDGE('',*,*,#150250,.T.);
#150270=CARTESIAN_POINT('',(46.86,49.205,12.275));
#150280=DIRECTION('',(0.998617829332511,0.052558833122745,0.));
#150290=VECTOR('',#150280,1.);
#150300=LINE('',#150270,#150290);
#150310=CARTESIAN_POINT('',(46.8599999999999,49.205,12.275));
#150320=VERTEX_POINT('',#150310);
#150330=EDGE_CURVE('',#150320,#150240,#150300,.T.);
#150340=ORIENTED_EDGE('',*,*,#150330,.T.);
#150350=CARTESIAN_POINT('',(46.86,49.255,12.275));
#150360=DIRECTION('',(0.,0.,1.));
#150370=DIRECTION('',(-1.,0.,0.));
#150380=AXIS2_PLACEMENT_3D('',#150350,#150360,#150370);
#150390=CIRCLE('',#150380,0.05);
#150400=EDGE_CURVE('',#149040,#150320,#150390,.T.);
#150410=ORIENTED_EDGE('',*,*,#150400,.T.);
#150420=EDGE_LOOP('',(#150410,#150340,#150260,#150180,#150100,#150010,
#149930,#149920,#149910,#149900,#149890,#149880));
#150430=FACE_OUTER_BOUND('',#150420,.T.);
#150440=ADVANCED_FACE('',(#150430),#149870,.T.);
#150450=CARTESIAN_POINT('',(46.86,49.255,12.125));
#150460=DIRECTION('',(-0.,-0.,-1.));
#150470=DIRECTION('',(1.,0.,0.));
#150480=AXIS2_PLACEMENT_3D('',#150450,#150460,#150470);
#150490=CYLINDRICAL_SURFACE('',#150480,0.05);
#150500=ORIENTED_EDGE('',*,*,#149110,.T.);
#150510=ORIENTED_EDGE('',*,*,#150400,.F.);
#150520=CARTESIAN_POINT('',(46.86,49.205,12.125));
#150530=DIRECTION('',(0.,0.,1.));
#150540=VECTOR('',#150530,1.);
#150550=LINE('',#150520,#150540);
#150560=EDGE_CURVE('',#148060,#150320,#150550,.T.);
#150570=ORIENTED_EDGE('',*,*,#150560,.T.);
#150580=ORIENTED_EDGE('',*,*,#148090,.F.);
#150590=EDGE_LOOP('',(#150580,#150570,#150510,#150500));
#150600=FACE_OUTER_BOUND('',#150590,.T.);
#150610=ADVANCED_FACE('',(#150600),#150490,.T.);
#150620=CARTESIAN_POINT('',(47.24,49.225,12.125));
#150630=DIRECTION('',(0.0525588331227304,-0.998617829332512,-0.));
#150640=DIRECTION('',(0.998617829332512,0.0525588331227304,0.));
#150650=AXIS2_PLACEMENT_3D('',#150620,#150630,#150640);
#150660=PLANE('',#150650);
#150670=ORIENTED_EDGE('',*,*,#150560,.F.);
#150680=ORIENTED_EDGE('',*,*,#150330,.F.);
#150690=CARTESIAN_POINT('',(47.24,49.225,12.275));
#150700=DIRECTION('',(0.,0.,-1.));
#150710=VECTOR('',#150700,1.);
#150720=LINE('',#150690,#150710);
#150730=EDGE_CURVE('',#150240,#148160,#150720,.T.);
#150740=ORIENTED_EDGE('',*,*,#150730,.F.);
#150750=ORIENTED_EDGE('',*,*,#148170,.F.);
#150760=EDGE_LOOP('',(#150750,#150740,#150680,#150670));
#150770=FACE_OUTER_BOUND('',#150760,.T.);
#150780=ADVANCED_FACE('',(#150770),#150660,.T.);
#150790=CARTESIAN_POINT('',(47.34,49.265,12.125));
#150800=DIRECTION('',(0.371390676354106,-0.928476690885259,-0.));
#150810=DIRECTION('',(0.928476690885258,0.371390676354106,0.));
#150820=AXIS2_PLACEMENT_3D('',#150790,#150800,#150810);
#150830=PLANE('',#150820);
#150840=ORIENTED_EDGE('',*,*,#150730,.T.);
#150850=ORIENTED_EDGE('',*,*,#150250,.F.);
#150860=CARTESIAN_POINT('',(47.34,49.265,12.275));
#150870=DIRECTION('',(0.,0.,-1.));
#150880=VECTOR('',#150870,1.);
#150890=LINE('',#150860,#150880);
#150900=EDGE_CURVE('',#150160,#148240,#150890,.T.);
#150910=ORIENTED_EDGE('',*,*,#150900,.F.);
#150920=ORIENTED_EDGE('',*,*,#148250,.F.);
#150930=EDGE_LOOP('',(#150920,#150910,#150850,#150840));
#150940=FACE_OUTER_BOUND('',#150930,.T.);
#150950=ADVANCED_FACE('',(#150940),#150830,.T.);
#150960=CARTESIAN_POINT('',(47.38,49.265,12.125));
#150970=DIRECTION('',(-0.,-1.,-0.));
#150980=DIRECTION('',(1.,0.,0.));
#150990=AXIS2_PLACEMENT_3D('',#150960,#150970,#150980);
#151000=PLANE('',#150990);
#151010=ORIENTED_EDGE('',*,*,#150900,.T.);
#151020=ORIENTED_EDGE('',*,*,#150170,.F.);
#151030=CARTESIAN_POINT('',(47.38,49.265,12.275));
#151040=DIRECTION('',(0.,0.,-1.));
#151050=VECTOR('',#151040,1.);
#151060=LINE('',#151030,#151050);
#151070=EDGE_CURVE('',#150080,#148320,#151060,.T.);
#151080=ORIENTED_EDGE('',*,*,#151070,.F.);
#151090=ORIENTED_EDGE('',*,*,#148330,.T.);
#151100=EDGE_LOOP('',(#151090,#151080,#151020,#151010));
#151110=FACE_OUTER_BOUND('',#151100,.T.);
#151120=ADVANCED_FACE('',(#151110),#151000,.T.);
#151130=CARTESIAN_POINT('',(47.38,49.235,12.125));
#151140=DIRECTION('',(-0.,-0.,1.));
#151150=DIRECTION('',(-1.,0.,-0.));
#151160=AXIS2_PLACEMENT_3D('',#151130,#151140,#151150);
#151170=CYLINDRICAL_SURFACE('',#151160,0.03);
#151180=ORIENTED_EDGE('',*,*,#151070,.T.);
#151190=ORIENTED_EDGE('',*,*,#150090,.F.);
#151200=CARTESIAN_POINT('',(47.41,49.235,12.125));
#151210=DIRECTION('',(0.,0.,1.));
#151220=VECTOR('',#151210,1.);
#151230=LINE('',#151200,#151220);
#151240=EDGE_CURVE('',#148410,#149990,#151230,.T.);
#151250=ORIENTED_EDGE('',*,*,#151240,.T.);
#151260=ORIENTED_EDGE('',*,*,#148420,.F.);
#151270=EDGE_LOOP('',(#151260,#151250,#151190,#151180));
#151280=FACE_OUTER_BOUND('',#151270,.T.);
#151290=ADVANCED_FACE('',(#151280),#151170,.F.);
#151300=CARTESIAN_POINT('',(47.51,49.235,12.125));
#151310=DIRECTION('',(-5.96744875736022E-15,-1.,-0.));
#151320=DIRECTION('',(1.,-5.96744875736022E-15,0.));
#151330=AXIS2_PLACEMENT_3D('',#151300,#151310,#151320);
#151340=PLANE('',#151330);
#151350=ORIENTED_EDGE('',*,*,#151240,.F.);
#151360=ORIENTED_EDGE('',*,*,#150000,.F.);
#151370=ORIENTED_EDGE('',*,*,#117050,.F.);
#151380=ORIENTED_EDGE('',*,*,#148480,.T.);
#151390=EDGE_LOOP('',(#151380,#151370,#151360,#151350));
#151400=FACE_OUTER_BOUND('',#151390,.T.);
#151410=ADVANCED_FACE('',(#151400),#151340,.T.);
#151420=CARTESIAN_POINT('',(48.0687715809733,49.745,11.725));
#151430=DIRECTION('',(-0.,-0.,1.));
#151440=DIRECTION('',(1.,0.,-0.));
#151450=AXIS2_PLACEMENT_3D('',#151420,#151430,#151440);
#151460=PLANE('',#151450);
#151470=CARTESIAN_POINT('',(46.86,49.255,11.725));
#151480=DIRECTION('',(0.,-0.,-1.));
#151490=DIRECTION('',(7.10542735760141E-13,-1.,0.));
#151500=AXIS2_PLACEMENT_3D('',#151470,#151480,#151490);
#151510=CIRCLE('',#151500,0.05);
#151520=CARTESIAN_POINT('',(46.86,49.205,11.725));
#151530=VERTEX_POINT('',#151520);
#151540=CARTESIAN_POINT('',(46.81,49.255,11.725));
#151550=VERTEX_POINT('',#151540);
#151560=EDGE_CURVE('',#151530,#151550,#151510,.T.);
#151570=ORIENTED_EDGE('',*,*,#151560,.T.);
#151580=CARTESIAN_POINT('',(47.24,49.225,11.725));
#151590=DIRECTION('',(-0.998617829332511,-0.052558833122745,0.));
#151600=VECTOR('',#151590,1.);
#151610=LINE('',#151580,#151600);
#151620=CARTESIAN_POINT('',(47.24,49.225,11.725));
#151630=VERTEX_POINT('',#151620);
#151640=EDGE_CURVE('',#151630,#151530,#151610,.T.);
#151650=ORIENTED_EDGE('',*,*,#151640,.T.);
#151660=CARTESIAN_POINT('',(47.34,49.265,11.725));
#151670=DIRECTION('',(-0.928476690885273,-0.37139067635407,0.));
#151680=VECTOR('',#151670,1.);
#151690=LINE('',#151660,#151680);
#151700=CARTESIAN_POINT('',(47.34,49.265,11.725));
#151710=VERTEX_POINT('',#151700);
#151720=EDGE_CURVE('',#151710,#151630,#151690,.T.);
#151730=ORIENTED_EDGE('',*,*,#151720,.T.);
#151740=CARTESIAN_POINT('',(47.34,49.265,11.725));
#151750=DIRECTION('',(1.,0.,0.));
#151760=VECTOR('',#151750,1.);
#151770=LINE('',#151740,#151760);
#151780=CARTESIAN_POINT('',(47.38,49.265,11.725));
#151790=VERTEX_POINT('',#151780);
#151800=EDGE_CURVE('',#151710,#151790,#151770,.T.);
#151810=ORIENTED_EDGE('',*,*,#151800,.F.);
#151820=CARTESIAN_POINT('',(47.38,49.235,11.725));
#151830=DIRECTION('',(0.,0.,1.));
#151840=DIRECTION('',(1.,0.,0.));
#151850=AXIS2_PLACEMENT_3D('',#151820,#151830,#151840);
#151860=CIRCLE('',#151850,0.03);
#151870=CARTESIAN_POINT('',(47.41,49.235,11.725));
#151880=VERTEX_POINT('',#151870);
#151890=EDGE_CURVE('',#151880,#151790,#151860,.T.);
#151900=ORIENTED_EDGE('',*,*,#151890,.T.);
#151910=CARTESIAN_POINT('',(47.41,49.235,11.725));
#151920=DIRECTION('',(1.,0.,0.));
#151930=VECTOR('',#151920,1.);
#151940=LINE('',#151910,#151930);
#151950=EDGE_CURVE('',#151880,#116050,#151940,.T.);
#151960=ORIENTED_EDGE('',*,*,#151950,.F.);
#151970=ORIENTED_EDGE('',*,*,#116060,.T.);
#151980=ORIENTED_EDGE('',*,*,#10520,.T.);
#151990=CARTESIAN_POINT('',(47.36,49.485,11.725));
#152000=DIRECTION('',(0.,1.,0.));
#152010=VECTOR('',#152000,1.);
#152020=LINE('',#151990,#152010);
#152030=CARTESIAN_POINT('',(47.36,49.485,11.725));
#152040=VERTEX_POINT('',#152030);
#152050=EDGE_CURVE('',#152040,#10430,#152020,.T.);
#152060=ORIENTED_EDGE('',*,*,#152050,.T.);
#152070=CARTESIAN_POINT('',(47.36,49.425,11.725));
#152080=DIRECTION('',(0.,0.,1.));
#152090=DIRECTION('',(7.10542735760073E-13,-1.,0.));
#152100=AXIS2_PLACEMENT_3D('',#152070,#152080,#152090);
#152110=CIRCLE('',#152100,0.06);
#152120=CARTESIAN_POINT('',(47.36,49.365,11.725));
#152130=VERTEX_POINT('',#152120);
#152140=EDGE_CURVE('',#152130,#152040,#152110,.T.);
#152150=ORIENTED_EDGE('',*,*,#152140,.T.);
#152160=CARTESIAN_POINT('',(46.81,49.365,11.725));
#152170=DIRECTION('',(1.,0.,0.));
#152180=VECTOR('',#152170,1.);
#152190=LINE('',#152160,#152180);
#152200=CARTESIAN_POINT('',(46.81,49.365,11.725));
#152210=VERTEX_POINT('',#152200);
#152220=EDGE_CURVE('',#152210,#152130,#152190,.T.);
#152230=ORIENTED_EDGE('',*,*,#152220,.T.);
#152240=CARTESIAN_POINT('',(46.81,49.255,11.725));
#152250=DIRECTION('',(0.,1.,0.));
#152260=VECTOR('',#152250,1.);
#152270=LINE('',#152240,#152260);
#152280=EDGE_CURVE('',#151550,#152210,#152270,.T.);
#152290=ORIENTED_EDGE('',*,*,#152280,.T.);
#152300=EDGE_LOOP('',(#152290,#152230,#152150,#152060,#151980,#151970,
#151960,#151900,#151810,#151730,#151650,#151570));
#152310=FACE_OUTER_BOUND('',#152300,.T.);
#152320=ADVANCED_FACE('',(#152310),#151460,.F.);
#152330=CARTESIAN_POINT('',(46.81,49.255,11.725));
#152340=DIRECTION('',(-1.,-0.,-0.));
#152350=DIRECTION('',(0.,-1.,0.));
#152360=AXIS2_PLACEMENT_3D('',#152330,#152340,#152350);
#152370=PLANE('',#152360);
#152380=CARTESIAN_POINT('',(46.81,49.365,11.875));
#152390=DIRECTION('',(0.,0.,-1.));
#152400=VECTOR('',#152390,1.);
#152410=LINE('',#152380,#152400);
#152420=CARTESIAN_POINT('',(46.81,49.365,11.875));
#152430=VERTEX_POINT('',#152420);
#152440=EDGE_CURVE('',#152430,#152210,#152410,.T.);
#152450=ORIENTED_EDGE('',*,*,#152440,.T.);
#152460=CARTESIAN_POINT('',(46.81,49.255,11.875));
#152470=DIRECTION('',(0.,1.,0.));
#152480=VECTOR('',#152470,1.);
#152490=LINE('',#152460,#152480);
#152500=CARTESIAN_POINT('',(46.81,49.255,11.875));
#152510=VERTEX_POINT('',#152500);
#152520=EDGE_CURVE('',#152510,#152430,#152490,.T.);
#152530=ORIENTED_EDGE('',*,*,#152520,.T.);
#152540=CARTESIAN_POINT('',(46.81,49.255,11.875));
#152550=DIRECTION('',(0.,0.,-1.));
#152560=VECTOR('',#152550,1.);
#152570=LINE('',#152540,#152560);
#152580=EDGE_CURVE('',#152510,#151550,#152570,.T.);
#152590=ORIENTED_EDGE('',*,*,#152580,.F.);
#152600=ORIENTED_EDGE('',*,*,#152280,.F.);
#152610=EDGE_LOOP('',(#152600,#152590,#152530,#152450));
#152620=FACE_OUTER_BOUND('',#152610,.T.);
#152630=ADVANCED_FACE('',(#152620),#152370,.T.);
#152640=CARTESIAN_POINT('',(46.81,49.365,11.725));
#152650=DIRECTION('',(-0.,1.,-0.));
#152660=DIRECTION('',(-1.,-0.,0.));
#152670=AXIS2_PLACEMENT_3D('',#152640,#152650,#152660);
#152680=PLANE('',#152670);
#152690=CARTESIAN_POINT('',(47.36,49.365,11.725));
#152700=DIRECTION('',(0.,0.,1.));
#152710=VECTOR('',#152700,1.);
#152720=LINE('',#152690,#152710);
#152730=CARTESIAN_POINT('',(47.36,49.365,11.875));
#152740=VERTEX_POINT('',#152730);
#152750=EDGE_CURVE('',#152130,#152740,#152720,.T.);
#152760=ORIENTED_EDGE('',*,*,#152750,.F.);
#152770=CARTESIAN_POINT('',(46.81,49.365,11.875));
#152780=DIRECTION('',(1.,0.,0.));
#152790=VECTOR('',#152780,1.);
#152800=LINE('',#152770,#152790);
#152810=EDGE_CURVE('',#152430,#152740,#152800,.T.);
#152820=ORIENTED_EDGE('',*,*,#152810,.T.);
#152830=ORIENTED_EDGE('',*,*,#152440,.F.);
#152840=ORIENTED_EDGE('',*,*,#152220,.F.);
#152850=EDGE_LOOP('',(#152840,#152830,#152820,#152760));
#152860=FACE_OUTER_BOUND('',#152850,.T.);
#152870=ADVANCED_FACE('',(#152860),#152680,.T.);
#152880=CARTESIAN_POINT('',(47.36,49.425,11.725));
#152890=DIRECTION('',(-0.,-0.,1.));
#152900=DIRECTION('',(-1.,0.,-0.));
#152910=AXIS2_PLACEMENT_3D('',#152880,#152890,#152900);
#152920=CYLINDRICAL_SURFACE('',#152910,0.06);
#152930=CARTESIAN_POINT('',(47.36,49.485,11.875));
#152940=DIRECTION('',(0.,0.,-1.));
#152950=VECTOR('',#152940,1.);
#152960=LINE('',#152930,#152950);
#152970=CARTESIAN_POINT('',(47.36,49.485,11.875));
#152980=VERTEX_POINT('',#152970);
#152990=EDGE_CURVE('',#152980,#152040,#152960,.T.);
#153000=ORIENTED_EDGE('',*,*,#152990,.T.);
#153010=CARTESIAN_POINT('',(47.36,49.425,11.875));
#153020=DIRECTION('',(0.,0.,-1.));
#153030=DIRECTION('',(1.,0.,0.));
#153040=AXIS2_PLACEMENT_3D('',#153010,#153020,#153030);
#153050=CIRCLE('',#153040,0.06);
#153060=EDGE_CURVE('',#152980,#152740,#153050,.T.);
#153070=ORIENTED_EDGE('',*,*,#153060,.F.);
#153080=ORIENTED_EDGE('',*,*,#152750,.T.);
#153090=ORIENTED_EDGE('',*,*,#152140,.F.);
#153100=EDGE_LOOP('',(#153090,#153080,#153070,#153000));
#153110=FACE_OUTER_BOUND('',#153100,.T.);
#153120=ADVANCED_FACE('',(#153110),#152920,.F.);
#153130=CARTESIAN_POINT('',(47.36,49.485,11.725));
#153140=DIRECTION('',(-1.,-0.,-0.));
#153150=DIRECTION('',(0.,-1.,0.));
#153160=AXIS2_PLACEMENT_3D('',#153130,#153140,#153150);
#153170=PLANE('',#153160);
#153180=ORIENTED_EDGE('',*,*,#10440,.T.);
#153190=CARTESIAN_POINT('',(47.36,49.485,11.875));
#153200=DIRECTION('',(0.,1.,0.));
#153210=VECTOR('',#153200,1.);
#153220=LINE('',#153190,#153210);
#153230=EDGE_CURVE('',#152980,#10350,#153220,.T.);
#153240=ORIENTED_EDGE('',*,*,#153230,.T.);
#153250=ORIENTED_EDGE('',*,*,#152990,.F.);
#153260=ORIENTED_EDGE('',*,*,#152050,.F.);
#153270=EDGE_LOOP('',(#153260,#153250,#153240,#153180));
#153280=FACE_OUTER_BOUND('',#153270,.T.);
#153290=ADVANCED_FACE('',(#153280),#153170,.T.);
#153300=CARTESIAN_POINT('',(48.0687715809733,49.745,11.875));
#153310=DIRECTION('',(-0.,-0.,1.));
#153320=DIRECTION('',(1.,0.,-0.));
#153330=AXIS2_PLACEMENT_3D('',#153300,#153310,#153320);
#153340=PLANE('',#153330);
#153350=ORIENTED_EDGE('',*,*,#152520,.F.);
#153360=ORIENTED_EDGE('',*,*,#152810,.F.);
#153370=ORIENTED_EDGE('',*,*,#153060,.T.);
#153380=ORIENTED_EDGE('',*,*,#153230,.F.);
#153390=ORIENTED_EDGE('',*,*,#10360,.F.);
#153400=ORIENTED_EDGE('',*,*,#116200,.F.);
#153410=CARTESIAN_POINT('',(47.41,49.235,11.875));
#153420=DIRECTION('',(1.,0.,0.));
#153430=VECTOR('',#153420,1.);
#153440=LINE('',#153410,#153430);
#153450=CARTESIAN_POINT('',(47.41,49.235,11.875));
#153460=VERTEX_POINT('',#153450);
#153470=EDGE_CURVE('',#153460,#116130,#153440,.T.);
#153480=ORIENTED_EDGE('',*,*,#153470,.T.);
#153490=CARTESIAN_POINT('',(47.38,49.235,11.875));
#153500=DIRECTION('',(0.,0.,-1.));
#153510=DIRECTION('',(0.,1.,0.));
#153520=AXIS2_PLACEMENT_3D('',#153490,#153500,#153510);
#153530=CIRCLE('',#153520,0.03);
#153540=CARTESIAN_POINT('',(47.38,49.265,11.875));
#153550=VERTEX_POINT('',#153540);
#153560=EDGE_CURVE('',#153550,#153460,#153530,.T.);
#153570=ORIENTED_EDGE('',*,*,#153560,.T.);
#153580=CARTESIAN_POINT('',(47.34,49.265,11.875));
#153590=DIRECTION('',(1.,0.,0.));
#153600=VECTOR('',#153590,1.);
#153610=LINE('',#153580,#153600);
#153620=CARTESIAN_POINT('',(47.34,49.265,11.875));
#153630=VERTEX_POINT('',#153620);
#153640=EDGE_CURVE('',#153630,#153550,#153610,.T.);
#153650=ORIENTED_EDGE('',*,*,#153640,.T.);
#153660=CARTESIAN_POINT('',(47.24,49.225,11.875));
#153670=DIRECTION('',(0.928476690885273,0.37139067635407,0.));
#153680=VECTOR('',#153670,1.);
#153690=LINE('',#153660,#153680);
#153700=CARTESIAN_POINT('',(47.24,49.225,11.875));
#153710=VERTEX_POINT('',#153700);
#153720=EDGE_CURVE('',#153710,#153630,#153690,.T.);
#153730=ORIENTED_EDGE('',*,*,#153720,.T.);
#153740=CARTESIAN_POINT('',(46.86,49.205,11.875));
#153750=DIRECTION('',(0.998617829332511,0.052558833122745,0.));
#153760=VECTOR('',#153750,1.);
#153770=LINE('',#153740,#153760);
#153780=CARTESIAN_POINT('',(46.8599999999999,49.205,11.875));
#153790=VERTEX_POINT('',#153780);
#153800=EDGE_CURVE('',#153790,#153710,#153770,.T.);
#153810=ORIENTED_EDGE('',*,*,#153800,.T.);
#153820=CARTESIAN_POINT('',(46.86,49.255,11.875));
#153830=DIRECTION('',(0.,0.,1.));
#153840=DIRECTION('',(-1.,0.,0.));
#153850=AXIS2_PLACEMENT_3D('',#153820,#153830,#153840);
#153860=CIRCLE('',#153850,0.05);
#153870=EDGE_CURVE('',#152510,#153790,#153860,.T.);
#153880=ORIENTED_EDGE('',*,*,#153870,.T.);
#153890=EDGE_LOOP('',(#153880,#153810,#153730,#153650,#153570,#153480,
#153400,#153390,#153380,#153370,#153360,#153350));
#153900=FACE_OUTER_BOUND('',#153890,.T.);
#153910=ADVANCED_FACE('',(#153900),#153340,.T.);
#153920=CARTESIAN_POINT('',(46.86,49.255,11.725));
#153930=DIRECTION('',(-0.,-0.,-1.));
#153940=DIRECTION('',(1.,0.,0.));
#153950=AXIS2_PLACEMENT_3D('',#153920,#153930,#153940);
#153960=CYLINDRICAL_SURFACE('',#153950,0.05);
#153970=ORIENTED_EDGE('',*,*,#152580,.T.);
#153980=ORIENTED_EDGE('',*,*,#153870,.F.);
#153990=CARTESIAN_POINT('',(46.86,49.205,11.725));
#154000=DIRECTION('',(0.,0.,1.));
#154010=VECTOR('',#154000,1.);
#154020=LINE('',#153990,#154010);
#154030=EDGE_CURVE('',#151530,#153790,#154020,.T.);
#154040=ORIENTED_EDGE('',*,*,#154030,.T.);
#154050=ORIENTED_EDGE('',*,*,#151560,.F.);
#154060=EDGE_LOOP('',(#154050,#154040,#153980,#153970));
#154070=FACE_OUTER_BOUND('',#154060,.T.);
#154080=ADVANCED_FACE('',(#154070),#153960,.T.);
#154090=CARTESIAN_POINT('',(47.24,49.225,11.725));
#154100=DIRECTION('',(0.0525588331227304,-0.998617829332512,-0.));
#154110=DIRECTION('',(0.998617829332512,0.0525588331227304,0.));
#154120=AXIS2_PLACEMENT_3D('',#154090,#154100,#154110);
#154130=PLANE('',#154120);
#154140=ORIENTED_EDGE('',*,*,#154030,.F.);
#154150=ORIENTED_EDGE('',*,*,#153800,.F.);
#154160=CARTESIAN_POINT('',(47.24,49.225,11.875));
#154170=DIRECTION('',(0.,0.,-1.));
#154180=VECTOR('',#154170,1.);
#154190=LINE('',#154160,#154180);
#154200=EDGE_CURVE('',#153710,#151630,#154190,.T.);
#154210=ORIENTED_EDGE('',*,*,#154200,.F.);
#154220=ORIENTED_EDGE('',*,*,#151640,.F.);
#154230=EDGE_LOOP('',(#154220,#154210,#154150,#154140));
#154240=FACE_OUTER_BOUND('',#154230,.T.);
#154250=ADVANCED_FACE('',(#154240),#154130,.T.);
#154260=CARTESIAN_POINT('',(47.34,49.265,11.725));
#154270=DIRECTION('',(0.371390676354106,-0.928476690885259,-0.));
#154280=DIRECTION('',(0.928476690885258,0.371390676354106,0.));
#154290=AXIS2_PLACEMENT_3D('',#154260,#154270,#154280);
#154300=PLANE('',#154290);
#154310=ORIENTED_EDGE('',*,*,#154200,.T.);
#154320=ORIENTED_EDGE('',*,*,#153720,.F.);
#154330=CARTESIAN_POINT('',(47.34,49.265,11.875));
#154340=DIRECTION('',(0.,0.,-1.));
#154350=VECTOR('',#154340,1.);
#154360=LINE('',#154330,#154350);
#154370=EDGE_CURVE('',#153630,#151710,#154360,.T.);
#154380=ORIENTED_EDGE('',*,*,#154370,.F.);
#154390=ORIENTED_EDGE('',*,*,#151720,.F.);
#154400=EDGE_LOOP('',(#154390,#154380,#154320,#154310));
#154410=FACE_OUTER_BOUND('',#154400,.T.);
#154420=ADVANCED_FACE('',(#154410),#154300,.T.);
#154430=CARTESIAN_POINT('',(47.38,49.265,11.725));
#154440=DIRECTION('',(-0.,-1.,-0.));
#154450=DIRECTION('',(1.,0.,0.));
#154460=AXIS2_PLACEMENT_3D('',#154430,#154440,#154450);
#154470=PLANE('',#154460);
#154480=ORIENTED_EDGE('',*,*,#154370,.T.);
#154490=ORIENTED_EDGE('',*,*,#153640,.F.);
#154500=CARTESIAN_POINT('',(47.38,49.265,11.875));
#154510=DIRECTION('',(0.,0.,-1.));
#154520=VECTOR('',#154510,1.);
#154530=LINE('',#154500,#154520);
#154540=EDGE_CURVE('',#153550,#151790,#154530,.T.);
#154550=ORIENTED_EDGE('',*,*,#154540,.F.);
#154560=ORIENTED_EDGE('',*,*,#151800,.T.);
#154570=EDGE_LOOP('',(#154560,#154550,#154490,#154480));
#154580=FACE_OUTER_BOUND('',#154570,.T.);
#154590=ADVANCED_FACE('',(#154580),#154470,.T.);
#154600=CARTESIAN_POINT('',(47.38,49.235,11.725));
#154610=DIRECTION('',(-0.,-0.,1.));
#154620=DIRECTION('',(-1.,0.,-0.));
#154630=AXIS2_PLACEMENT_3D('',#154600,#154610,#154620);
#154640=CYLINDRICAL_SURFACE('',#154630,0.03);
#154650=ORIENTED_EDGE('',*,*,#154540,.T.);
#154660=ORIENTED_EDGE('',*,*,#153560,.F.);
#154670=CARTESIAN_POINT('',(47.41,49.235,11.725));
#154680=DIRECTION('',(0.,0.,1.));
#154690=VECTOR('',#154680,1.);
#154700=LINE('',#154670,#154690);
#154710=EDGE_CURVE('',#151880,#153460,#154700,.T.);
#154720=ORIENTED_EDGE('',*,*,#154710,.T.);
#154730=ORIENTED_EDGE('',*,*,#151890,.F.);
#154740=EDGE_LOOP('',(#154730,#154720,#154660,#154650));
#154750=FACE_OUTER_BOUND('',#154740,.T.);
#154760=ADVANCED_FACE('',(#154750),#154640,.F.);
#154770=CARTESIAN_POINT('',(47.51,49.235,11.725));
#154780=DIRECTION('',(-5.96744875736022E-15,-1.,-0.));
#154790=DIRECTION('',(1.,-5.96744875736022E-15,0.));
#154800=AXIS2_PLACEMENT_3D('',#154770,#154780,#154790);
#154810=PLANE('',#154800);
#154820=ORIENTED_EDGE('',*,*,#154710,.F.);
#154830=ORIENTED_EDGE('',*,*,#153470,.F.);
#154840=ORIENTED_EDGE('',*,*,#116140,.F.);
#154850=ORIENTED_EDGE('',*,*,#151950,.T.);
#154860=EDGE_LOOP('',(#154850,#154840,#154830,#154820));
#154870=FACE_OUTER_BOUND('',#154860,.T.);
#154880=ADVANCED_FACE('',(#154870),#154810,.T.);
#154890=CARTESIAN_POINT('',(48.0687715809733,49.745,11.325));
#154900=DIRECTION('',(-0.,-0.,1.));
#154910=DIRECTION('',(1.,0.,-0.));
#154920=AXIS2_PLACEMENT_3D('',#154890,#154900,#154910);
#154930=PLANE('',#154920);
#154940=CARTESIAN_POINT('',(46.86,49.255,11.325));
#154950=DIRECTION('',(0.,-0.,-1.));
#154960=DIRECTION('',(7.10542735760141E-13,-1.,0.));
#154970=AXIS2_PLACEMENT_3D('',#154940,#154950,#154960);
#154980=CIRCLE('',#154970,0.05);
#154990=CARTESIAN_POINT('',(46.86,49.205,11.325));
#155000=VERTEX_POINT('',#154990);
#155010=CARTESIAN_POINT('',(46.81,49.255,11.325));
#155020=VERTEX_POINT('',#155010);
#155030=EDGE_CURVE('',#155000,#155020,#154980,.T.);
#155040=ORIENTED_EDGE('',*,*,#155030,.T.);
#155050=CARTESIAN_POINT('',(47.24,49.225,11.325));
#155060=DIRECTION('',(-0.998617829332511,-0.052558833122745,0.));
#155070=VECTOR('',#155060,1.);
#155080=LINE('',#155050,#155070);
#155090=CARTESIAN_POINT('',(47.24,49.225,11.325));
#155100=VERTEX_POINT('',#155090);
#155110=EDGE_CURVE('',#155100,#155000,#155080,.T.);
#155120=ORIENTED_EDGE('',*,*,#155110,.T.);
#155130=CARTESIAN_POINT('',(47.34,49.265,11.325));
#155140=DIRECTION('',(-0.928476690885273,-0.37139067635407,0.));
#155150=VECTOR('',#155140,1.);
#155160=LINE('',#155130,#155150);
#155170=CARTESIAN_POINT('',(47.34,49.265,11.325));
#155180=VERTEX_POINT('',#155170);
#155190=EDGE_CURVE('',#155180,#155100,#155160,.T.);
#155200=ORIENTED_EDGE('',*,*,#155190,.T.);
#155210=CARTESIAN_POINT('',(47.34,49.265,11.325));
#155220=DIRECTION('',(1.,0.,0.));
#155230=VECTOR('',#155220,1.);
#155240=LINE('',#155210,#155230);
#155250=CARTESIAN_POINT('',(47.38,49.265,11.325));
#155260=VERTEX_POINT('',#155250);
#155270=EDGE_CURVE('',#155180,#155260,#155240,.T.);
#155280=ORIENTED_EDGE('',*,*,#155270,.F.);
#155290=CARTESIAN_POINT('',(47.38,49.235,11.325));
#155300=DIRECTION('',(0.,0.,1.));
#155310=DIRECTION('',(1.,0.,0.));
#155320=AXIS2_PLACEMENT_3D('',#155290,#155300,#155310);
#155330=CIRCLE('',#155320,0.03);
#155340=CARTESIAN_POINT('',(47.41,49.235,11.325));
#155350=VERTEX_POINT('',#155340);
#155360=EDGE_CURVE('',#155350,#155260,#155330,.T.);
#155370=ORIENTED_EDGE('',*,*,#155360,.T.);
#155380=CARTESIAN_POINT('',(47.41,49.235,11.325));
#155390=DIRECTION('',(1.,0.,0.));
#155400=VECTOR('',#155390,1.);
#155410=LINE('',#155380,#155400);
#155420=EDGE_CURVE('',#155350,#11920,#155410,.T.);
#155430=ORIENTED_EDGE('',*,*,#155420,.F.);
#155440=ORIENTED_EDGE('',*,*,#11930,.T.);
#155450=ORIENTED_EDGE('',*,*,#11160,.T.);
#155460=CARTESIAN_POINT('',(47.36,49.485,11.325));
#155470=DIRECTION('',(0.,1.,0.));
#155480=VECTOR('',#155470,1.);
#155490=LINE('',#155460,#155480);
#155500=CARTESIAN_POINT('',(47.36,49.485,11.325));
#155510=VERTEX_POINT('',#155500);
#155520=EDGE_CURVE('',#155510,#11070,#155490,.T.);
#155530=ORIENTED_EDGE('',*,*,#155520,.T.);
#155540=CARTESIAN_POINT('',(47.36,49.425,11.325));
#155550=DIRECTION('',(0.,0.,1.));
#155560=DIRECTION('',(7.10542735760073E-13,-1.,0.));
#155570=AXIS2_PLACEMENT_3D('',#155540,#155550,#155560);
#155580=CIRCLE('',#155570,0.06);
#155590=CARTESIAN_POINT('',(47.36,49.365,11.325));
#155600=VERTEX_POINT('',#155590);
#155610=EDGE_CURVE('',#155600,#155510,#155580,.T.);
#155620=ORIENTED_EDGE('',*,*,#155610,.T.);
#155630=CARTESIAN_POINT('',(46.81,49.365,11.325));
#155640=DIRECTION('',(1.,0.,0.));
#155650=VECTOR('',#155640,1.);
#155660=LINE('',#155630,#155650);
#155670=CARTESIAN_POINT('',(46.81,49.365,11.325));
#155680=VERTEX_POINT('',#155670);
#155690=EDGE_CURVE('',#155680,#155600,#155660,.T.);
#155700=ORIENTED_EDGE('',*,*,#155690,.T.);
#155710=CARTESIAN_POINT('',(46.81,49.255,11.325));
#155720=DIRECTION('',(0.,1.,0.));
#155730=VECTOR('',#155720,1.);
#155740=LINE('',#155710,#155730);
#155750=EDGE_CURVE('',#155020,#155680,#155740,.T.);
#155760=ORIENTED_EDGE('',*,*,#155750,.T.);
#155770=EDGE_LOOP('',(#155760,#155700,#155620,#155530,#155450,#155440,
#155430,#155370,#155280,#155200,#155120,#155040));
#155780=FACE_OUTER_BOUND('',#155770,.T.);
#155790=ADVANCED_FACE('',(#155780),#154930,.F.);
#155800=CARTESIAN_POINT('',(46.81,49.255,11.325));
#155810=DIRECTION('',(-1.,-0.,-0.));
#155820=DIRECTION('',(0.,-1.,0.));
#155830=AXIS2_PLACEMENT_3D('',#155800,#155810,#155820);
#155840=PLANE('',#155830);
#155850=CARTESIAN_POINT('',(46.81,49.365,11.475));
#155860=DIRECTION('',(0.,0.,-1.));
#155870=VECTOR('',#155860,1.);
#155880=LINE('',#155850,#155870);
#155890=CARTESIAN_POINT('',(46.81,49.365,11.475));
#155900=VERTEX_POINT('',#155890);
#155910=EDGE_CURVE('',#155900,#155680,#155880,.T.);
#155920=ORIENTED_EDGE('',*,*,#155910,.T.);
#155930=CARTESIAN_POINT('',(46.81,49.255,11.475));
#155940=DIRECTION('',(0.,1.,0.));
#155950=VECTOR('',#155940,1.);
#155960=LINE('',#155930,#155950);
#155970=CARTESIAN_POINT('',(46.81,49.255,11.475));
#155980=VERTEX_POINT('',#155970);
#155990=EDGE_CURVE('',#155980,#155900,#155960,.T.);
#156000=ORIENTED_EDGE('',*,*,#155990,.T.);
#156010=CARTESIAN_POINT('',(46.81,49.255,11.475));
#156020=DIRECTION('',(0.,0.,-1.));
#156030=VECTOR('',#156020,1.);
#156040=LINE('',#156010,#156030);
#156050=EDGE_CURVE('',#155980,#155020,#156040,.T.);
#156060=ORIENTED_EDGE('',*,*,#156050,.F.);
#156070=ORIENTED_EDGE('',*,*,#155750,.F.);
#156080=EDGE_LOOP('',(#156070,#156060,#156000,#155920));
#156090=FACE_OUTER_BOUND('',#156080,.T.);
#156100=ADVANCED_FACE('',(#156090),#155840,.T.);
#156110=CARTESIAN_POINT('',(46.81,49.365,11.325));
#156120=DIRECTION('',(-0.,1.,-0.));
#156130=DIRECTION('',(-1.,-0.,0.));
#156140=AXIS2_PLACEMENT_3D('',#156110,#156120,#156130);
#156150=PLANE('',#156140);
#156160=CARTESIAN_POINT('',(47.36,49.365,11.325));
#156170=DIRECTION('',(0.,0.,1.));
#156180=VECTOR('',#156170,1.);
#156190=LINE('',#156160,#156180);
#156200=CARTESIAN_POINT('',(47.36,49.365,11.475));
#156210=VERTEX_POINT('',#156200);
#156220=EDGE_CURVE('',#155600,#156210,#156190,.T.);
#156230=ORIENTED_EDGE('',*,*,#156220,.F.);
#156240=CARTESIAN_POINT('',(46.81,49.365,11.475));
#156250=DIRECTION('',(1.,0.,0.));
#156260=VECTOR('',#156250,1.);
#156270=LINE('',#156240,#156260);
#156280=EDGE_CURVE('',#155900,#156210,#156270,.T.);
#156290=ORIENTED_EDGE('',*,*,#156280,.T.);
#156300=ORIENTED_EDGE('',*,*,#155910,.F.);
#156310=ORIENTED_EDGE('',*,*,#155690,.F.);
#156320=EDGE_LOOP('',(#156310,#156300,#156290,#156230));
#156330=FACE_OUTER_BOUND('',#156320,.T.);
#156340=ADVANCED_FACE('',(#156330),#156150,.T.);
#156350=CARTESIAN_POINT('',(47.36,49.425,11.325));
#156360=DIRECTION('',(-0.,-0.,1.));
#156370=DIRECTION('',(-1.,0.,-0.));
#156380=AXIS2_PLACEMENT_3D('',#156350,#156360,#156370);
#156390=CYLINDRICAL_SURFACE('',#156380,0.06);
#156400=CARTESIAN_POINT('',(47.36,49.485,11.475));
#156410=DIRECTION('',(0.,0.,-1.));
#156420=VECTOR('',#156410,1.);
#156430=LINE('',#156400,#156420);
#156440=CARTESIAN_POINT('',(47.36,49.485,11.475));
#156450=VERTEX_POINT('',#156440);
#156460=EDGE_CURVE('',#156450,#155510,#156430,.T.);
#156470=ORIENTED_EDGE('',*,*,#156460,.T.);
#156480=CARTESIAN_POINT('',(47.36,49.425,11.475));
#156490=DIRECTION('',(0.,0.,-1.));
#156500=DIRECTION('',(1.,0.,0.));
#156510=AXIS2_PLACEMENT_3D('',#156480,#156490,#156500);
#156520=CIRCLE('',#156510,0.06);
#156530=EDGE_CURVE('',#156450,#156210,#156520,.T.);
#156540=ORIENTED_EDGE('',*,*,#156530,.F.);
#156550=ORIENTED_EDGE('',*,*,#156220,.T.);
#156560=ORIENTED_EDGE('',*,*,#155610,.F.);
#156570=EDGE_LOOP('',(#156560,#156550,#156540,#156470));
#156580=FACE_OUTER_BOUND('',#156570,.T.);
#156590=ADVANCED_FACE('',(#156580),#156390,.F.);
#156600=CARTESIAN_POINT('',(47.36,49.485,11.325));
#156610=DIRECTION('',(-1.,-0.,-0.));
#156620=DIRECTION('',(0.,-1.,0.));
#156630=AXIS2_PLACEMENT_3D('',#156600,#156610,#156620);
#156640=PLANE('',#156630);
#156650=ORIENTED_EDGE('',*,*,#11080,.T.);
#156660=CARTESIAN_POINT('',(47.36,49.485,11.475));
#156670=DIRECTION('',(0.,1.,0.));
#156680=VECTOR('',#156670,1.);
#156690=LINE('',#156660,#156680);
#156700=EDGE_CURVE('',#156450,#10990,#156690,.T.);
#156710=ORIENTED_EDGE('',*,*,#156700,.T.);
#156720=ORIENTED_EDGE('',*,*,#156460,.F.);
#156730=ORIENTED_EDGE('',*,*,#155520,.F.);
#156740=EDGE_LOOP('',(#156730,#156720,#156710,#156650));
#156750=FACE_OUTER_BOUND('',#156740,.T.);
#156760=ADVANCED_FACE('',(#156750),#156640,.T.);
#156770=CARTESIAN_POINT('',(48.0687715809733,49.745,11.475));
#156780=DIRECTION('',(-0.,-0.,1.));
#156790=DIRECTION('',(1.,0.,-0.));
#156800=AXIS2_PLACEMENT_3D('',#156770,#156780,#156790);
#156810=PLANE('',#156800);
#156820=ORIENTED_EDGE('',*,*,#155990,.F.);
#156830=ORIENTED_EDGE('',*,*,#156280,.F.);
#156840=ORIENTED_EDGE('',*,*,#156530,.T.);
#156850=ORIENTED_EDGE('',*,*,#156700,.F.);
#156860=ORIENTED_EDGE('',*,*,#11000,.F.);
#156870=ORIENTED_EDGE('',*,*,#12070,.F.);
#156880=CARTESIAN_POINT('',(47.41,49.235,11.475));
#156890=DIRECTION('',(1.,0.,0.));
#156900=VECTOR('',#156890,1.);
#156910=LINE('',#156880,#156900);
#156920=CARTESIAN_POINT('',(47.41,49.235,11.475));
#156930=VERTEX_POINT('',#156920);
#156940=EDGE_CURVE('',#156930,#12000,#156910,.T.);
#156950=ORIENTED_EDGE('',*,*,#156940,.T.);
#156960=CARTESIAN_POINT('',(47.38,49.235,11.475));
#156970=DIRECTION('',(0.,0.,-1.));
#156980=DIRECTION('',(0.,1.,0.));
#156990=AXIS2_PLACEMENT_3D('',#156960,#156970,#156980);
#157000=CIRCLE('',#156990,0.03);
#157010=CARTESIAN_POINT('',(47.38,49.265,11.475));
#157020=VERTEX_POINT('',#157010);
#157030=EDGE_CURVE('',#157020,#156930,#157000,.T.);
#157040=ORIENTED_EDGE('',*,*,#157030,.T.);
#157050=CARTESIAN_POINT('',(47.34,49.265,11.475));
#157060=DIRECTION('',(1.,0.,0.));
#157070=VECTOR('',#157060,1.);
#157080=LINE('',#157050,#157070);
#157090=CARTESIAN_POINT('',(47.34,49.265,11.475));
#157100=VERTEX_POINT('',#157090);
#157110=EDGE_CURVE('',#157100,#157020,#157080,.T.);
#157120=ORIENTED_EDGE('',*,*,#157110,.T.);
#157130=CARTESIAN_POINT('',(47.24,49.225,11.475));
#157140=DIRECTION('',(0.928476690885273,0.37139067635407,0.));
#157150=VECTOR('',#157140,1.);
#157160=LINE('',#157130,#157150);
#157170=CARTESIAN_POINT('',(47.24,49.225,11.475));
#157180=VERTEX_POINT('',#157170);
#157190=EDGE_CURVE('',#157180,#157100,#157160,.T.);
#157200=ORIENTED_EDGE('',*,*,#157190,.T.);
#157210=CARTESIAN_POINT('',(46.86,49.205,11.475));
#157220=DIRECTION('',(0.998617829332511,0.052558833122745,0.));
#157230=VECTOR('',#157220,1.);
#157240=LINE('',#157210,#157230);
#157250=CARTESIAN_POINT('',(46.8599999999999,49.205,11.475));
#157260=VERTEX_POINT('',#157250);
#157270=EDGE_CURVE('',#157260,#157180,#157240,.T.);
#157280=ORIENTED_EDGE('',*,*,#157270,.T.);
#157290=CARTESIAN_POINT('',(46.86,49.255,11.475));
#157300=DIRECTION('',(0.,0.,1.));
#157310=DIRECTION('',(-1.,0.,0.));
#157320=AXIS2_PLACEMENT_3D('',#157290,#157300,#157310);
#157330=CIRCLE('',#157320,0.05);
#157340=EDGE_CURVE('',#155980,#157260,#157330,.T.);
#157350=ORIENTED_EDGE('',*,*,#157340,.T.);
#157360=EDGE_LOOP('',(#157350,#157280,#157200,#157120,#157040,#156950,
#156870,#156860,#156850,#156840,#156830,#156820));
#157370=FACE_OUTER_BOUND('',#157360,.T.);
#157380=ADVANCED_FACE('',(#157370),#156810,.T.);
#157390=CARTESIAN_POINT('',(46.86,49.255,11.325));
#157400=DIRECTION('',(-0.,-0.,-1.));
#157410=DIRECTION('',(1.,0.,0.));
#157420=AXIS2_PLACEMENT_3D('',#157390,#157400,#157410);
#157430=CYLINDRICAL_SURFACE('',#157420,0.05);
#157440=ORIENTED_EDGE('',*,*,#156050,.T.);
#157450=ORIENTED_EDGE('',*,*,#157340,.F.);
#157460=CARTESIAN_POINT('',(46.86,49.205,11.325));
#157470=DIRECTION('',(0.,0.,1.));
#157480=VECTOR('',#157470,1.);
#157490=LINE('',#157460,#157480);
#157500=EDGE_CURVE('',#155000,#157260,#157490,.T.);
#157510=ORIENTED_EDGE('',*,*,#157500,.T.);
#157520=ORIENTED_EDGE('',*,*,#155030,.F.);
#157530=EDGE_LOOP('',(#157520,#157510,#157450,#157440));
#157540=FACE_OUTER_BOUND('',#157530,.T.);
#157550=ADVANCED_FACE('',(#157540),#157430,.T.);
#157560=CARTESIAN_POINT('',(47.24,49.225,11.325));
#157570=DIRECTION('',(0.0525588331227304,-0.998617829332512,-0.));
#157580=DIRECTION('',(0.998617829332512,0.0525588331227304,0.));
#157590=AXIS2_PLACEMENT_3D('',#157560,#157570,#157580);
#157600=PLANE('',#157590);
#157610=ORIENTED_EDGE('',*,*,#157500,.F.);
#157620=ORIENTED_EDGE('',*,*,#157270,.F.);
#157630=CARTESIAN_POINT('',(47.24,49.225,11.475));
#157640=DIRECTION('',(0.,0.,-1.));
#157650=VECTOR('',#157640,1.);
#157660=LINE('',#157630,#157650);
#157670=EDGE_CURVE('',#157180,#155100,#157660,.T.);
#157680=ORIENTED_EDGE('',*,*,#157670,.F.);
#157690=ORIENTED_EDGE('',*,*,#155110,.F.);
#157700=EDGE_LOOP('',(#157690,#157680,#157620,#157610));
#157710=FACE_OUTER_BOUND('',#157700,.T.);
#157720=ADVANCED_FACE('',(#157710),#157600,.T.);
#157730=CARTESIAN_POINT('',(47.34,49.265,11.325));
#157740=DIRECTION('',(0.371390676354106,-0.928476690885259,-0.));
#157750=DIRECTION('',(0.928476690885258,0.371390676354106,0.));
#157760=AXIS2_PLACEMENT_3D('',#157730,#157740,#157750);
#157770=PLANE('',#157760);
#157780=ORIENTED_EDGE('',*,*,#157670,.T.);
#157790=ORIENTED_EDGE('',*,*,#157190,.F.);
#157800=CARTESIAN_POINT('',(47.34,49.265,11.475));
#157810=DIRECTION('',(0.,0.,-1.));
#157820=VECTOR('',#157810,1.);
#157830=LINE('',#157800,#157820);
#157840=EDGE_CURVE('',#157100,#155180,#157830,.T.);
#157850=ORIENTED_EDGE('',*,*,#157840,.F.);
#157860=ORIENTED_EDGE('',*,*,#155190,.F.);
#157870=EDGE_LOOP('',(#157860,#157850,#157790,#157780));
#157880=FACE_OUTER_BOUND('',#157870,.T.);
#157890=ADVANCED_FACE('',(#157880),#157770,.T.);
#157900=CARTESIAN_POINT('',(47.38,49.265,11.325));
#157910=DIRECTION('',(-0.,-1.,-0.));
#157920=DIRECTION('',(1.,0.,0.));
#157930=AXIS2_PLACEMENT_3D('',#157900,#157910,#157920);
#157940=PLANE('',#157930);
#157950=ORIENTED_EDGE('',*,*,#157840,.T.);
#157960=ORIENTED_EDGE('',*,*,#157110,.F.);
#157970=CARTESIAN_POINT('',(47.38,49.265,11.475));
#157980=DIRECTION('',(0.,0.,-1.));
#157990=VECTOR('',#157980,1.);
#158000=LINE('',#157970,#157990);
#158010=EDGE_CURVE('',#157020,#155260,#158000,.T.);
#158020=ORIENTED_EDGE('',*,*,#158010,.F.);
#158030=ORIENTED_EDGE('',*,*,#155270,.T.);
#158040=EDGE_LOOP('',(#158030,#158020,#157960,#157950));
#158050=FACE_OUTER_BOUND('',#158040,.T.);
#158060=ADVANCED_FACE('',(#158050),#157940,.T.);
#158070=CARTESIAN_POINT('',(47.38,49.235,11.325));
#158080=DIRECTION('',(-0.,-0.,1.));
#158090=DIRECTION('',(-1.,0.,-0.));
#158100=AXIS2_PLACEMENT_3D('',#158070,#158080,#158090);
#158110=CYLINDRICAL_SURFACE('',#158100,0.03);
#158120=ORIENTED_EDGE('',*,*,#158010,.T.);
#158130=ORIENTED_EDGE('',*,*,#157030,.F.);
#158140=CARTESIAN_POINT('',(47.41,49.235,11.325));
#158150=DIRECTION('',(0.,0.,1.));
#158160=VECTOR('',#158150,1.);
#158170=LINE('',#158140,#158160);
#158180=EDGE_CURVE('',#155350,#156930,#158170,.T.);
#158190=ORIENTED_EDGE('',*,*,#158180,.T.);
#158200=ORIENTED_EDGE('',*,*,#155360,.F.);
#158210=EDGE_LOOP('',(#158200,#158190,#158130,#158120));
#158220=FACE_OUTER_BOUND('',#158210,.T.);
#158230=ADVANCED_FACE('',(#158220),#158110,.F.);
#158240=CARTESIAN_POINT('',(47.51,49.235,11.325));
#158250=DIRECTION('',(-5.96744875736022E-15,-1.,-0.));
#158260=DIRECTION('',(1.,-5.96744875736022E-15,0.));
#158270=AXIS2_PLACEMENT_3D('',#158240,#158250,#158260);
#158280=PLANE('',#158270);
#158290=ORIENTED_EDGE('',*,*,#158180,.F.);
#158300=ORIENTED_EDGE('',*,*,#156940,.F.);
#158310=ORIENTED_EDGE('',*,*,#12010,.F.);
#158320=ORIENTED_EDGE('',*,*,#155420,.T.);
#158330=EDGE_LOOP('',(#158320,#158310,#158300,#158290));
#158340=FACE_OUTER_BOUND('',#158330,.T.);
#158350=ADVANCED_FACE('',(#158340),#158280,.T.);
#158360=CLOSED_SHELL('',(#480,#790,#1110,#1910,#2780,#11340,#11650,
#12120,#12360,#16600,#16820,#16990,#17390,#17560,#17730,#17900,#18300,
#18470,#18590,#19500,#19810,#20050,#20300,#20470,#21090,#21260,#21430,
#21600,#21770,#21940,#22060,#22970,#23280,#23520,#23770,#23940,#24560,
#24730,#24900,#25070,#25240,#25410,#25530,#25700,#26100,#26270,#27000,
#27800,#28040,#35710,#36590,#37230,#37470,#38270,#38810,#39140,#39380,
#39610,#39730,#39850,#39970,#40210,#41350,#41570,#41690,#42040,#42280,
#42520,#42690,#43620,#43790,#43960,#44130,#44300,#44470,#44640,#44810,
#44980,#45150,#45270,#45440,#45930,#46560,#47270,#47510,#48650,#48820,
#48990,#49480,#49650,#50010,#50250,#51300,#51470,#51590,#51760,#51930,
#52100,#52270,#52440,#52610,#52780,#52950,#53120,#53240,#53480,#53710,
#53830,#53950,#54280,#54590,#54840,#55840,#56150,#56390,#57230,#57410,
#57530,#57700,#60810,#61050,#61290,#61850,#62090,#62260,#62590,#62760,
#63240,#63480,#63940,#68140,#71180,#71490,#71900,#72210,#72680,#72920,
#73170,#73290,#73530,#73700,#73870,#74060,#74230,#74350,#74830,#75140,
#75530,#75840,#76170,#76410,#76580,#76870,#77040,#77160,#77280,#77400,
#77520,#78000,#78240,#78620,#78860,#79330,#79550,#79820,#79990,#80110,
#80280,#80400,#80570,#80690,#81170,#81410,#81790,#81960,#82200,#82440,
#82840,#83060,#83180,#83300,#83540,#83740,#83860,#84340,#84580,#84960,
#85200,#85670,#85840,#85960,#86200,#86450,#86620,#86790,#86910,#87030,
#87510,#87820,#88210,#88520,#88880,#89120,#89380,#89550,#89670,#89840,
#89960,#90080,#90200,#90320,#90490,#90660,#90830,#91000,#91120,#91600,
#91840,#92080,#92550,#92860,#93060,#93230,#93540,#93710,#93830,#94000,
#94170,#94290,#94770,#95310,#95620,#95940,#96110,#96230,#96400,#96710,
#96880,#97000,#97170,#97340,#97460,#97940,#98480,#98720,#98890,#99270,
#99440,#99760,#99880,#100050,#100170,#100340,#100510,#100630,#101110,
#101350,#101590,#102060,#102300,#102470,#102850,#103020,#103190,#103360,
#103560,#103680,#103800,#104280,#104520,#104760,#105230,#105470,#105640,
#106020,#106240,#106410,#106530,#106730,#106850,#106970,#107450,#107990,
#108300,#108620,#108790,#108910,#109080,#109390,#109560,#109680,#109850,
#110020,#110140,#110310,#110480,#110650,#110770,#110890,#111010,#111130,
#111450,#111630,#111800,#111920,#112040,#112950,#113260,#113500,#113750,
#113920,#114540,#114710,#114880,#115050,#115220,#115390,#115510,#115680,
#115850,#116250,#116420,#116590,#116760,#117160,#117330,#117500,#117670,
#118070,#118980,#119290,#119530,#119780,#119950,#120570,#120740,#120910,
#121080,#121250,#121420,#121540,#121710,#121880,#122050,#122450,#123360,
#123670,#123910,#124160,#124330,#124950,#125120,#125290,#125460,#125630,
#125800,#125920,#126090,#126260,#126430,#126830,#127740,#128050,#128290,
#128540,#128710,#129330,#129500,#129670,#129840,#130010,#130180,#130300,
#130470,#130640,#130810,#131210,#132120,#132430,#132670,#132920,#133090,
#133710,#133880,#134050,#134220,#134390,#134560,#134680,#134850,#135020,
#135190,#135590,#136500,#136810,#137050,#137300,#137470,#138090,#138260,
#138430,#138600,#138770,#138940,#139060,#139230,#139400,#139570,#139970,
#140880,#141190,#141430,#141680,#141850,#142470,#142640,#142810,#142980,
#143150,#143320,#143440,#143610,#143780,#143950,#144350,#145260,#145570,
#145810,#146060,#146230,#146850,#147020,#147190,#147360,#147530,#147700,
#147820,#147940,#148850,#149160,#149400,#149650,#149820,#150440,#150610,
#150780,#150950,#151120,#151290,#151410,#152320,#152630,#152870,#153120,
#153290,#153910,#154080,#154250,#154420,#154590,#154760,#154880,#155790,
#156100,#156340,#156590,#156760,#157380,#157550,#157720,#157890,#158060,
#158230,#158350));
#158370=MANIFOLD_SOLID_BREP('',#158360);
#158380=CARTESIAN_POINT('',(0.,0.,0.));
#158390=DIRECTION('',(0.,0.,1.));
#158400=DIRECTION('',(1.,0.,0.));
#158410=AXIS2_PLACEMENT_3D('',#158380,#158390,#158400);
#158420=APPLICATION_CONTEXT(' ');
#158430=APPLICATION_PROTOCOL_DEFINITION(' ','automotive_design',1998,
#158420);
#158440=PRODUCT_CONTEXT('',#158420,'mechanical');
#158450=PRODUCT_DEFINITION_CONTEXT('part definition',#158420,'design');
#158460=PRODUCT('TF29-13S-0_4SH','TF29-13S-0_4SH','',(#158440));
#158470=PRODUCT_RELATED_PRODUCT_CATEGORY('part',' ',(#158460));
#158480=PRODUCT_DEFINITION_FORMATION_WITH_SPECIFIED_SOURCE('','',#158460
,.BOUGHT.);
#158490=PRODUCT_DEFINITION('',' ',#158480,#158450);
#158500=PRODUCT_DEFINITION_SHAPE('','',#158490);
#158510=DIMENSIONAL_EXPONENTS(1.,0.,0.,0.,0.,0.,0.);
#158520=DIMENSIONAL_EXPONENTS(0.,0.,0.,0.,0.,0.,0.);
#158530=DIMENSIONAL_EXPONENTS(0.,0.,0.,0.,0.,0.,0.);
#158540=(LENGTH_UNIT() NAMED_UNIT(*) SI_UNIT(.MILLI.,.METRE.));
#158550=(NAMED_UNIT(*) PLANE_ANGLE_UNIT() SI_UNIT($,.RADIAN.));
#158560=(NAMED_UNIT(*) SI_UNIT($,.STERADIAN.) SOLID_ANGLE_UNIT());
#158570=(GEOMETRIC_REPRESENTATION_CONTEXT(3) 
GLOBAL_UNCERTAINTY_ASSIGNED_CONTEXT((#158580)) 
GLOBAL_UNIT_ASSIGNED_CONTEXT((#158540,#158550,#158560)) 
REPRESENTATION_CONTEXT('',''));
#158580=UNCERTAINTY_MEASURE_WITH_UNIT(LENGTH_MEASURE(0.00073),#158540,
'distance_accuracy_value','maximum gap value');
#158590=ADVANCED_BREP_SHAPE_REPRESENTATION('',(#158410,#158370),#158570)
;
#158600=SHAPE_DEFINITION_REPRESENTATION(#158500,#158590);
#158610=COLOUR_RGB('',0.600000023841858,0.600000023841858,
0.600000023841858);
#158620=FILL_AREA_STYLE_COLOUR('',#158610);
#158630=FILL_AREA_STYLE('',(#158620));
#158640=SURFACE_STYLE_FILL_AREA(#158630);
#158650=SURFACE_SIDE_STYLE('',(#158640));
#158660=SURFACE_STYLE_USAGE(.BOTH.,#158650);
#158670=PRESENTATION_STYLE_ASSIGNMENT((#158660));
#158680=STYLED_ITEM('',(#158670),#158370);
#158690=DRAUGHTING_MODEL('',(#158680),#158570);
#158700=CARTESIAN_POINT('',(-12.725,-46.81,-49.365));
#158710=DIRECTION('',(1.,0.,0.));
#158720=DIRECTION('',(0.,1.,0.));
#158730=AXIS2_PLACEMENT_3D('',#158700,#158710,#158720);
#158740=ITEM_DEFINED_TRANSFORMATION('TF29-13S-0_4SH','',#158410,#158730)
;
#158750=APPLICATION_CONTEXT(' ');
#158760=APPLICATION_PROTOCOL_DEFINITION(' ','automotive_design',1998,
#158750);
#158770=PRODUCT_CONTEXT('',#158750,'mechanical');
#158780=PRODUCT_DEFINITION_CONTEXT('part definition',#158750,'design');
#158790=PRODUCT('TF29-13S-0_4SH','TF29-13S-0_4SH','',(#158770));
#158800=PRODUCT_RELATED_PRODUCT_CATEGORY('part',' ',(#158790));
#158810=PRODUCT_DEFINITION_FORMATION_WITH_SPECIFIED_SOURCE('','',#158790
,.BOUGHT.);
#158820=PRODUCT_DEFINITION('',' ',#158810,#158780);
#158830=PRODUCT_DEFINITION_SHAPE('','',#158820);
#158840=DIMENSIONAL_EXPONENTS(1.,0.,0.,0.,0.,0.,0.);
#158850=DIMENSIONAL_EXPONENTS(0.,0.,0.,0.,0.,0.,0.);
#158860=DIMENSIONAL_EXPONENTS(0.,0.,0.,0.,0.,0.,0.);
#158870=(LENGTH_UNIT() NAMED_UNIT(*) SI_UNIT(.MILLI.,.METRE.));
#158880=(NAMED_UNIT(*) PLANE_ANGLE_UNIT() SI_UNIT($,.RADIAN.));
#158890=(NAMED_UNIT(*) SI_UNIT($,.STERADIAN.) SOLID_ANGLE_UNIT());
#158900=(GEOMETRIC_REPRESENTATION_CONTEXT(3) 
GLOBAL_UNCERTAINTY_ASSIGNED_CONTEXT((#158910)) 
GLOBAL_UNIT_ASSIGNED_CONTEXT((#158870,#158880,#158890)) 
REPRESENTATION_CONTEXT('',''));
#158910=UNCERTAINTY_MEASURE_WITH_UNIT(LENGTH_MEASURE(0.00073),#158870,
'distance_accuracy_value','maximum gap value');
#158920=SHAPE_REPRESENTATION('',(#158410,#158730),#158900);
#158930=SHAPE_DEFINITION_REPRESENTATION(#158830,#158920);
#158940=(REPRESENTATION_RELATIONSHIP('','',#158590,#158920) 
REPRESENTATION_RELATIONSHIP_WITH_TRANSFORMATION(#158740) 
SHAPE_REPRESENTATION_RELATIONSHIP());
#158950=NEXT_ASSEMBLY_USAGE_OCCURRENCE('1','','TF29-13S-0_4SH',#158820,
#158490,'');
#158960=PRODUCT_DEFINITION_SHAPE('','',#158950);
#158970=CONTEXT_DEPENDENT_SHAPE_REPRESENTATION(#158940,#158960);
ENDSEC;
END-ISO-10303-21;
